PlayerID	PlayerName	Type	Reason	TeamAPI	Team	TeamID	FixtureID	FixtureDate
153434	W. Fish	Missing Fixture	Ankle Injury	Manchester United	Man United	33	1208021	2024-08-16T19:00:00+00:00
288006	R. Hojlund	Missing Fixture	Muscle Injury	Manchester United	Man United	33	1208021	2024-08-16T19:00:00+00:00
37145	T. Malacia	Missing Fixture	Knee Injury	Manchester United	Man United	33	1208021	2024-08-16T19:00:00+00:00
891	L. Shaw	Missing Fixture	Health problems	Manchester United	Man United	33	1208021	2024-08-16T19:00:00+00:00
342970	L. Yoro	Missing Fixture	Ankle Injury	Manchester United	Man United	33	1208021	2024-08-16T19:00:00+00:00
889	V. Lindelof	Questionable	Injury	Manchester United	Man United	33	1208021	2024-08-16T19:00:00+00:00
126791	N. Broadhead	Missing Fixture	Thigh Injury	Ipswich	Ipswich	57	1208022	2024-08-17T11:30:00+00:00
138836	H. Clarke	Missing Fixture	Achilles Tendon Injury	Ipswich	Ipswich	57	1208022	2024-08-17T11:30:00+00:00
20167	J. Donacien	Missing Fixture	Groin Injury	Ipswich	Ipswich	57	1208022	2024-08-17T11:30:00+00:00
8794	G. Hirst	Missing Fixture	Knee Injury	Ipswich	Ipswich	57	1208022	2024-08-17T11:30:00+00:00
326763	C. Humphreys	Questionable	Injury	Ipswich	Ipswich	57	1208022	2024-08-17T11:30:00+00:00
334729	B. Clark	Missing Fixture	Back Injury	Liverpool	Liverpool	40	1208022	2024-08-17T11:30:00+00:00
1117	K. Tierney	Missing Fixture	Muscle Injury	Arsenal	Arsenal	42	1208023	2024-08-17T14:00:00+00:00
2597	T. Tomiyasu	Missing Fixture	Knee Injury	Arsenal	Arsenal	42	1208023	2024-08-17T14:00:00+00:00
41725	F. Vieira	Questionable	Groin Injury	Arsenal	Arsenal	42	1208023	2024-08-17T14:00:00+00:00
380653	L. Chiwome	Missing Fixture	Ankle Injury	Wolves	Wolves	39	1208023	2024-08-17T14:00:00+00:00
385726	E. Gonzalez	Missing Fixture	Knee Injury	Wolves	Wolves	39	1208023	2024-08-17T14:00:00+00:00
7722	S. Kalajdzic	Missing Fixture	Knee Injury	Wolves	Wolves	39	1208023	2024-08-17T14:00:00+00:00
130	N. Semedo	Missing Fixture	Red Card	Wolves	Wolves	39	1208023	2024-08-17T14:00:00+00:00
330412	Chermiti	Missing Fixture	Ankle Injury	Everton	Everton	45	1208024	2024-08-17T14:00:00+00:00
18758	S. Coleman	Missing Fixture	Calf Injury	Everton	Everton	45	1208024	2024-08-17T14:00:00+00:00
895	J. Garner	Missing Fixture	Calf Injury	Everton	Everton	45	1208024	2024-08-17T14:00:00+00:00
138417	N. Patterson	Missing Fixture	Thigh Injury	Everton	Everton	45	1208024	2024-08-17T14:00:00+00:00
17661	J. Branthwaite	Questionable	Groin Injury	Everton	Everton	45	1208024	2024-08-17T14:00:00+00:00
70747	J. Enciso	Missing Fixture	Knee Injury	Brighton	Brighton	51	1208024	2024-08-17T14:00:00+00:00
18973	S. March	Missing Fixture	Knee Injury	Brighton	Brighton	51	1208024	2024-08-17T14:00:00+00:00
129058	B. Verbruggen	Missing Fixture	Injury	Brighton	Brighton	51	1208024	2024-08-17T14:00:00+00:00
46731	P. Estupinan	Questionable	Ankle Injury	Brighton	Brighton	51	1208024	2024-08-17T14:00:00+00:00
129643	E. Ferguson	Questionable	Ankle Injury	Brighton	Brighton	51	1208024	2024-08-17T14:00:00+00:00
138815	T. Lamptey	Questionable	Injury	Brighton	Brighton	51	1208024	2024-08-17T14:00:00+00:00
38734	S. Botman	Missing Fixture	Knee Injury	Newcastle	Newcastle	34	1208025	2024-08-17T14:00:00+00:00
18894	J. Lascelles	Missing Fixture	Knee Injury	Newcastle	Newcastle	34	1208025	2024-08-17T14:00:00+00:00
328105	L. Miley	Missing Fixture	Back Injury	Newcastle	Newcastle	34	1208025	2024-08-17T14:00:00+00:00
31146	S. Tonali	Missing Fixture	Suspended	Newcastle	Newcastle	34	1208025	2024-08-17T14:00:00+00:00
2939	C. Wilson	Missing Fixture	Back Injury	Newcastle	Newcastle	34	1208025	2024-08-17T14:00:00+00:00
105971	G. Bazunu	Missing Fixture	Achilles Tendon Injury	Southampton	Southampton	41	1208025	2024-08-17T14:00:00+00:00
295	A. Lallana	Questionable	Injury	Southampton	Southampton	41	1208025	2024-08-17T14:00:00+00:00
45078	R. Stewart	Questionable	Injury	Southampton	Southampton	41	1208025	2024-08-17T14:00:00+00:00
199837	K. Sulemana	Questionable	Ankle Injury	Southampton	Southampton	41	1208025	2024-08-17T14:00:00+00:00
1150	T. Adams	Missing Fixture	Back Injury	Bournemouth	Bournemouth	35	1208026	2024-08-17T14:00:00+00:00
18870	D. Brooks	Missing Fixture	Shoulder Injury	Bournemouth	Bournemouth	35	1208026	2024-08-17T14:00:00+00:00
47499	E. Unal	Missing Fixture	Ankle Injury	Bournemouth	Bournemouth	35	1208026	2024-08-17T14:00:00+00:00
2869	E. Alvarez	Missing Fixture	Thigh Injury	West Ham	West Ham	48	1208027	2024-08-17T16:30:00+00:00
1904	B. Kamara	Missing Fixture	Knee Injury	Aston Villa	Aston Villa	66	1208027	2024-08-17T16:30:00+00:00
19179	T. Mings	Missing Fixture	Knee Injury	Aston Villa	Aston Villa	66	1208027	2024-08-17T16:30:00+00:00
19362	J. Dasilva	Missing Fixture	Knee Injury	Brentford	Brentford	55	1208028	2024-08-18T13:00:00+00:00
19346	R. Henry	Missing Fixture	Knee Injury	Brentford	Brentford	55	1208028	2024-08-18T13:00:00+00:00
44871	A. Hickey	Missing Fixture	Thigh Injury	Brentford	Brentford	55	1208028	2024-08-18T13:00:00+00:00
196156	I. Thiago	Missing Fixture	Knee Injury	Brentford	Brentford	55	1208028	2024-08-18T13:00:00+00:00
19974	I. Toney	Missing Fixture	Coach's decision	Brentford	Brentford	55	1208028	2024-08-18T13:00:00+00:00
311157	Matheus Franca	Missing Fixture	Muscle Injury	Crystal Palace	Crystal Palace	52	1208028	2024-08-18T13:00:00+00:00
67972	C. Gallagher	Missing Fixture	Injury	Chelsea	Chelsea	49	1208029	2024-08-18T15:30:00+00:00
329347	O. Kellyman	Missing Fixture	Injury	Chelsea	Chelsea	49	1208029	2024-08-18T15:30:00+00:00
278133	O. Bobb	Missing Fixture	Leg Injury	Manchester City	Man City	50	1208029	2024-08-18T15:30:00+00:00
44	Rodri	Questionable	Leg Injury	Manchester City	Man City	50	1208029	2024-08-18T15:30:00+00:00
18741	C. Coady	Missing Fixture	Thigh Injury	Leicester	Leicester	46	1208030	2024-08-19T19:00:00+00:00
1098	P. Daka	Missing Fixture	Ankle Injury	Leicester	Leicester	46	1208030	2024-08-19T19:00:00+00:00
405905	N. Opoku	Questionable	Broken Leg	Leicester	Leicester	46	1208030	2024-08-19T19:00:00+00:00
152969	L. Thomas	Questionable	Injury	Leicester	Leicester	46	1208030	2024-08-19T19:00:00+00:00
18968	Y. Bissouma	Missing Fixture	Suspended	Tottenham	Tottenham	47	1208030	2024-08-19T19:00:00+00:00
18932	F. Forster	Missing Fixture	Ankle Injury	Tottenham	Tottenham	47	1208030	2024-08-19T19:00:00+00:00
18973	S. March	Missing Fixture	Knee Injury	Brighton	Brighton	51	1208033	2024-08-24T11:30:00+00:00
129058	B. Verbruggen	Missing Fixture	Injury	Brighton	Brighton	51	1208033	2024-08-24T11:30:00+00:00
46731	P. Estupinan	Questionable	Ankle Injury	Brighton	Brighton	51	1208033	2024-08-24T11:30:00+00:00
129643	E. Ferguson	Questionable	Ankle Injury	Brighton	Brighton	51	1208033	2024-08-24T11:30:00+00:00
288006	R. Hojlund	Missing Fixture	Muscle Injury	Manchester United	Man United	33	1208033	2024-08-24T11:30:00+00:00
889	V. Lindelof	Missing Fixture	Injury	Manchester United	Man United	33	1208033	2024-08-24T11:30:00+00:00
37145	T. Malacia	Missing Fixture	Knee Injury	Manchester United	Man United	33	1208033	2024-08-24T11:30:00+00:00
891	L. Shaw	Missing Fixture	Health problems	Manchester United	Man United	33	1208033	2024-08-24T11:30:00+00:00
342970	L. Yoro	Missing Fixture	Ankle Injury	Manchester United	Man United	33	1208033	2024-08-24T11:30:00+00:00
311157	Matheus Franca	Missing Fixture	Muscle Injury	Crystal Palace	Crystal Palace	52	1208034	2024-08-24T14:00:00+00:00
18806	W. Hughes	Questionable	Illness	Crystal Palace	Crystal Palace	52	1208034	2024-08-24T14:00:00+00:00
18741	C. Coady	Missing Fixture	Thigh Injury	Leicester	Leicester	46	1208035	2024-08-24T14:00:00+00:00
1098	P. Daka	Missing Fixture	Ankle Injury	Leicester	Leicester	46	1208035	2024-08-24T14:00:00+00:00
405905	N. Opoku	Missing Fixture	Broken Leg	Leicester	Leicester	46	1208035	2024-08-24T14:00:00+00:00
152970	J. Stolarczyk	Missing Fixture	Ankle Injury	Leicester	Leicester	46	1208035	2024-08-24T14:00:00+00:00
152969	L. Thomas	Questionable	Injury	Leicester	Leicester	46	1208035	2024-08-24T14:00:00+00:00
278133	O. Bobb	Missing Fixture	Leg Injury	Manchester City	Man City	50	1208037	2024-08-24T14:00:00+00:00
44	Rodri	Questionable	Leg Injury	Manchester City	Man City	50	1208037	2024-08-24T14:00:00+00:00
126791	N. Broadhead	Missing Fixture	Thigh Injury	Ipswich	Ipswich	57	1208037	2024-08-24T14:00:00+00:00
20089	W. Burns	Missing Fixture	Thigh Injury	Ipswich	Ipswich	57	1208037	2024-08-24T14:00:00+00:00
138836	H. Clarke	Missing Fixture	Achilles Tendon Injury	Ipswich	Ipswich	57	1208037	2024-08-24T14:00:00+00:00
20167	J. Donacien	Missing Fixture	Groin Injury	Ipswich	Ipswich	57	1208037	2024-08-24T14:00:00+00:00
8794	G. Hirst	Missing Fixture	Knee Injury	Ipswich	Ipswich	57	1208037	2024-08-24T14:00:00+00:00
19130	K. Phillips	Missing Fixture	Injury	Ipswich	Ipswich	57	1208037	2024-08-24T14:00:00+00:00
105971	G. Bazunu	Missing Fixture	Achilles Tendon Injury	Southampton	Southampton	41	1208038	2024-08-24T14:00:00+00:00
295	A. Lallana	Questionable	Injury	Southampton	Southampton	41	1208038	2024-08-24T14:00:00+00:00
284264	J. Larios	Questionable	Lacking Match Fitness	Southampton	Southampton	41	1208038	2024-08-24T14:00:00+00:00
45078	R. Stewart	Questionable	Injury	Southampton	Southampton	41	1208038	2024-08-24T14:00:00+00:00
199837	K. Sulemana	Questionable	Ankle Injury	Southampton	Southampton	41	1208038	2024-08-24T14:00:00+00:00
275170	Danilo	Missing Fixture	Ankle Injury	Nottingham Forest	Nott'm Forest	65	1208038	2024-08-24T14:00:00+00:00
863	R. Bentancur	Missing Fixture	Head Injury	Tottenham	Tottenham	47	1208039	2024-08-24T14:00:00+00:00
18883	D. Solanke	Missing Fixture	Ankle Injury	Tottenham	Tottenham	47	1208039	2024-08-24T14:00:00+00:00
17661	J. Branthwaite	Missing Fixture	Groin Injury	Everton	Everton	45	1208039	2024-08-24T14:00:00+00:00
330412	Chermiti	Missing Fixture	Ankle Injury	Everton	Everton	45	1208039	2024-08-24T14:00:00+00:00
18758	S. Coleman	Missing Fixture	Calf Injury	Everton	Everton	45	1208039	2024-08-24T14:00:00+00:00
895	J. Garner	Missing Fixture	Calf Injury	Everton	Everton	45	1208039	2024-08-24T14:00:00+00:00
138417	N. Patterson	Missing Fixture	Thigh Injury	Everton	Everton	45	1208039	2024-08-24T14:00:00+00:00
894	A. Young	Missing Fixture	Red Card	Everton	Everton	45	1208039	2024-08-24T14:00:00+00:00
1904	B. Kamara	Missing Fixture	Knee Injury	Aston Villa	Aston Villa	66	1208032	2024-08-24T16:30:00+00:00
19179	T. Mings	Missing Fixture	Knee Injury	Aston Villa	Aston Villa	66	1208032	2024-08-24T16:30:00+00:00
643	Gabriel Jesus	Missing Fixture	Groin Injury	Arsenal	Arsenal	42	1208032	2024-08-24T16:30:00+00:00
1117	K. Tierney	Missing Fixture	Muscle Injury	Arsenal	Arsenal	42	1208032	2024-08-24T16:30:00+00:00
2597	T. Tomiyasu	Missing Fixture	Knee Injury	Arsenal	Arsenal	42	1208032	2024-08-24T16:30:00+00:00
41725	F. Vieira	Questionable	Groin Injury	Arsenal	Arsenal	42	1208032	2024-08-24T16:30:00+00:00
1150	T. Adams	Missing Fixture	Back Injury	Bournemouth	Bournemouth	35	1208031	2024-08-25T13:00:00+00:00
18870	D. Brooks	Missing Fixture	Shoulder Injury	Bournemouth	Bournemouth	35	1208031	2024-08-25T13:00:00+00:00
47499	E. Unal	Missing Fixture	Ankle Injury	Bournemouth	Bournemouth	35	1208031	2024-08-25T13:00:00+00:00
38734	S. Botman	Missing Fixture	Knee Injury	Newcastle	Newcastle	34	1208031	2024-08-25T13:00:00+00:00
18894	J. Lascelles	Missing Fixture	Knee Injury	Newcastle	Newcastle	34	1208031	2024-08-25T13:00:00+00:00
328105	L. Miley	Missing Fixture	Back Injury	Newcastle	Newcastle	34	1208031	2024-08-25T13:00:00+00:00
2806	F. Schar	Missing Fixture	Red Card	Newcastle	Newcastle	34	1208031	2024-08-25T13:00:00+00:00
31146	S. Tonali	Missing Fixture	Suspended	Newcastle	Newcastle	34	1208031	2024-08-25T13:00:00+00:00
138906	J. White	Missing Fixture	Injury	Newcastle	Newcastle	34	1208031	2024-08-25T13:00:00+00:00
2939	C. Wilson	Missing Fixture	Back Injury	Newcastle	Newcastle	34	1208031	2024-08-25T13:00:00+00:00
380653	L. Chiwome	Missing Fixture	Ankle Injury	Wolves	Wolves	39	1208040	2024-08-25T13:00:00+00:00
385726	E. Gonzalez	Missing Fixture	Knee Injury	Wolves	Wolves	39	1208040	2024-08-25T13:00:00+00:00
7722	S. Kalajdzic	Missing Fixture	Knee Injury	Wolves	Wolves	39	1208040	2024-08-25T13:00:00+00:00
130	N. Semedo	Missing Fixture	Suspended	Wolves	Wolves	39	1208040	2024-08-25T13:00:00+00:00
19362	J. Dasilva	Missing Fixture	Knee Injury	Brentford	Brentford	55	1208036	2024-08-25T15:30:00+00:00
19346	R. Henry	Missing Fixture	Knee Injury	Brentford	Brentford	55	1208036	2024-08-25T15:30:00+00:00
44871	A. Hickey	Missing Fixture	Thigh Injury	Brentford	Brentford	55	1208036	2024-08-25T15:30:00+00:00
196156	I. Thiago	Missing Fixture	Knee Injury	Brentford	Brentford	55	1208036	2024-08-25T15:30:00+00:00
643	Gabriel Jesus	Missing Fixture	Groin Injury	Arsenal	Arsenal	42	1208041	2024-08-31T11:30:00+00:00
47311	M. Merino	Missing Fixture	Shoulder Injury	Arsenal	Arsenal	42	1208041	2024-08-31T11:30:00+00:00
1117	K. Tierney	Missing Fixture	Muscle Injury	Arsenal	Arsenal	42	1208041	2024-08-31T11:30:00+00:00
2597	T. Tomiyasu	Missing Fixture	Knee Injury	Arsenal	Arsenal	42	1208041	2024-08-31T11:30:00+00:00
18973	S. March	Missing Fixture	Knee Injury	Brighton	Brighton	51	1208041	2024-08-31T11:30:00+00:00
19030	M. O'Riley	Missing Fixture	Ankle Injury	Brighton	Brighton	51	1208041	2024-08-31T11:30:00+00:00
328225	B. Gruda	Questionable	Lacking Match Fitness	Brighton	Brighton	51	1208041	2024-08-31T11:30:00+00:00
92993	M. Wieffer	Questionable	Lacking Match Fitness	Brighton	Brighton	51	1208041	2024-08-31T11:30:00+00:00
19362	J. Dasilva	Missing Fixture	Knee Injury	Brentford	Brentford	55	1208042	2024-08-31T14:00:00+00:00
19346	R. Henry	Missing Fixture	Knee Injury	Brentford	Brentford	55	1208042	2024-08-31T14:00:00+00:00
44871	A. Hickey	Missing Fixture	Thigh Injury	Brentford	Brentford	55	1208042	2024-08-31T14:00:00+00:00
196156	I. Thiago	Missing Fixture	Knee Injury	Brentford	Brentford	55	1208042	2024-08-31T14:00:00+00:00
105971	G. Bazunu	Missing Fixture	Achilles Tendon Injury	Southampton	Southampton	41	1208042	2024-08-31T14:00:00+00:00
45078	R. Stewart	Missing Fixture	Injury	Southampton	Southampton	41	1208042	2024-08-31T14:00:00+00:00
199837	K. Sulemana	Questionable	Ankle Injury	Southampton	Southampton	41	1208042	2024-08-31T14:00:00+00:00
17661	J. Branthwaite	Missing Fixture	Groin Injury	Everton	Everton	45	1208044	2024-08-31T14:00:00+00:00
330412	Chermiti	Missing Fixture	Ankle Injury	Everton	Everton	45	1208044	2024-08-31T14:00:00+00:00
138417	N. Patterson	Missing Fixture	Thigh Injury	Everton	Everton	45	1208044	2024-08-31T14:00:00+00:00
1150	T. Adams	Missing Fixture	Back Injury	Bournemouth	Bournemouth	35	1208044	2024-08-31T14:00:00+00:00
47499	E. Unal	Missing Fixture	Ankle Injury	Bournemouth	Bournemouth	35	1208044	2024-08-31T14:00:00+00:00
126791	N. Broadhead	Missing Fixture	Thigh Injury	Ipswich	Ipswich	57	1208045	2024-08-31T14:00:00+00:00
20089	W. Burns	Missing Fixture	Thigh Injury	Ipswich	Ipswich	57	1208045	2024-08-31T14:00:00+00:00
138836	H. Clarke	Missing Fixture	Achilles Tendon Injury	Ipswich	Ipswich	57	1208045	2024-08-31T14:00:00+00:00
20167	J. Donacien	Missing Fixture	Groin Injury	Ipswich	Ipswich	57	1208045	2024-08-31T14:00:00+00:00
8794	G. Hirst	Missing Fixture	Knee Injury	Ipswich	Ipswich	57	1208045	2024-08-31T14:00:00+00:00
1098	P. Daka	Missing Fixture	Ankle Injury	Leicester	Leicester	46	1208046	2024-08-31T14:00:00+00:00
405905	N. Opoku	Missing Fixture	Broken Leg	Leicester	Leicester	46	1208046	2024-08-31T14:00:00+00:00
152970	J. Stolarczyk	Missing Fixture	Ankle Injury	Leicester	Leicester	46	1208046	2024-08-31T14:00:00+00:00
19298	M. Cash	Missing Fixture	Thigh Injury	Aston Villa	Aston Villa	66	1208046	2024-08-31T14:00:00+00:00
21090	Diego Carlos	Missing Fixture	Injury	Aston Villa	Aston Villa	66	1208046	2024-08-31T14:00:00+00:00
1904	B. Kamara	Missing Fixture	Knee Injury	Aston Villa	Aston Villa	66	1208046	2024-08-31T14:00:00+00:00
19179	T. Mings	Missing Fixture	Knee Injury	Aston Villa	Aston Villa	66	1208046	2024-08-31T14:00:00+00:00
275170	Danilo	Missing Fixture	Ankle Injury	Nottingham Forest	Nott'm Forest	65	1208049	2024-08-31T14:00:00+00:00
380653	L. Chiwome	Missing Fixture	Ankle Injury	Wolves	Wolves	39	1208049	2024-08-31T14:00:00+00:00
385726	E. Gonzalez	Missing Fixture	Knee Injury	Wolves	Wolves	39	1208049	2024-08-31T14:00:00+00:00
7722	S. Kalajdzic	Missing Fixture	Knee Injury	Wolves	Wolves	39	1208049	2024-08-31T14:00:00+00:00
157912	B. Traore	Questionable	Knee Injury	Wolves	Wolves	39	1208049	2024-08-31T14:00:00+00:00
18813	A. Cresswell	Missing Fixture	Thigh Injury	West Ham	West Ham	48	1208050	2024-08-31T16:30:00+00:00
278133	O. Bobb	Missing Fixture	Leg Injury	Manchester City	Man City	50	1208050	2024-08-31T16:30:00+00:00
631	P. Foden	Questionable	Illness	Manchester City	Man City	50	1208050	2024-08-31T16:30:00+00:00
282125	R. Lavia	Questionable	Thigh Injury	Chelsea	Chelsea	49	1208043	2024-09-01T12:30:00+00:00
311157	Matheus Franca	Missing Fixture	Muscle Injury	Crystal Palace	Crystal Palace	52	1208043	2024-09-01T12:30:00+00:00
278898	C. Riad	Missing Fixture	Knee Injury	Crystal Palace	Crystal Palace	52	1208043	2024-09-01T12:30:00+00:00
38734	S. Botman	Missing Fixture	Knee Injury	Newcastle	Newcastle	34	1208048	2024-09-01T12:30:00+00:00
18894	J. Lascelles	Missing Fixture	Knee Injury	Newcastle	Newcastle	34	1208048	2024-09-01T12:30:00+00:00
328105	L. Miley	Missing Fixture	Back Injury	Newcastle	Newcastle	34	1208048	2024-09-01T12:30:00+00:00
2806	F. Schar	Missing Fixture	Red Card	Newcastle	Newcastle	34	1208048	2024-09-01T12:30:00+00:00
2939	C. Wilson	Missing Fixture	Back Injury	Newcastle	Newcastle	34	1208048	2024-09-01T12:30:00+00:00
1463	J. Willock	Questionable	Thigh Injury	Newcastle	Newcastle	34	1208048	2024-09-01T12:30:00+00:00
2413	Richarlison	Missing Fixture	Injury	Tottenham	Tottenham	47	1208048	2024-09-01T12:30:00+00:00
18883	D. Solanke	Missing Fixture	Ankle Injury	Tottenham	Tottenham	47	1208048	2024-09-01T12:30:00+00:00
288006	R. Hojlund	Missing Fixture	Muscle Injury	Manchester United	Man United	33	1208047	2024-09-01T15:00:00+00:00
889	V. Lindelof	Missing Fixture	Injury	Manchester United	Man United	33	1208047	2024-09-01T15:00:00+00:00
37145	T. Malacia	Missing Fixture	Knee Injury	Manchester United	Man United	33	1208047	2024-09-01T15:00:00+00:00
19220	M. Mount	Missing Fixture	Muscle Injury	Manchester United	Man United	33	1208047	2024-09-01T15:00:00+00:00
891	L. Shaw	Missing Fixture	Health problems	Manchester United	Man United	33	1208047	2024-09-01T15:00:00+00:00
342970	L. Yoro	Missing Fixture	Ankle Injury	Manchester United	Man United	33	1208047	2024-09-01T15:00:00+00:00
30410	F. Chiesa	Questionable	Injury	Liverpool	Liverpool	40	1208047	2024-09-01T15:00:00+00:00
293	C. Jones	Questionable	Injury	Liverpool	Liverpool	40	1208047	2024-09-01T15:00:00+00:00
105971	G. Bazunu	Missing Fixture	Achilles Tendon Injury	Southampton	Southampton	41	1208058	2024-09-14T11:30:00+00:00
199837	K. Sulemana	Missing Fixture	Ankle Injury	Southampton	Southampton	41	1208058	2024-09-14T11:30:00+00:00
288006	R. Hojlund	Missing Fixture	Muscle Injury	Manchester United	Man United	33	1208058	2024-09-14T11:30:00+00:00
889	V. Lindelof	Missing Fixture	Injury	Manchester United	Man United	33	1208058	2024-09-14T11:30:00+00:00
37145	T. Malacia	Missing Fixture	Knee Injury	Manchester United	Man United	33	1208058	2024-09-14T11:30:00+00:00
19220	M. Mount	Missing Fixture	Muscle Injury	Manchester United	Man United	33	1208058	2024-09-14T11:30:00+00:00
891	L. Shaw	Missing Fixture	Health problems	Manchester United	Man United	33	1208058	2024-09-14T11:30:00+00:00
342970	L. Yoro	Missing Fixture	Ankle Injury	Manchester United	Man United	33	1208058	2024-09-14T11:30:00+00:00
104	Carlos Vinicius	Missing Fixture	Injury	Fulham	Fulham	36	1208055	2024-09-14T14:00:00+00:00
25391	N. Fullkrug	Questionable	Achilles Tendon Injury	West Ham	West Ham	48	1208055	2024-09-14T14:00:00+00:00
18973	S. March	Missing Fixture	Knee Injury	Brighton	Brighton	51	1208053	2024-09-14T14:00:00+00:00
296	J. Milner	Missing Fixture	Thigh Injury	Brighton	Brighton	51	1208053	2024-09-14T14:00:00+00:00
19030	M. O'Riley	Missing Fixture	Ankle Injury	Brighton	Brighton	51	1208053	2024-09-14T14:00:00+00:00
328225	B. Gruda	Questionable	Lacking Match Fitness	Brighton	Brighton	51	1208053	2024-09-14T14:00:00+00:00
92993	M. Wieffer	Questionable	Lacking Match Fitness	Brighton	Brighton	51	1208053	2024-09-14T14:00:00+00:00
126791	N. Broadhead	Missing Fixture	Thigh Injury	Ipswich	Ipswich	57	1208053	2024-09-14T14:00:00+00:00
138836	H. Clarke	Missing Fixture	Achilles Tendon Injury	Ipswich	Ipswich	57	1208053	2024-09-14T14:00:00+00:00
20167	J. Donacien	Missing Fixture	Groin Injury	Ipswich	Ipswich	57	1208053	2024-09-14T14:00:00+00:00
19720	T. Chalobah	Missing Fixture	Injury	Crystal Palace	Crystal Palace	52	1208054	2024-09-14T14:00:00+00:00
1440	R. Holding	Missing Fixture	Lacking Match Fitness	Crystal Palace	Crystal Palace	52	1208054	2024-09-14T14:00:00+00:00
311157	Matheus Franca	Missing Fixture	Muscle Injury	Crystal Palace	Crystal Palace	52	1208054	2024-09-14T14:00:00+00:00
278898	C. Riad	Missing Fixture	Knee Injury	Crystal Palace	Crystal Palace	52	1208054	2024-09-14T14:00:00+00:00
1098	P. Daka	Missing Fixture	Ankle Injury	Leicester	Leicester	46	1208054	2024-09-14T14:00:00+00:00
1135	O. Edouard	Missing Fixture	Lacking Match Fitness	Leicester	Leicester	46	1208054	2024-09-14T14:00:00+00:00
405905	N. Opoku	Missing Fixture	Broken Leg	Leicester	Leicester	46	1208054	2024-09-14T14:00:00+00:00
152970	J. Stolarczyk	Missing Fixture	Ankle Injury	Leicester	Leicester	46	1208054	2024-09-14T14:00:00+00:00
19035	H. Elliott	Missing Fixture	Broken ankle	Liverpool	Liverpool	40	1208056	2024-09-14T14:00:00+00:00
30410	F. Chiesa	Questionable	Lacking Match Fitness	Liverpool	Liverpool	40	1208056	2024-09-14T14:00:00+00:00
275170	Danilo	Missing Fixture	Ankle Injury	Nottingham Forest	Nott'm Forest	65	1208056	2024-09-14T14:00:00+00:00
18739	W. Boly	Questionable	Calf Injury	Nottingham Forest	Nott'm Forest	65	1208056	2024-09-14T14:00:00+00:00
22149	I. Sangare	Questionable	Lacking Match Fitness	Nottingham Forest	Nott'm Forest	65	1208056	2024-09-14T14:00:00+00:00
18861	N. Ake	Missing Fixture	Muscle Injury	Manchester City	Man City	50	1208057	2024-09-14T14:00:00+00:00
278133	O. Bobb	Missing Fixture	Leg Injury	Manchester City	Man City	50	1208057	2024-09-14T14:00:00+00:00
19362	J. Dasilva	Missing Fixture	Knee Injury	Brentford	Brentford	55	1208057	2024-09-14T14:00:00+00:00
427736	Gustavo Nunes	Missing Fixture	Back Injury	Brentford	Brentford	55	1208057	2024-09-14T14:00:00+00:00
19346	R. Henry	Missing Fixture	Knee Injury	Brentford	Brentford	55	1208057	2024-09-14T14:00:00+00:00
44871	A. Hickey	Missing Fixture	Thigh Injury	Brentford	Brentford	55	1208057	2024-09-14T14:00:00+00:00
47438	M. Jensen	Missing Fixture	Knock	Brentford	Brentford	55	1208057	2024-09-14T14:00:00+00:00
196156	I. Thiago	Missing Fixture	Knee Injury	Brentford	Brentford	55	1208057	2024-09-14T14:00:00+00:00
983	L. Bailey	Missing Fixture	Muscle Injury	Aston Villa	Aston Villa	66	1208052	2024-09-14T16:30:00+00:00
19298	M. Cash	Missing Fixture	Thigh Injury	Aston Villa	Aston Villa	66	1208052	2024-09-14T16:30:00+00:00
1904	B. Kamara	Missing Fixture	Knee Injury	Aston Villa	Aston Villa	66	1208052	2024-09-14T16:30:00+00:00
19179	T. Mings	Missing Fixture	Knee Injury	Aston Villa	Aston Villa	66	1208052	2024-09-14T16:30:00+00:00
17661	J. Branthwaite	Missing Fixture	Groin Injury	Everton	Everton	45	1208052	2024-09-14T16:30:00+00:00
138822	A. Broja	Missing Fixture	Calf Injury	Everton	Everton	45	1208052	2024-09-14T16:30:00+00:00
330412	Chermiti	Missing Fixture	Ankle Injury	Everton	Everton	45	1208052	2024-09-14T16:30:00+00:00
138417	N. Patterson	Missing Fixture	Thigh Injury	Everton	Everton	45	1208052	2024-09-14T16:30:00+00:00
18758	S. Coleman	Questionable	Calf Injury	Everton	Everton	45	1208052	2024-09-14T16:30:00+00:00
1150	T. Adams	Missing Fixture	Back Injury	Bournemouth	Bournemouth	35	1208051	2024-09-14T19:00:00+00:00
2273	K. Arrizabalaga	Missing Fixture	Loan agreement	Bournemouth	Bournemouth	35	1208051	2024-09-14T19:00:00+00:00
284797	D. Ouattara	Missing Fixture	Ankle Injury	Bournemouth	Bournemouth	35	1208051	2024-09-14T19:00:00+00:00
161907	M. Gusto	Missing Fixture	Thigh Injury	Chelsea	Chelsea	49	1208051	2024-09-14T19:00:00+00:00
19545	R. James	Missing Fixture	Muscle Injury	Chelsea	Chelsea	49	1208051	2024-09-14T19:00:00+00:00
329347	O. Kellyman	Missing Fixture	Muscle Injury	Chelsea	Chelsea	49	1208051	2024-09-14T19:00:00+00:00
282125	R. Lavia	Questionable	Thigh Injury	Chelsea	Chelsea	49	1208051	2024-09-14T19:00:00+00:00
2413	Richarlison	Missing Fixture	Injury	Tottenham	Tottenham	47	1208059	2024-09-15T13:00:00+00:00
18968	Y. Bissouma	Questionable	Groin Injury	Tottenham	Tottenham	47	1208059	2024-09-15T13:00:00+00:00
47311	M. Merino	Missing Fixture	Shoulder Injury	Arsenal	Arsenal	42	1208059	2024-09-15T13:00:00+00:00
37127	M. Odegaard	Missing Fixture	Ankle Injury	Arsenal	Arsenal	42	1208059	2024-09-15T13:00:00+00:00
2937	D. Rice	Missing Fixture	Red Card	Arsenal	Arsenal	42	1208059	2024-09-15T13:00:00+00:00
1117	K. Tierney	Missing Fixture	Muscle Injury	Arsenal	Arsenal	42	1208059	2024-09-15T13:00:00+00:00
2597	T. Tomiyasu	Missing Fixture	Knee Injury	Arsenal	Arsenal	42	1208059	2024-09-15T13:00:00+00:00
157052	R. Calafiori	Questionable	Calf Injury	Arsenal	Arsenal	42	1208059	2024-09-15T13:00:00+00:00
380653	L. Chiwome	Missing Fixture	Ankle Injury	Wolves	Wolves	39	1208060	2024-09-15T15:30:00+00:00
385726	E. Gonzalez	Missing Fixture	Knee Injury	Wolves	Wolves	39	1208060	2024-09-15T15:30:00+00:00
7722	S. Kalajdzic	Missing Fixture	Knee Injury	Wolves	Wolves	39	1208060	2024-09-15T15:30:00+00:00
157912	B. Traore	Questionable	Knee Injury	Wolves	Wolves	39	1208060	2024-09-15T15:30:00+00:00
38734	S. Botman	Missing Fixture	Knee Injury	Newcastle	Newcastle	34	1208060	2024-09-15T15:30:00+00:00
18894	J. Lascelles	Missing Fixture	Knee Injury	Newcastle	Newcastle	34	1208060	2024-09-15T15:30:00+00:00
328105	L. Miley	Missing Fixture	Back Injury	Newcastle	Newcastle	34	1208060	2024-09-15T15:30:00+00:00
2939	C. Wilson	Missing Fixture	Back Injury	Newcastle	Newcastle	34	1208060	2024-09-15T15:30:00+00:00
25391	N. Fullkrug	Questionable	Achilles Tendon Injury	West Ham	West Ham	48	1208070	2024-09-21T11:30:00+00:00
161907	M. Gusto	Missing Fixture	Thigh Injury	Chelsea	Chelsea	49	1208070	2024-09-21T11:30:00+00:00
19545	R. James	Missing Fixture	Muscle Injury	Chelsea	Chelsea	49	1208070	2024-09-21T11:30:00+00:00
329347	O. Kellyman	Missing Fixture	Muscle Injury	Chelsea	Chelsea	49	1208070	2024-09-21T11:30:00+00:00
282125	R. Lavia	Questionable	Thigh Injury	Chelsea	Chelsea	49	1208070	2024-09-21T11:30:00+00:00
19298	M. Cash	Missing Fixture	Thigh Injury	Aston Villa	Aston Villa	66	1208061	2024-09-21T14:00:00+00:00
1904	B. Kamara	Missing Fixture	Knee Injury	Aston Villa	Aston Villa	66	1208061	2024-09-21T14:00:00+00:00
19179	T. Mings	Missing Fixture	Knee Injury	Aston Villa	Aston Villa	66	1208061	2024-09-21T14:00:00+00:00
138931	J. Philogene	Missing Fixture	Injury	Aston Villa	Aston Villa	66	1208061	2024-09-21T14:00:00+00:00
380653	L. Chiwome	Missing Fixture	Ankle Injury	Wolves	Wolves	39	1208061	2024-09-21T14:00:00+00:00
385726	E. Gonzalez	Missing Fixture	Knee Injury	Wolves	Wolves	39	1208061	2024-09-21T14:00:00+00:00
7722	S. Kalajdzic	Missing Fixture	Knee Injury	Wolves	Wolves	39	1208061	2024-09-21T14:00:00+00:00
388777	B. Meupiyou	Missing Fixture	Injury	Wolves	Wolves	39	1208061	2024-09-21T14:00:00+00:00
157912	B. Traore	Missing Fixture	Knee Injury	Wolves	Wolves	39	1208061	2024-09-21T14:00:00+00:00
41606	Toti	Questionable	Thigh Injury	Wolves	Wolves	39	1208061	2024-09-21T14:00:00+00:00
104	Carlos Vinicius	Missing Fixture	Injury	Fulham	Fulham	36	1208064	2024-09-21T14:00:00+00:00
38734	S. Botman	Missing Fixture	Knee Injury	Newcastle	Newcastle	34	1208064	2024-09-21T14:00:00+00:00
18894	J. Lascelles	Missing Fixture	Knee Injury	Newcastle	Newcastle	34	1208064	2024-09-21T14:00:00+00:00
328105	L. Miley	Missing Fixture	Back Injury	Newcastle	Newcastle	34	1208064	2024-09-21T14:00:00+00:00
2939	C. Wilson	Missing Fixture	Back Injury	Newcastle	Newcastle	34	1208064	2024-09-21T14:00:00+00:00
1098	P. Daka	Missing Fixture	Ankle Injury	Leicester	Leicester	46	1208065	2024-09-21T14:00:00+00:00
405905	N. Opoku	Missing Fixture	Broken Leg	Leicester	Leicester	46	1208065	2024-09-21T14:00:00+00:00
152970	J. Stolarczyk	Missing Fixture	Ankle Injury	Leicester	Leicester	46	1208065	2024-09-21T14:00:00+00:00
138822	A. Broja	Missing Fixture	Calf Injury	Everton	Everton	45	1208065	2024-09-21T14:00:00+00:00
330412	Chermiti	Missing Fixture	Ankle Injury	Everton	Everton	45	1208065	2024-09-21T14:00:00+00:00
2990	I. Gueye	Missing Fixture	Injury	Everton	Everton	45	1208065	2024-09-21T14:00:00+00:00
17661	J. Branthwaite	Questionable	Groin Injury	Everton	Everton	45	1208065	2024-09-21T14:00:00+00:00
18758	S. Coleman	Questionable	Calf Injury	Everton	Everton	45	1208065	2024-09-21T14:00:00+00:00
138417	N. Patterson	Questionable	Thigh Injury	Everton	Everton	45	1208065	2024-09-21T14:00:00+00:00
19035	H. Elliott	Missing Fixture	Broken ankle	Liverpool	Liverpool	40	1208066	2024-09-21T14:00:00+00:00
280	Alisson	Questionable	Thigh Injury	Liverpool	Liverpool	40	1208066	2024-09-21T14:00:00+00:00
1150	T. Adams	Missing Fixture	Back Injury	Bournemouth	Bournemouth	35	1208066	2024-09-21T14:00:00+00:00
105971	G. Bazunu	Missing Fixture	Achilles Tendon Injury	Southampton	Southampton	41	1208068	2024-09-21T14:00:00+00:00
18940	J. Stephens	Missing Fixture	Red Card	Southampton	Southampton	41	1208068	2024-09-21T14:00:00+00:00
199837	K. Sulemana	Missing Fixture	Ankle Injury	Southampton	Southampton	41	1208068	2024-09-21T14:00:00+00:00
130421	W. Smallbone	Questionable	Thigh Injury	Southampton	Southampton	41	1208068	2024-09-21T14:00:00+00:00
20167	J. Donacien	Missing Fixture	Groin Injury	Ipswich	Ipswich	57	1208068	2024-09-21T14:00:00+00:00
126791	N. Broadhead	Questionable	Thigh Injury	Ipswich	Ipswich	57	1208068	2024-09-21T14:00:00+00:00
138836	H. Clarke	Questionable	Achilles Tendon Injury	Ipswich	Ipswich	57	1208068	2024-09-21T14:00:00+00:00
336564	W. Odobert	Missing Fixture	Thigh Injury	Tottenham	Tottenham	47	1208069	2024-09-21T14:00:00+00:00
2413	Richarlison	Missing Fixture	Injury	Tottenham	Tottenham	47	1208069	2024-09-21T14:00:00+00:00
19362	J. Dasilva	Missing Fixture	Knee Injury	Brentford	Brentford	55	1208069	2024-09-21T14:00:00+00:00
427736	Gustavo Nunes	Missing Fixture	Back Injury	Brentford	Brentford	55	1208069	2024-09-21T14:00:00+00:00
19346	R. Henry	Missing Fixture	Knee Injury	Brentford	Brentford	55	1208069	2024-09-21T14:00:00+00:00
44871	A. Hickey	Missing Fixture	Thigh Injury	Brentford	Brentford	55	1208069	2024-09-21T14:00:00+00:00
47438	M. Jensen	Missing Fixture	Knock	Brentford	Brentford	55	1208069	2024-09-21T14:00:00+00:00
196156	I. Thiago	Missing Fixture	Knee Injury	Brentford	Brentford	55	1208069	2024-09-21T14:00:00+00:00
20649	Y. Wissa	Missing Fixture	Ankle Injury	Brentford	Brentford	55	1208069	2024-09-21T14:00:00+00:00
3339	C. Doucoure	Missing Fixture	Ankle Injury	Crystal Palace	Crystal Palace	52	1208063	2024-09-21T16:30:00+00:00
1440	R. Holding	Missing Fixture	Lacking Match Fitness	Crystal Palace	Crystal Palace	52	1208063	2024-09-21T16:30:00+00:00
311157	Matheus Franca	Missing Fixture	Muscle Injury	Crystal Palace	Crystal Palace	52	1208063	2024-09-21T16:30:00+00:00
278898	C. Riad	Missing Fixture	Knee Injury	Crystal Palace	Crystal Palace	52	1208063	2024-09-21T16:30:00+00:00
19720	T. Chalobah	Questionable	Injury	Crystal Palace	Crystal Palace	52	1208063	2024-09-21T16:30:00+00:00
889	V. Lindelof	Missing Fixture	Injury	Manchester United	Man United	33	1208063	2024-09-21T16:30:00+00:00
37145	T. Malacia	Missing Fixture	Knee Injury	Manchester United	Man United	33	1208063	2024-09-21T16:30:00+00:00
891	L. Shaw	Missing Fixture	Health problems	Manchester United	Man United	33	1208063	2024-09-21T16:30:00+00:00
342970	L. Yoro	Missing Fixture	Ankle Injury	Manchester United	Man United	33	1208063	2024-09-21T16:30:00+00:00
288006	R. Hojlund	Questionable	Muscle Injury	Manchester United	Man United	33	1208063	2024-09-21T16:30:00+00:00
19220	M. Mount	Questionable	Muscle Injury	Manchester United	Man United	33	1208063	2024-09-21T16:30:00+00:00
328225	B. Gruda	Missing Fixture	Lacking Match Fitness	Brighton	Brighton	51	1208062	2024-09-22T13:00:00+00:00
18973	S. March	Missing Fixture	Knee Injury	Brighton	Brighton	51	1208062	2024-09-22T13:00:00+00:00
296	J. Milner	Missing Fixture	Thigh Injury	Brighton	Brighton	51	1208062	2024-09-22T13:00:00+00:00
19030	M. O'Riley	Missing Fixture	Ankle Injury	Brighton	Brighton	51	1208062	2024-09-22T13:00:00+00:00
275170	Danilo	Missing Fixture	Ankle Injury	Nottingham Forest	Nott'm Forest	65	1208062	2024-09-22T13:00:00+00:00
22149	I. Sangare	Missing Fixture	Lacking Match Fitness	Nottingham Forest	Nott'm Forest	65	1208062	2024-09-22T13:00:00+00:00
18739	W. Boly	Questionable	Calf Injury	Nottingham Forest	Nott'm Forest	65	1208062	2024-09-22T13:00:00+00:00
18861	N. Ake	Missing Fixture	Muscle Injury	Manchester City	Man City	50	1208067	2024-09-22T15:30:00+00:00
278133	O. Bobb	Missing Fixture	Leg Injury	Manchester City	Man City	50	1208067	2024-09-22T15:30:00+00:00
629	K. De Bruyne	Questionable	Injury	Manchester City	Man City	50	1208067	2024-09-22T15:30:00+00:00
47311	M. Merino	Missing Fixture	Shoulder Injury	Arsenal	Arsenal	42	1208067	2024-09-22T15:30:00+00:00
37127	M. Odegaard	Missing Fixture	Ankle Injury	Arsenal	Arsenal	42	1208067	2024-09-22T15:30:00+00:00
1117	K. Tierney	Missing Fixture	Muscle Injury	Arsenal	Arsenal	42	1208067	2024-09-22T15:30:00+00:00
2597	T. Tomiyasu	Missing Fixture	Knee Injury	Arsenal	Arsenal	42	1208067	2024-09-22T15:30:00+00:00
641	O. Zinchenko	Missing Fixture	Calf Injury	Arsenal	Arsenal	42	1208067	2024-09-22T15:30:00+00:00
1150	T. Adams	Missing Fixture	Back Injury	Bournemouth	Bournemouth	35	1208071	2024-09-30T19:00:00+00:00
105971	G. Bazunu	Missing Fixture	Achilles Tendon Injury	Southampton	Southampton	41	1208071	2024-09-30T19:00:00+00:00
18940	J. Stephens	Missing Fixture	Red Card	Southampton	Southampton	41	1208071	2024-09-30T19:00:00+00:00
199837	K. Sulemana	Missing Fixture	Ankle Injury	Southampton	Southampton	41	1208071	2024-09-30T19:00:00+00:00
130421	W. Smallbone	Questionable	Thigh Injury	Southampton	Southampton	41	1208071	2024-09-30T19:00:00+00:00
3339	C. Doucoure	Missing Fixture	Ankle Injury	Crystal Palace	Crystal Palace	52	1208086	2024-10-05T11:30:00+00:00
1440	R. Holding	Missing Fixture	Lacking Match Fitness	Crystal Palace	Crystal Palace	52	1208086	2024-10-05T11:30:00+00:00
311157	Matheus Franca	Missing Fixture	Muscle Injury	Crystal Palace	Crystal Palace	52	1208086	2024-10-05T11:30:00+00:00
278898	C. Riad	Missing Fixture	Knee Injury	Crystal Palace	Crystal Palace	52	1208086	2024-10-05T11:30:00+00:00
126949	C. Richards	Missing Fixture	Thigh Injury	Crystal Palace	Crystal Palace	52	1208086	2024-10-05T11:30:00+00:00
19035	H. Elliott	Missing Fixture	Broken ankle	Liverpool	Liverpool	40	1208086	2024-10-05T11:30:00+00:00
30410	F. Chiesa	Questionable	Injury	Liverpool	Liverpool	40	1208086	2024-10-05T11:30:00+00:00
37127	M. Odegaard	Missing Fixture	Ankle Injury	Arsenal	Arsenal	42	1208081	2024-10-05T14:00:00+00:00
1117	K. Tierney	Missing Fixture	Muscle Injury	Arsenal	Arsenal	42	1208081	2024-10-05T14:00:00+00:00
641	O. Zinchenko	Missing Fixture	Calf Injury	Arsenal	Arsenal	42	1208081	2024-10-05T14:00:00+00:00
38746	J. Timber	Questionable	Muscle Injury	Arsenal	Arsenal	42	1208081	2024-10-05T14:00:00+00:00
19959	B. White	Questionable	Knee Injury	Arsenal	Arsenal	42	1208081	2024-10-05T14:00:00+00:00
105971	G. Bazunu	Missing Fixture	Achilles Tendon Injury	Southampton	Southampton	41	1208081	2024-10-05T14:00:00+00:00
130421	W. Smallbone	Missing Fixture	Thigh Injury	Southampton	Southampton	41	1208081	2024-10-05T14:00:00+00:00
18940	J. Stephens	Missing Fixture	Red Card	Southampton	Southampton	41	1208081	2024-10-05T14:00:00+00:00
199837	K. Sulemana	Missing Fixture	Ankle Injury	Southampton	Southampton	41	1208081	2024-10-05T14:00:00+00:00
19362	J. Dasilva	Missing Fixture	Knee Injury	Brentford	Brentford	55	1208083	2024-10-05T14:00:00+00:00
427736	Gustavo Nunes	Missing Fixture	Back Injury	Brentford	Brentford	55	1208083	2024-10-05T14:00:00+00:00
19346	R. Henry	Missing Fixture	Knee Injury	Brentford	Brentford	55	1208083	2024-10-05T14:00:00+00:00
44871	A. Hickey	Missing Fixture	Thigh Injury	Brentford	Brentford	55	1208083	2024-10-05T14:00:00+00:00
196156	I. Thiago	Missing Fixture	Knee Injury	Brentford	Brentford	55	1208083	2024-10-05T14:00:00+00:00
20649	Y. Wissa	Missing Fixture	Ankle Injury	Brentford	Brentford	55	1208083	2024-10-05T14:00:00+00:00
47438	M. Jensen	Questionable	Knock	Brentford	Brentford	55	1208083	2024-10-05T14:00:00+00:00
380653	L. Chiwome	Missing Fixture	Ankle Injury	Wolves	Wolves	39	1208083	2024-10-05T14:00:00+00:00
385726	E. Gonzalez	Missing Fixture	Knee Injury	Wolves	Wolves	39	1208083	2024-10-05T14:00:00+00:00
7722	S. Kalajdzic	Missing Fixture	Knee Injury	Wolves	Wolves	39	1208083	2024-10-05T14:00:00+00:00
195717	Y. Mosquera	Missing Fixture	Knee Injury	Wolves	Wolves	39	1208083	2024-10-05T14:00:00+00:00
157912	B. Traore	Missing Fixture	Knee Injury	Wolves	Wolves	39	1208083	2024-10-05T14:00:00+00:00
388777	B. Meupiyou	Questionable	Injury	Wolves	Wolves	39	1208083	2024-10-05T14:00:00+00:00
18779	H. Choudhury	Missing Fixture	Shoulder Injury	Leicester	Leicester	46	1208088	2024-10-05T14:00:00+00:00
1098	P. Daka	Missing Fixture	Ankle Injury	Leicester	Leicester	46	1208088	2024-10-05T14:00:00+00:00
405905	N. Opoku	Missing Fixture	Broken Leg	Leicester	Leicester	46	1208088	2024-10-05T14:00:00+00:00
152970	J. Stolarczyk	Missing Fixture	Ankle Injury	Leicester	Leicester	46	1208088	2024-10-05T14:00:00+00:00
18943	J. Vestergaard	Questionable	Ankle Injury	Leicester	Leicester	46	1208088	2024-10-05T14:00:00+00:00
1150	T. Adams	Questionable	Back Injury	Bournemouth	Bournemouth	35	1208088	2024-10-05T14:00:00+00:00
18861	N. Ake	Missing Fixture	Muscle Injury	Manchester City	Man City	50	1208089	2024-10-05T14:00:00+00:00
278133	O. Bobb	Missing Fixture	Leg Injury	Manchester City	Man City	50	1208089	2024-10-05T14:00:00+00:00
629	K. De Bruyne	Missing Fixture	Muscle Injury	Manchester City	Man City	50	1208089	2024-10-05T14:00:00+00:00
44	Rodri	Missing Fixture	Knee Injury	Manchester City	Man City	50	1208089	2024-10-05T14:00:00+00:00
104	Carlos Vinicius	Missing Fixture	Calf Injury	Fulham	Fulham	36	1208089	2024-10-05T14:00:00+00:00
131	J. Cuenca	Missing Fixture	Ankle Injury	Fulham	Fulham	36	1208089	2024-10-05T14:00:00+00:00
25391	N. Fullkrug	Questionable	Achilles Tendon Injury	West Ham	West Ham	48	1208090	2024-10-05T14:00:00+00:00
20167	J. Donacien	Missing Fixture	Groin Injury	Ipswich	Ipswich	57	1208090	2024-10-05T14:00:00+00:00
126791	N. Broadhead	Questionable	Thigh Injury	Ipswich	Ipswich	57	1208090	2024-10-05T14:00:00+00:00
15797	J. Cajuste	Questionable	Knee Injury	Ipswich	Ipswich	57	1208090	2024-10-05T14:00:00+00:00
138822	A. Broja	Missing Fixture	Calf Injury	Everton	Everton	45	1208087	2024-10-05T16:30:00+00:00
330412	Chermiti	Missing Fixture	Ankle Injury	Everton	Everton	45	1208087	2024-10-05T16:30:00+00:00
18758	S. Coleman	Questionable	Calf Injury	Everton	Everton	45	1208087	2024-10-05T16:30:00+00:00
138417	N. Patterson	Questionable	Lacking Match Fitness	Everton	Everton	45	1208087	2024-10-05T16:30:00+00:00
38734	S. Botman	Missing Fixture	Knee Injury	Newcastle	Newcastle	34	1208087	2024-10-05T16:30:00+00:00
2864	A. Isak	Missing Fixture	Finger Injury	Newcastle	Newcastle	34	1208087	2024-10-05T16:30:00+00:00
18894	J. Lascelles	Missing Fixture	Knee Injury	Newcastle	Newcastle	34	1208087	2024-10-05T16:30:00+00:00
328105	L. Miley	Missing Fixture	Back Injury	Newcastle	Newcastle	34	1208087	2024-10-05T16:30:00+00:00
2939	C. Wilson	Missing Fixture	Back Injury	Newcastle	Newcastle	34	1208087	2024-10-05T16:30:00+00:00
18941	M. Targett	Questionable	Injury	Newcastle	Newcastle	34	1208087	2024-10-05T16:30:00+00:00
19191	J. McGinn	Missing Fixture	Thigh Injury	Aston Villa	Aston Villa	66	1208082	2024-10-06T13:00:00+00:00
162714	A. Onana	Questionable	Thigh Injury	Aston Villa	Aston Villa	66	1208082	2024-10-06T13:00:00+00:00
19192	J. Ramsey	Questionable	Groin Injury	Aston Villa	Aston Villa	66	1208082	2024-10-06T13:00:00+00:00
37145	T. Malacia	Missing Fixture	Knee Injury	Manchester United	Man United	33	1208082	2024-10-06T13:00:00+00:00
342970	L. Yoro	Missing Fixture	Ankle Injury	Manchester United	Man United	33	1208082	2024-10-06T13:00:00+00:00
19220	M. Mount	Questionable	Head Injury	Manchester United	Man United	33	1208082	2024-10-06T13:00:00+00:00
891	L. Shaw	Questionable	Health problems	Manchester United	Man United	33	1208082	2024-10-06T13:00:00+00:00
19545	R. James	Missing Fixture	Muscle Injury	Chelsea	Chelsea	49	1208085	2024-10-06T13:00:00+00:00
329347	O. Kellyman	Missing Fixture	Muscle Injury	Chelsea	Chelsea	49	1208085	2024-10-06T13:00:00+00:00
275170	Danilo	Missing Fixture	Ankle Injury	Nottingham Forest	Nott'm Forest	65	1208085	2024-10-06T13:00:00+00:00
22149	I. Sangare	Missing Fixture	Lacking Match Fitness	Nottingham Forest	Nott'm Forest	65	1208085	2024-10-06T13:00:00+00:00
10329	Joao Pedro	Missing Fixture	Injury	Brighton	Brighton	51	1208084	2024-10-06T15:30:00+00:00
19030	M. O'Riley	Missing Fixture	Ankle Injury	Brighton	Brighton	51	1208084	2024-10-06T15:30:00+00:00
38695	J. P. van Hecke	Missing Fixture	Muscle Injury	Brighton	Brighton	51	1208084	2024-10-06T15:30:00+00:00
301771	S. Adingra	Questionable	Knock	Brighton	Brighton	51	1208084	2024-10-06T15:30:00+00:00
18973	S. March	Questionable	Knee Injury	Brighton	Brighton	51	1208084	2024-10-06T15:30:00+00:00
296	J. Milner	Questionable	Thigh Injury	Brighton	Brighton	51	1208084	2024-10-06T15:30:00+00:00
336564	W. Odobert	Missing Fixture	Thigh Injury	Tottenham	Tottenham	47	1208084	2024-10-06T15:30:00+00:00
2413	Richarlison	Missing Fixture	Injury	Tottenham	Tottenham	47	1208084	2024-10-06T15:30:00+00:00
186	Son Heung-Min	Missing Fixture	Injury	Tottenham	Tottenham	47	1208084	2024-10-06T15:30:00+00:00
336564	W. Odobert	Missing Fixture	Thigh Injury	Tottenham	Tottenham	47	1208099	2024-10-19T11:30:00+00:00
25391	N. Fullkrug	Missing Fixture	Achilles Tendon Injury	West Ham	West Ham	48	1208099	2024-10-19T11:30:00+00:00
104	Carlos Vinicius	Missing Fixture	Calf Injury	Fulham	Fulham	36	1208092	2024-10-19T14:00:00+00:00
2920	T. Castagne	Missing Fixture	Thigh Injury	Fulham	Fulham	36	1208092	2024-10-19T14:00:00+00:00
131	J. Cuenca	Missing Fixture	Ankle Injury	Fulham	Fulham	36	1208092	2024-10-19T14:00:00+00:00
2823	S. Lukic	Missing Fixture	Shoulder Injury	Fulham	Fulham	36	1208092	2024-10-19T14:00:00+00:00
766	R. Olsen	Missing Fixture	Lacking Match Fitness	Aston Villa	Aston Villa	66	1208092	2024-10-19T14:00:00+00:00
19179	T. Mings	Questionable	Lacking Match Fitness	Aston Villa	Aston Villa	66	1208092	2024-10-19T14:00:00+00:00
20167	J. Donacien	Missing Fixture	Groin Injury	Ipswich	Ipswich	57	1208093	2024-10-19T14:00:00+00:00
2752	M. Luongo	Missing Fixture	Ankle Injury	Ipswich	Ipswich	57	1208093	2024-10-19T14:00:00+00:00
19182	A. Tuanzebe	Missing Fixture	Finger Injury	Ipswich	Ipswich	57	1208093	2024-10-19T14:00:00+00:00
299813	A. Al-Hamadi	Questionable	Knock	Ipswich	Ipswich	57	1208093	2024-10-19T14:00:00+00:00
15797	J. Cajuste	Questionable	Knee Injury	Ipswich	Ipswich	57	1208093	2024-10-19T14:00:00+00:00
138822	A. Broja	Missing Fixture	Calf Injury	Everton	Everton	45	1208093	2024-10-19T14:00:00+00:00
330412	Chermiti	Missing Fixture	Ankle Injury	Everton	Everton	45	1208093	2024-10-19T14:00:00+00:00
895	J. Garner	Missing Fixture	Lower Back Injury	Everton	Everton	45	1208093	2024-10-19T14:00:00+00:00
284500	T. Iroegbunam	Missing Fixture	Ankle Injury	Everton	Everton	45	1208093	2024-10-19T14:00:00+00:00
17661	J. Branthwaite	Questionable	Muscle Injury	Everton	Everton	45	1208093	2024-10-19T14:00:00+00:00
2935	H. Maguire	Missing Fixture	Muscle Injury	Manchester United	Man United	33	1208095	2024-10-19T14:00:00+00:00
284322	K. Mainoo	Missing Fixture	Muscle Injury	Manchester United	Man United	33	1208095	2024-10-19T14:00:00+00:00
342970	L. Yoro	Missing Fixture	Ankle Injury	Manchester United	Man United	33	1208095	2024-10-19T14:00:00+00:00
37145	T. Malacia	Questionable	Knee Injury	Manchester United	Man United	33	1208095	2024-10-19T14:00:00+00:00
19220	M. Mount	Questionable	Head Injury	Manchester United	Man United	33	1208095	2024-10-19T14:00:00+00:00
891	L. Shaw	Questionable	Health problems	Manchester United	Man United	33	1208095	2024-10-19T14:00:00+00:00
19362	J. Dasilva	Missing Fixture	Knee Injury	Brentford	Brentford	55	1208095	2024-10-19T14:00:00+00:00
427736	Gustavo Nunes	Missing Fixture	Back Injury	Brentford	Brentford	55	1208095	2024-10-19T14:00:00+00:00
19346	R. Henry	Missing Fixture	Knee Injury	Brentford	Brentford	55	1208095	2024-10-19T14:00:00+00:00
44871	A. Hickey	Missing Fixture	Thigh Injury	Brentford	Brentford	55	1208095	2024-10-19T14:00:00+00:00
196156	I. Thiago	Missing Fixture	Knee Injury	Brentford	Brentford	55	1208095	2024-10-19T14:00:00+00:00
47438	M. Jensen	Questionable	Knock	Brentford	Brentford	55	1208095	2024-10-19T14:00:00+00:00
38734	S. Botman	Missing Fixture	Knee Injury	Newcastle	Newcastle	34	1208096	2024-10-19T14:00:00+00:00
18894	J. Lascelles	Missing Fixture	Knee Injury	Newcastle	Newcastle	34	1208096	2024-10-19T14:00:00+00:00
169	K. Trippier	Missing Fixture	Muscle Injury	Newcastle	Newcastle	34	1208096	2024-10-19T14:00:00+00:00
2939	C. Wilson	Questionable	Back Injury	Newcastle	Newcastle	34	1208096	2024-10-19T14:00:00+00:00
10329	Joao Pedro	Missing Fixture	Injury	Brighton	Brighton	51	1208096	2024-10-19T14:00:00+00:00
18973	S. March	Missing Fixture	Knee Injury	Brighton	Brighton	51	1208096	2024-10-19T14:00:00+00:00
296	J. Milner	Missing Fixture	Thigh Injury	Brighton	Brighton	51	1208096	2024-10-19T14:00:00+00:00
19030	M. O'Riley	Missing Fixture	Ankle Injury	Brighton	Brighton	51	1208096	2024-10-19T14:00:00+00:00
19265	A. Webster	Missing Fixture	Muscle Injury	Brighton	Brighton	51	1208096	2024-10-19T14:00:00+00:00
105971	G. Bazunu	Missing Fixture	Achilles Tendon Injury	Southampton	Southampton	41	1208098	2024-10-19T14:00:00+00:00
18940	J. Stephens	Missing Fixture	Red Card	Southampton	Southampton	41	1208098	2024-10-19T14:00:00+00:00
45078	R. Stewart	Missing Fixture	Thigh Injury	Southampton	Southampton	41	1208098	2024-10-19T14:00:00+00:00
18779	H. Choudhury	Missing Fixture	Shoulder Injury	Leicester	Leicester	46	1208098	2024-10-19T14:00:00+00:00
1098	P. Daka	Missing Fixture	Ankle Injury	Leicester	Leicester	46	1208098	2024-10-19T14:00:00+00:00
405905	N. Opoku	Missing Fixture	Broken Leg	Leicester	Leicester	46	1208098	2024-10-19T14:00:00+00:00
152970	J. Stolarczyk	Missing Fixture	Ankle Injury	Leicester	Leicester	46	1208098	2024-10-19T14:00:00+00:00
912	Neto	Missing Fixture	Loan agreement	Arsenal	Arsenal	42	1208091	2024-10-19T16:30:00+00:00
37127	M. Odegaard	Missing Fixture	Ankle Injury	Arsenal	Arsenal	42	1208091	2024-10-19T16:30:00+00:00
1117	K. Tierney	Missing Fixture	Muscle Injury	Arsenal	Arsenal	42	1208091	2024-10-19T16:30:00+00:00
2597	T. Tomiyasu	Missing Fixture	Knee Injury	Arsenal	Arsenal	42	1208091	2024-10-19T16:30:00+00:00
1460	B. Saka	Questionable	Muscle Injury	Arsenal	Arsenal	42	1208091	2024-10-19T16:30:00+00:00
38746	J. Timber	Questionable	Muscle Injury	Arsenal	Arsenal	42	1208091	2024-10-19T16:30:00+00:00
380653	L. Chiwome	Missing Fixture	Ankle Injury	Wolves	Wolves	39	1208100	2024-10-20T13:00:00+00:00
385726	E. Gonzalez	Missing Fixture	Knee Injury	Wolves	Wolves	39	1208100	2024-10-20T13:00:00+00:00
24888	Hwang Hee-Chan	Missing Fixture	Ankle Injury	Wolves	Wolves	39	1208100	2024-10-20T13:00:00+00:00
7722	S. Kalajdzic	Missing Fixture	Knee Injury	Wolves	Wolves	39	1208100	2024-10-20T13:00:00+00:00
195717	Y. Mosquera	Missing Fixture	Knee Injury	Wolves	Wolves	39	1208100	2024-10-20T13:00:00+00:00
157912	B. Traore	Missing Fixture	Knee Injury	Wolves	Wolves	39	1208100	2024-10-20T13:00:00+00:00
388777	B. Meupiyou	Questionable	Injury	Wolves	Wolves	39	1208100	2024-10-20T13:00:00+00:00
278133	O. Bobb	Missing Fixture	Leg Injury	Manchester City	Man City	50	1208100	2024-10-20T13:00:00+00:00
629	K. De Bruyne	Missing Fixture	Muscle Injury	Manchester City	Man City	50	1208100	2024-10-20T13:00:00+00:00
44	Rodri	Missing Fixture	Knee Injury	Manchester City	Man City	50	1208100	2024-10-20T13:00:00+00:00
280	Alisson	Missing Fixture	Hamstring Injury	Liverpool	Liverpool	40	1208094	2024-10-20T15:30:00+00:00
19035	H. Elliott	Missing Fixture	Broken ankle	Liverpool	Liverpool	40	1208094	2024-10-20T15:30:00+00:00
30410	F. Chiesa	Questionable	Injury	Liverpool	Liverpool	40	1208094	2024-10-20T15:30:00+00:00
47380	M. Cucurella	Missing Fixture	Yellow Cards	Chelsea	Chelsea	49	1208094	2024-10-20T15:30:00+00:00
22094	W. Fofana	Missing Fixture	Yellow Cards	Chelsea	Chelsea	49	1208094	2024-10-20T15:30:00+00:00
329347	O. Kellyman	Missing Fixture	Muscle Injury	Chelsea	Chelsea	49	1208094	2024-10-20T15:30:00+00:00
2933	B. Chilwell	Questionable	Illness	Chelsea	Chelsea	49	1208094	2024-10-20T15:30:00+00:00
275170	Danilo	Missing Fixture	Ankle Injury	Nottingham Forest	Nott'm Forest	65	1208097	2024-10-21T19:00:00+00:00
18746	M. Gibbs-White	Missing Fixture	Suspended	Nottingham Forest	Nott'm Forest	65	1208097	2024-10-21T19:00:00+00:00
22149	I. Sangare	Missing Fixture	Lacking Match Fitness	Nottingham Forest	Nott'm Forest	65	1208097	2024-10-21T19:00:00+00:00
2938	J. Ward-Prowse	Missing Fixture	Red Card	Nottingham Forest	Nott'm Forest	65	1208097	2024-10-21T19:00:00+00:00
1440	R. Holding	Missing Fixture	Lacking Match Fitness	Crystal Palace	Crystal Palace	52	1208097	2024-10-21T19:00:00+00:00
311157	Matheus Franca	Missing Fixture	Muscle Injury	Crystal Palace	Crystal Palace	52	1208097	2024-10-21T19:00:00+00:00
278898	C. Riad	Missing Fixture	Knee Injury	Crystal Palace	Crystal Palace	52	1208097	2024-10-21T19:00:00+00:00
126949	C. Richards	Missing Fixture	Thigh Injury	Crystal Palace	Crystal Palace	52	1208097	2024-10-21T19:00:00+00:00
50999	M. Turner	Missing Fixture	Loan agreement	Crystal Palace	Crystal Palace	52	1208097	2024-10-21T19:00:00+00:00
3339	C. Doucoure	Questionable	Ankle Injury	Crystal Palace	Crystal Palace	52	1208097	2024-10-21T19:00:00+00:00
18779	H. Choudhury	Missing Fixture	Shoulder Injury	Leicester	Leicester	46	1208110	2024-10-25T19:00:00+00:00
1098	P. Daka	Missing Fixture	Ankle Injury	Leicester	Leicester	46	1208110	2024-10-25T19:00:00+00:00
405905	N. Opoku	Missing Fixture	Broken Leg	Leicester	Leicester	46	1208110	2024-10-25T19:00:00+00:00
152970	J. Stolarczyk	Missing Fixture	Ankle Injury	Leicester	Leicester	46	1208110	2024-10-25T19:00:00+00:00
18943	J. Vestergaard	Missing Fixture	Ankle Injury	Leicester	Leicester	46	1208110	2024-10-25T19:00:00+00:00
275170	Danilo	Missing Fixture	Ankle Injury	Nottingham Forest	Nott'm Forest	65	1208110	2024-10-25T19:00:00+00:00
22149	I. Sangare	Missing Fixture	Lacking Match Fitness	Nottingham Forest	Nott'm Forest	65	1208110	2024-10-25T19:00:00+00:00
18746	M. Gibbs-White	Questionable	Ankle Injury	Nottingham Forest	Nott'm Forest	65	1208110	2024-10-25T19:00:00+00:00
138931	J. Philogene	Missing Fixture	Red Card	Aston Villa	Aston Villa	66	1208104	2024-10-26T14:00:00+00:00
304853	A. Scott	Missing Fixture	Knee Injury	Bournemouth	Bournemouth	35	1208104	2024-10-26T14:00:00+00:00
37161	L. Sinisterra	Questionable	Injury	Bournemouth	Bournemouth	35	1208104	2024-10-26T14:00:00+00:00
19362	J. Dasilva	Missing Fixture	Knee Injury	Brentford	Brentford	55	1208105	2024-10-26T14:00:00+00:00
427736	Gustavo Nunes	Missing Fixture	Back Injury	Brentford	Brentford	55	1208105	2024-10-26T14:00:00+00:00
19346	R. Henry	Missing Fixture	Knee Injury	Brentford	Brentford	55	1208105	2024-10-26T14:00:00+00:00
44871	A. Hickey	Missing Fixture	Thigh Injury	Brentford	Brentford	55	1208105	2024-10-26T14:00:00+00:00
196156	I. Thiago	Missing Fixture	Knee Injury	Brentford	Brentford	55	1208105	2024-10-26T14:00:00+00:00
20167	J. Donacien	Missing Fixture	Groin Injury	Ipswich	Ipswich	57	1208105	2024-10-26T14:00:00+00:00
127579	J. Greaves	Missing Fixture	Thigh Injury	Ipswich	Ipswich	57	1208105	2024-10-26T14:00:00+00:00
2752	M. Luongo	Missing Fixture	Ankle Injury	Ipswich	Ipswich	57	1208105	2024-10-26T14:00:00+00:00
19182	A. Tuanzebe	Missing Fixture	Finger Injury	Ipswich	Ipswich	57	1208105	2024-10-26T14:00:00+00:00
18823	B. Johnson	Questionable	Thigh Injury	Ipswich	Ipswich	57	1208105	2024-10-26T14:00:00+00:00
10329	Joao Pedro	Missing Fixture	Injury	Brighton	Brighton	51	1208106	2024-10-26T14:00:00+00:00
18973	S. March	Missing Fixture	Knee Injury	Brighton	Brighton	51	1208106	2024-10-26T14:00:00+00:00
296	J. Milner	Missing Fixture	Thigh Injury	Brighton	Brighton	51	1208106	2024-10-26T14:00:00+00:00
19030	M. O'Riley	Missing Fixture	Ankle Injury	Brighton	Brighton	51	1208106	2024-10-26T14:00:00+00:00
19265	A. Webster	Missing Fixture	Muscle Injury	Brighton	Brighton	51	1208106	2024-10-26T14:00:00+00:00
383685	Y. Minteh	Questionable	Muscle Injury	Brighton	Brighton	51	1208106	2024-10-26T14:00:00+00:00
380653	L. Chiwome	Missing Fixture	Ankle Injury	Wolves	Wolves	39	1208106	2024-10-26T14:00:00+00:00
385726	E. Gonzalez	Missing Fixture	Knee Injury	Wolves	Wolves	39	1208106	2024-10-26T14:00:00+00:00
24888	Hwang Hee-Chan	Missing Fixture	Ankle Injury	Wolves	Wolves	39	1208106	2024-10-26T14:00:00+00:00
7722	S. Kalajdzic	Missing Fixture	Knee Injury	Wolves	Wolves	39	1208106	2024-10-26T14:00:00+00:00
195717	Y. Mosquera	Missing Fixture	Knee Injury	Wolves	Wolves	39	1208106	2024-10-26T14:00:00+00:00
157912	B. Traore	Missing Fixture	Knee Injury	Wolves	Wolves	39	1208106	2024-10-26T14:00:00+00:00
388777	B. Meupiyou	Questionable	Injury	Wolves	Wolves	39	1208106	2024-10-26T14:00:00+00:00
278133	O. Bobb	Missing Fixture	Leg Injury	Manchester City	Man City	50	1208111	2024-10-26T14:00:00+00:00
629	K. De Bruyne	Missing Fixture	Muscle Injury	Manchester City	Man City	50	1208111	2024-10-26T14:00:00+00:00
1422	J. Doku	Missing Fixture	Injury	Manchester City	Man City	50	1208111	2024-10-26T14:00:00+00:00
19187	J. Grealish	Missing Fixture	Injury	Manchester City	Man City	50	1208111	2024-10-26T14:00:00+00:00
44	Rodri	Missing Fixture	Knee Injury	Manchester City	Man City	50	1208111	2024-10-26T14:00:00+00:00
627	K. Walker	Missing Fixture	Illness	Manchester City	Man City	50	1208111	2024-10-26T14:00:00+00:00
105971	G. Bazunu	Missing Fixture	Achilles Tendon Injury	Southampton	Southampton	41	1208111	2024-10-26T14:00:00+00:00
18873	R. Fraser	Missing Fixture	Red Card	Southampton	Southampton	41	1208111	2024-10-26T14:00:00+00:00
130421	W. Smallbone	Missing Fixture	Thigh Injury	Southampton	Southampton	41	1208111	2024-10-26T14:00:00+00:00
45078	R. Stewart	Missing Fixture	Thigh Injury	Southampton	Southampton	41	1208111	2024-10-26T14:00:00+00:00
138822	A. Broja	Missing Fixture	Calf Injury	Everton	Everton	45	1208109	2024-10-26T16:30:00+00:00
330412	Chermiti	Missing Fixture	Ankle Injury	Everton	Everton	45	1208109	2024-10-26T16:30:00+00:00
895	J. Garner	Missing Fixture	Lower Back Injury	Everton	Everton	45	1208109	2024-10-26T16:30:00+00:00
284500	T. Iroegbunam	Missing Fixture	Ankle Injury	Everton	Everton	45	1208109	2024-10-26T16:30:00+00:00
2729	J. Andersen	Missing Fixture	Red Card	Fulham	Fulham	36	1208109	2024-10-26T16:30:00+00:00
2920	T. Castagne	Missing Fixture	Thigh Injury	Fulham	Fulham	36	1208109	2024-10-26T16:30:00+00:00
2823	S. Lukic	Missing Fixture	Shoulder Injury	Fulham	Fulham	36	1208109	2024-10-26T16:30:00+00:00
104	Carlos Vinicius	Questionable	Calf Injury	Fulham	Fulham	36	1208109	2024-10-26T16:30:00+00:00
1440	R. Holding	Missing Fixture	Lacking Match Fitness	Crystal Palace	Crystal Palace	52	1208108	2024-10-27T14:00:00+00:00
311157	Matheus Franca	Missing Fixture	Muscle Injury	Crystal Palace	Crystal Palace	52	1208108	2024-10-27T14:00:00+00:00
278898	C. Riad	Missing Fixture	Knee Injury	Crystal Palace	Crystal Palace	52	1208108	2024-10-27T14:00:00+00:00
126949	C. Richards	Missing Fixture	Thigh Injury	Crystal Palace	Crystal Palace	52	1208108	2024-10-27T14:00:00+00:00
3339	C. Doucoure	Questionable	Ankle Injury	Crystal Palace	Crystal Palace	52	1208108	2024-10-27T14:00:00+00:00
186	Son Heung-Min	Questionable	Injury	Tottenham	Tottenham	47	1208108	2024-10-27T14:00:00+00:00
19235	D. Spence	Questionable	Groin Injury	Tottenham	Tottenham	47	1208108	2024-10-27T14:00:00+00:00
329347	O. Kellyman	Missing Fixture	Muscle Injury	Chelsea	Chelsea	49	1208107	2024-10-27T14:00:00+00:00
38734	S. Botman	Missing Fixture	Knee Injury	Newcastle	Newcastle	34	1208107	2024-10-27T14:00:00+00:00
18894	J. Lascelles	Missing Fixture	Knee Injury	Newcastle	Newcastle	34	1208107	2024-10-27T14:00:00+00:00
169	K. Trippier	Missing Fixture	Muscle Injury	Newcastle	Newcastle	34	1208107	2024-10-27T14:00:00+00:00
2939	C. Wilson	Missing Fixture	Back Injury	Newcastle	Newcastle	34	1208107	2024-10-27T14:00:00+00:00
18886	M. Dubravka	Questionable	Knee Injury	Newcastle	Newcastle	34	1208107	2024-10-27T14:00:00+00:00
25391	N. Fullkrug	Missing Fixture	Achilles Tendon Injury	West Ham	West Ham	48	1208112	2024-10-27T14:00:00+00:00
15911	M. Kudus	Missing Fixture	Red Card	West Ham	West Ham	48	1208112	2024-10-27T14:00:00+00:00
9971	Antony	Missing Fixture	Ankle Injury	Manchester United	Man United	33	1208112	2024-10-27T14:00:00+00:00
2935	H. Maguire	Missing Fixture	Muscle Injury	Manchester United	Man United	33	1208112	2024-10-27T14:00:00+00:00
284322	K. Mainoo	Missing Fixture	Muscle Injury	Manchester United	Man United	33	1208112	2024-10-27T14:00:00+00:00
342970	L. Yoro	Missing Fixture	Ankle Injury	Manchester United	Man United	33	1208112	2024-10-27T14:00:00+00:00
37145	T. Malacia	Questionable	Knee Injury	Manchester United	Man United	33	1208112	2024-10-27T14:00:00+00:00
19220	M. Mount	Questionable	Head Injury	Manchester United	Man United	33	1208112	2024-10-27T14:00:00+00:00
891	L. Shaw	Questionable	Health problems	Manchester United	Man United	33	1208112	2024-10-27T14:00:00+00:00
157052	R. Calafiori	Missing Fixture	Knee Injury	Arsenal	Arsenal	42	1208103	2024-10-27T16:30:00+00:00
37127	M. Odegaard	Missing Fixture	Ankle Injury	Arsenal	Arsenal	42	1208103	2024-10-27T16:30:00+00:00
22090	W. Saliba	Missing Fixture	Red Card	Arsenal	Arsenal	42	1208103	2024-10-27T16:30:00+00:00
1117	K. Tierney	Missing Fixture	Muscle Injury	Arsenal	Arsenal	42	1208103	2024-10-27T16:30:00+00:00
2597	T. Tomiyasu	Missing Fixture	Knee Injury	Arsenal	Arsenal	42	1208103	2024-10-27T16:30:00+00:00
280	Alisson	Missing Fixture	Hamstring Injury	Liverpool	Liverpool	40	1208103	2024-10-27T16:30:00+00:00
2678	Diogo Jota	Missing Fixture	Muscle Injury	Liverpool	Liverpool	40	1208103	2024-10-27T16:30:00+00:00
19035	H. Elliott	Missing Fixture	Broken ankle	Liverpool	Liverpool	40	1208103	2024-10-27T16:30:00+00:00
180317	C. Bradley	Questionable	Injury	Liverpool	Liverpool	40	1208103	2024-10-27T16:30:00+00:00
30410	F. Chiesa	Questionable	Injury	Liverpool	Liverpool	40	1208103	2024-10-27T16:30:00+00:00
38734	S. Botman	Missing Fixture	Knee Injury	Newcastle	Newcastle	34	1208118	2024-11-02T12:30:00+00:00
18894	J. Lascelles	Missing Fixture	Knee Injury	Newcastle	Newcastle	34	1208118	2024-11-02T12:30:00+00:00
169	K. Trippier	Missing Fixture	Muscle Injury	Newcastle	Newcastle	34	1208118	2024-11-02T12:30:00+00:00
2939	C. Wilson	Missing Fixture	Back Injury	Newcastle	Newcastle	34	1208118	2024-11-02T12:30:00+00:00
19163	J. Murphy	Questionable	Thigh Injury	Newcastle	Newcastle	34	1208118	2024-11-02T12:30:00+00:00
157052	R. Calafiori	Missing Fixture	Knee Injury	Arsenal	Arsenal	42	1208118	2024-11-02T12:30:00+00:00
1117	K. Tierney	Missing Fixture	Muscle Injury	Arsenal	Arsenal	42	1208118	2024-11-02T12:30:00+00:00
2597	T. Tomiyasu	Missing Fixture	Knee Injury	Arsenal	Arsenal	42	1208118	2024-11-02T12:30:00+00:00
37127	M. Odegaard	Questionable	Ankle Injury	Arsenal	Arsenal	42	1208118	2024-11-02T12:30:00+00:00
2273	K. Arrizabalaga	Missing Fixture	Groin Injury	Bournemouth	Bournemouth	35	1208113	2024-11-02T15:00:00+00:00
304853	A. Scott	Missing Fixture	Knee Injury	Bournemouth	Bournemouth	35	1208113	2024-11-02T15:00:00+00:00
37161	L. Sinisterra	Missing Fixture	Injury	Bournemouth	Bournemouth	35	1208113	2024-11-02T15:00:00+00:00
284797	D. Ouattara	Questionable	Injury	Bournemouth	Bournemouth	35	1208113	2024-11-02T15:00:00+00:00
278133	O. Bobb	Missing Fixture	Leg Injury	Manchester City	Man City	50	1208113	2024-11-02T15:00:00+00:00
19187	J. Grealish	Missing Fixture	Injury	Manchester City	Man City	50	1208113	2024-11-02T15:00:00+00:00
44	Rodri	Missing Fixture	Knee Injury	Manchester City	Man City	50	1208113	2024-11-02T15:00:00+00:00
138836	H. Clarke	Missing Fixture	Red Card	Ipswich	Ipswich	57	1208115	2024-11-02T15:00:00+00:00
20167	J. Donacien	Missing Fixture	Groin Injury	Ipswich	Ipswich	57	1208115	2024-11-02T15:00:00+00:00
127579	J. Greaves	Missing Fixture	Thigh Injury	Ipswich	Ipswich	57	1208115	2024-11-02T15:00:00+00:00
19365	C. Ogbene	Missing Fixture	Calf Injury	Ipswich	Ipswich	57	1208115	2024-11-02T15:00:00+00:00
18397	J. Taylor	Missing Fixture	Injury	Ipswich	Ipswich	57	1208115	2024-11-02T15:00:00+00:00
19182	A. Tuanzebe	Missing Fixture	Finger Injury	Ipswich	Ipswich	57	1208115	2024-11-02T15:00:00+00:00
1098	P. Daka	Missing Fixture	Ankle Injury	Leicester	Leicester	46	1208115	2024-11-02T15:00:00+00:00
405905	N. Opoku	Missing Fixture	Broken Leg	Leicester	Leicester	46	1208115	2024-11-02T15:00:00+00:00
152970	J. Stolarczyk	Missing Fixture	Ankle Injury	Leicester	Leicester	46	1208115	2024-11-02T15:00:00+00:00
18779	H. Choudhury	Questionable	Shoulder Injury	Leicester	Leicester	46	1208115	2024-11-02T15:00:00+00:00
280	Alisson	Missing Fixture	Hamstring Injury	Liverpool	Liverpool	40	1208116	2024-11-02T15:00:00+00:00
30410	F. Chiesa	Missing Fixture	Muscle Injury	Liverpool	Liverpool	40	1208116	2024-11-02T15:00:00+00:00
2678	Diogo Jota	Missing Fixture	Chest Injury	Liverpool	Liverpool	40	1208116	2024-11-02T15:00:00+00:00
19035	H. Elliott	Missing Fixture	Broken ankle	Liverpool	Liverpool	40	1208116	2024-11-02T15:00:00+00:00
18973	S. March	Missing Fixture	Knee Injury	Brighton	Brighton	51	1208116	2024-11-02T15:00:00+00:00
296	J. Milner	Missing Fixture	Thigh Injury	Brighton	Brighton	51	1208116	2024-11-02T15:00:00+00:00
19265	A. Webster	Missing Fixture	Muscle Injury	Brighton	Brighton	51	1208116	2024-11-02T15:00:00+00:00
18963	L. Dunk	Questionable	Calf Injury	Brighton	Brighton	51	1208116	2024-11-02T15:00:00+00:00
10329	Joao Pedro	Questionable	Injury	Brighton	Brighton	51	1208116	2024-11-02T15:00:00+00:00
383685	Y. Minteh	Questionable	Muscle Injury	Brighton	Brighton	51	1208116	2024-11-02T15:00:00+00:00
19030	M. O'Riley	Questionable	Ankle Injury	Brighton	Brighton	51	1208116	2024-11-02T15:00:00+00:00
275170	Danilo	Missing Fixture	Ankle Injury	Nottingham Forest	Nott'm Forest	65	1208119	2024-11-02T15:00:00+00:00
22149	I. Sangare	Missing Fixture	Lacking Match Fitness	Nottingham Forest	Nott'm Forest	65	1208119	2024-11-02T15:00:00+00:00
2938	J. Ward-Prowse	Missing Fixture	Loan agreement	Nottingham Forest	Nott'm Forest	65	1208119	2024-11-02T15:00:00+00:00
25391	N. Fullkrug	Missing Fixture	Achilles Tendon Injury	West Ham	West Ham	48	1208119	2024-11-02T15:00:00+00:00
15911	M. Kudus	Missing Fixture	Red Card	West Ham	West Ham	48	1208119	2024-11-02T15:00:00+00:00
1243	T. Soucek	Missing Fixture	Illness	West Ham	West Ham	48	1208119	2024-11-02T15:00:00+00:00
105971	G. Bazunu	Missing Fixture	Achilles Tendon Injury	Southampton	Southampton	41	1208120	2024-11-02T15:00:00+00:00
130421	W. Smallbone	Missing Fixture	Thigh Injury	Southampton	Southampton	41	1208120	2024-11-02T15:00:00+00:00
45078	R. Stewart	Missing Fixture	Thigh Injury	Southampton	Southampton	41	1208120	2024-11-02T15:00:00+00:00
18873	R. Fraser	Questionable	Injury	Southampton	Southampton	41	1208120	2024-11-02T15:00:00+00:00
138822	A. Broja	Missing Fixture	Calf Injury	Everton	Everton	45	1208120	2024-11-02T15:00:00+00:00
330412	Chermiti	Missing Fixture	Ankle Injury	Everton	Everton	45	1208120	2024-11-02T15:00:00+00:00
895	J. Garner	Missing Fixture	Lower Back Injury	Everton	Everton	45	1208120	2024-11-02T15:00:00+00:00
284500	T. Iroegbunam	Missing Fixture	Ankle Injury	Everton	Everton	45	1208120	2024-11-02T15:00:00+00:00
380653	L. Chiwome	Missing Fixture	Ankle Injury	Wolves	Wolves	39	1208122	2024-11-02T17:30:00+00:00
385726	E. Gonzalez	Missing Fixture	Knee Injury	Wolves	Wolves	39	1208122	2024-11-02T17:30:00+00:00
24888	Hwang Hee-Chan	Missing Fixture	Ankle Injury	Wolves	Wolves	39	1208122	2024-11-02T17:30:00+00:00
7722	S. Kalajdzic	Missing Fixture	Knee Injury	Wolves	Wolves	39	1208122	2024-11-02T17:30:00+00:00
195717	Y. Mosquera	Missing Fixture	Knee Injury	Wolves	Wolves	39	1208122	2024-11-02T17:30:00+00:00
157912	B. Traore	Missing Fixture	Knee Injury	Wolves	Wolves	39	1208122	2024-11-02T17:30:00+00:00
388777	B. Meupiyou	Questionable	Injury	Wolves	Wolves	39	1208122	2024-11-02T17:30:00+00:00
19586	E. Eze	Missing Fixture	Thigh Injury	Crystal Palace	Crystal Palace	52	1208122	2024-11-02T17:30:00+00:00
1440	R. Holding	Missing Fixture	Lacking Match Fitness	Crystal Palace	Crystal Palace	52	1208122	2024-11-02T17:30:00+00:00
2490	J. Lerma	Missing Fixture	Thigh Injury	Crystal Palace	Crystal Palace	52	1208122	2024-11-02T17:30:00+00:00
311157	Matheus Franca	Missing Fixture	Muscle Injury	Crystal Palace	Crystal Palace	52	1208122	2024-11-02T17:30:00+00:00
278898	C. Riad	Missing Fixture	Knee Injury	Crystal Palace	Crystal Palace	52	1208122	2024-11-02T17:30:00+00:00
126949	C. Richards	Missing Fixture	Thigh Injury	Crystal Palace	Crystal Palace	52	1208122	2024-11-02T17:30:00+00:00
18847	J. Ward	Missing Fixture	Injury	Crystal Palace	Crystal Palace	52	1208122	2024-11-02T17:30:00+00:00
288102	A. Wharton	Missing Fixture	Groin Injury	Crystal Palace	Crystal Palace	52	1208122	2024-11-02T17:30:00+00:00
336564	W. Odobert	Missing Fixture	Thigh Injury	Tottenham	Tottenham	47	1208121	2024-11-03T14:00:00+00:00
152849	M. van de Ven	Missing Fixture	Thigh Injury	Tottenham	Tottenham	47	1208121	2024-11-03T14:00:00+00:00
19235	D. Spence	Questionable	Groin Injury	Tottenham	Tottenham	47	1208121	2024-11-03T14:00:00+00:00
2287	R. Barkley	Missing Fixture	Injury	Aston Villa	Aston Villa	66	1208121	2024-11-03T14:00:00+00:00
9971	Antony	Missing Fixture	Ankle Injury	Manchester United	Man United	33	1208117	2024-11-03T16:30:00+00:00
2935	H. Maguire	Missing Fixture	Muscle Injury	Manchester United	Man United	33	1208117	2024-11-03T16:30:00+00:00
284322	K. Mainoo	Missing Fixture	Muscle Injury	Manchester United	Man United	33	1208117	2024-11-03T16:30:00+00:00
891	L. Shaw	Missing Fixture	Health problems	Manchester United	Man United	33	1208117	2024-11-03T16:30:00+00:00
342970	L. Yoro	Missing Fixture	Ankle Injury	Manchester United	Man United	33	1208117	2024-11-03T16:30:00+00:00
37145	T. Malacia	Questionable	Knee Injury	Manchester United	Man United	33	1208117	2024-11-03T16:30:00+00:00
19220	M. Mount	Questionable	Head Injury	Manchester United	Man United	33	1208117	2024-11-03T16:30:00+00:00
329347	O. Kellyman	Missing Fixture	Muscle Injury	Chelsea	Chelsea	49	1208117	2024-11-03T16:30:00+00:00
18	J. Sancho	Missing Fixture	Illness	Chelsea	Chelsea	49	1208117	2024-11-03T16:30:00+00:00
2823	S. Lukic	Missing Fixture	Shoulder Injury	Fulham	Fulham	36	1208114	2024-11-04T20:00:00+00:00
104	Carlos Vinicius	Questionable	Calf Injury	Fulham	Fulham	36	1208114	2024-11-04T20:00:00+00:00
19362	J. Dasilva	Missing Fixture	Knee Injury	Brentford	Brentford	55	1208114	2024-11-04T20:00:00+00:00
427736	Gustavo Nunes	Missing Fixture	Back Injury	Brentford	Brentford	55	1208114	2024-11-04T20:00:00+00:00
19346	R. Henry	Missing Fixture	Knee Injury	Brentford	Brentford	55	1208114	2024-11-04T20:00:00+00:00
44871	A. Hickey	Missing Fixture	Thigh Injury	Brentford	Brentford	55	1208114	2024-11-04T20:00:00+00:00
196156	I. Thiago	Missing Fixture	Knee Injury	Brentford	Brentford	55	1208114	2024-11-04T20:00:00+00:00
1119	K. Ajer	Missing Fixture	Foot Injury	Brentford	Brentford	55	1208123	2024-11-09T15:00:00+00:00
19362	J. Dasilva	Missing Fixture	Knee Injury	Brentford	Brentford	55	1208123	2024-11-09T15:00:00+00:00
19346	R. Henry	Missing Fixture	Knee Injury	Brentford	Brentford	55	1208123	2024-11-09T15:00:00+00:00
44871	A. Hickey	Missing Fixture	Thigh Injury	Brentford	Brentford	55	1208123	2024-11-09T15:00:00+00:00
196156	I. Thiago	Missing Fixture	Knee Injury	Brentford	Brentford	55	1208123	2024-11-09T15:00:00+00:00
284797	D. Ouattara	Missing Fixture	Injury	Bournemouth	Bournemouth	35	1208123	2024-11-09T15:00:00+00:00
304853	A. Scott	Missing Fixture	Knee Injury	Bournemouth	Bournemouth	35	1208123	2024-11-09T15:00:00+00:00
37161	L. Sinisterra	Missing Fixture	Injury	Bournemouth	Bournemouth	35	1208123	2024-11-09T15:00:00+00:00
19586	E. Eze	Missing Fixture	Thigh Injury	Crystal Palace	Crystal Palace	52	1208126	2024-11-09T15:00:00+00:00
1440	R. Holding	Missing Fixture	Lacking Match Fitness	Crystal Palace	Crystal Palace	52	1208126	2024-11-09T15:00:00+00:00
18806	W. Hughes	Missing Fixture	Yellow Cards	Crystal Palace	Crystal Palace	52	1208126	2024-11-09T15:00:00+00:00
2490	J. Lerma	Missing Fixture	Thigh Injury	Crystal Palace	Crystal Palace	52	1208126	2024-11-09T15:00:00+00:00
311157	Matheus Franca	Missing Fixture	Muscle Injury	Crystal Palace	Crystal Palace	52	1208126	2024-11-09T15:00:00+00:00
1468	E. Nketiah	Missing Fixture	Thigh Injury	Crystal Palace	Crystal Palace	52	1208126	2024-11-09T15:00:00+00:00
278898	C. Riad	Missing Fixture	Knee Injury	Crystal Palace	Crystal Palace	52	1208126	2024-11-09T15:00:00+00:00
288102	A. Wharton	Missing Fixture	Groin Injury	Crystal Palace	Crystal Palace	52	1208126	2024-11-09T15:00:00+00:00
2823	S. Lukic	Missing Fixture	Shoulder Injury	Fulham	Fulham	36	1208126	2024-11-09T15:00:00+00:00
2869	E. Alvarez	Missing Fixture	Red Card	West Ham	West Ham	48	1208131	2024-11-09T15:00:00+00:00
25391	N. Fullkrug	Missing Fixture	Achilles Tendon Injury	West Ham	West Ham	48	1208131	2024-11-09T15:00:00+00:00
15911	M. Kudus	Missing Fixture	Red Card	West Ham	West Ham	48	1208131	2024-11-09T15:00:00+00:00
138822	A. Broja	Missing Fixture	Calf Injury	Everton	Everton	45	1208131	2024-11-09T15:00:00+00:00
330412	Chermiti	Missing Fixture	Ankle Injury	Everton	Everton	45	1208131	2024-11-09T15:00:00+00:00
895	J. Garner	Missing Fixture	Lower Back Injury	Everton	Everton	45	1208131	2024-11-09T15:00:00+00:00
284500	T. Iroegbunam	Missing Fixture	Ankle Injury	Everton	Everton	45	1208131	2024-11-09T15:00:00+00:00
18758	S. Coleman	Questionable	Thigh Injury	Everton	Everton	45	1208131	2024-11-09T15:00:00+00:00
18929	D. McNeil	Questionable	Knee Injury	Everton	Everton	45	1208131	2024-11-09T15:00:00+00:00
380653	L. Chiwome	Missing Fixture	Ankle Injury	Wolves	Wolves	39	1208132	2024-11-09T15:00:00+00:00
385726	E. Gonzalez	Missing Fixture	Knee Injury	Wolves	Wolves	39	1208132	2024-11-09T15:00:00+00:00
7722	S. Kalajdzic	Missing Fixture	Knee Injury	Wolves	Wolves	39	1208132	2024-11-09T15:00:00+00:00
195717	Y. Mosquera	Missing Fixture	Knee Injury	Wolves	Wolves	39	1208132	2024-11-09T15:00:00+00:00
157912	B. Traore	Missing Fixture	Knee Injury	Wolves	Wolves	39	1208132	2024-11-09T15:00:00+00:00
388777	B. Meupiyou	Questionable	Injury	Wolves	Wolves	39	1208132	2024-11-09T15:00:00+00:00
105971	G. Bazunu	Missing Fixture	Achilles Tendon Injury	Southampton	Southampton	41	1208132	2024-11-09T15:00:00+00:00
130421	W. Smallbone	Missing Fixture	Thigh Injury	Southampton	Southampton	41	1208132	2024-11-09T15:00:00+00:00
45078	R. Stewart	Missing Fixture	Thigh Injury	Southampton	Southampton	41	1208132	2024-11-09T15:00:00+00:00
18873	R. Fraser	Questionable	Injury	Southampton	Southampton	41	1208132	2024-11-09T15:00:00+00:00
18973	S. March	Missing Fixture	Knee Injury	Brighton	Brighton	51	1208124	2024-11-09T17:30:00+00:00
296	J. Milner	Missing Fixture	Thigh Injury	Brighton	Brighton	51	1208124	2024-11-09T17:30:00+00:00
19265	A. Webster	Missing Fixture	Muscle Injury	Brighton	Brighton	51	1208124	2024-11-09T17:30:00+00:00
18963	L. Dunk	Questionable	Calf Injury	Brighton	Brighton	51	1208124	2024-11-09T17:30:00+00:00
383685	Y. Minteh	Questionable	Muscle Injury	Brighton	Brighton	51	1208124	2024-11-09T17:30:00+00:00
278133	O. Bobb	Missing Fixture	Leg Injury	Manchester City	Man City	50	1208124	2024-11-09T17:30:00+00:00
567	R. Dias	Missing Fixture	Injury	Manchester City	Man City	50	1208124	2024-11-09T17:30:00+00:00
19187	J. Grealish	Missing Fixture	Injury	Manchester City	Man City	50	1208124	2024-11-09T17:30:00+00:00
44	Rodri	Missing Fixture	Knee Injury	Manchester City	Man City	50	1208124	2024-11-09T17:30:00+00:00
626	J. Stones	Missing Fixture	Ankle Injury	Manchester City	Man City	50	1208124	2024-11-09T17:30:00+00:00
280	Alisson	Missing Fixture	Hamstring Injury	Liverpool	Liverpool	40	1208127	2024-11-09T20:00:00+00:00
30410	F. Chiesa	Missing Fixture	Muscle Injury	Liverpool	Liverpool	40	1208127	2024-11-09T20:00:00+00:00
2678	Diogo Jota	Missing Fixture	Chest Injury	Liverpool	Liverpool	40	1208127	2024-11-09T20:00:00+00:00
19035	H. Elliott	Missing Fixture	Broken ankle	Liverpool	Liverpool	40	1208127	2024-11-09T20:00:00+00:00
2287	R. Barkley	Missing Fixture	Muscle Injury	Aston Villa	Aston Villa	66	1208127	2024-11-09T20:00:00+00:00
19298	M. Cash	Missing Fixture	Calf Injury	Aston Villa	Aston Villa	66	1208127	2024-11-09T20:00:00+00:00
2935	H. Maguire	Missing Fixture	Muscle Injury	Manchester United	Man United	33	1208128	2024-11-10T14:00:00+00:00
284322	K. Mainoo	Missing Fixture	Muscle Injury	Manchester United	Man United	33	1208128	2024-11-10T14:00:00+00:00
37145	T. Malacia	Missing Fixture	Knee Injury	Manchester United	Man United	33	1208128	2024-11-10T14:00:00+00:00
891	L. Shaw	Missing Fixture	Health problems	Manchester United	Man United	33	1208128	2024-11-10T14:00:00+00:00
342970	L. Yoro	Missing Fixture	Ankle Injury	Manchester United	Man United	33	1208128	2024-11-10T14:00:00+00:00
405905	N. Opoku	Missing Fixture	Broken Leg	Leicester	Leicester	46	1208128	2024-11-10T14:00:00+00:00
152970	J. Stolarczyk	Missing Fixture	Ankle Injury	Leicester	Leicester	46	1208128	2024-11-10T14:00:00+00:00
1098	P. Daka	Questionable	Ankle Injury	Leicester	Leicester	46	1208128	2024-11-10T14:00:00+00:00
19004	B. De Cordova-Reid	Questionable	Calf Injury	Leicester	Leicester	46	1208128	2024-11-10T14:00:00+00:00
275170	Danilo	Missing Fixture	Ankle Injury	Nottingham Forest	Nott'm Forest	65	1208129	2024-11-10T14:00:00+00:00
22149	I. Sangare	Missing Fixture	Lacking Match Fitness	Nottingham Forest	Nott'm Forest	65	1208129	2024-11-10T14:00:00+00:00
38734	S. Botman	Missing Fixture	Knee Injury	Newcastle	Newcastle	34	1208129	2024-11-10T14:00:00+00:00
18894	J. Lascelles	Missing Fixture	Knee Injury	Newcastle	Newcastle	34	1208129	2024-11-10T14:00:00+00:00
2939	C. Wilson	Missing Fixture	Back Injury	Newcastle	Newcastle	34	1208129	2024-11-10T14:00:00+00:00
380690	M. Moore	Missing Fixture	Illness	Tottenham	Tottenham	47	1208130	2024-11-10T14:00:00+00:00
336564	W. Odobert	Missing Fixture	Thigh Injury	Tottenham	Tottenham	47	1208130	2024-11-10T14:00:00+00:00
2413	Richarlison	Missing Fixture	Thigh Injury	Tottenham	Tottenham	47	1208130	2024-11-10T14:00:00+00:00
152849	M. van de Ven	Missing Fixture	Thigh Injury	Tottenham	Tottenham	47	1208130	2024-11-10T14:00:00+00:00
20167	J. Donacien	Missing Fixture	Groin Injury	Ipswich	Ipswich	57	1208130	2024-11-10T14:00:00+00:00
127579	J. Greaves	Missing Fixture	Thigh Injury	Ipswich	Ipswich	57	1208130	2024-11-10T14:00:00+00:00
19365	C. Ogbene	Missing Fixture	Calf Injury	Ipswich	Ipswich	57	1208130	2024-11-10T14:00:00+00:00
18397	J. Taylor	Missing Fixture	Injury	Ipswich	Ipswich	57	1208130	2024-11-10T14:00:00+00:00
329347	O. Kellyman	Missing Fixture	Muscle Injury	Chelsea	Chelsea	49	1208125	2024-11-10T16:30:00+00:00
18	J. Sancho	Questionable	Illness	Chelsea	Chelsea	49	1208125	2024-11-10T16:30:00+00:00
157052	R. Calafiori	Missing Fixture	Knee Injury	Arsenal	Arsenal	42	1208125	2024-11-10T16:30:00+00:00
645	R. Sterling	Missing Fixture	Loan agreement	Arsenal	Arsenal	42	1208125	2024-11-10T16:30:00+00:00
1117	K. Tierney	Missing Fixture	Muscle Injury	Arsenal	Arsenal	42	1208125	2024-11-10T16:30:00+00:00
2597	T. Tomiyasu	Missing Fixture	Knee Injury	Arsenal	Arsenal	42	1208125	2024-11-10T16:30:00+00:00
311334	F. Buonanotte	Missing Fixture	Yellow Cards	Leicester	Leicester	46	1208139	2024-11-23T12:30:00+00:00
303467	I. Fatawu	Missing Fixture	Knee Injury	Leicester	Leicester	46	1208139	2024-11-23T12:30:00+00:00
405905	N. Opoku	Missing Fixture	Broken Leg	Leicester	Leicester	46	1208139	2024-11-23T12:30:00+00:00
18771	R. Pereira	Missing Fixture	Thigh Injury	Leicester	Leicester	46	1208139	2024-11-23T12:30:00+00:00
152970	J. Stolarczyk	Missing Fixture	Ankle Injury	Leicester	Leicester	46	1208139	2024-11-23T12:30:00+00:00
19545	R. James	Missing Fixture	Thigh Injury	Chelsea	Chelsea	49	1208139	2024-11-23T12:30:00+00:00
329347	O. Kellyman	Missing Fixture	Muscle Injury	Chelsea	Chelsea	49	1208139	2024-11-23T12:30:00+00:00
1117	K. Tierney	Missing Fixture	Muscle Injury	Arsenal	Arsenal	42	1208134	2024-11-23T15:00:00+00:00
2597	T. Tomiyasu	Missing Fixture	Knee Injury	Arsenal	Arsenal	42	1208134	2024-11-23T15:00:00+00:00
19959	B. White	Missing Fixture	Knee Injury	Arsenal	Arsenal	42	1208134	2024-11-23T15:00:00+00:00
275170	Danilo	Missing Fixture	Ankle Injury	Nottingham Forest	Nott'm Forest	65	1208134	2024-11-23T15:00:00+00:00
22149	I. Sangare	Missing Fixture	Foot Injury	Nottingham Forest	Nott'm Forest	65	1208134	2024-11-23T15:00:00+00:00
138908	E. Anderson	Questionable	Ankle Injury	Nottingham Forest	Nott'm Forest	65	1208134	2024-11-23T15:00:00+00:00
1904	B. Kamara	Missing Fixture	Muscle Injury	Aston Villa	Aston Villa	66	1208135	2024-11-23T15:00:00+00:00
19354	E. Konsa	Missing Fixture	Hip Injury	Aston Villa	Aston Villa	66	1208135	2024-11-23T15:00:00+00:00
162714	A. Onana	Missing Fixture	Foot Injury	Aston Villa	Aston Villa	66	1208135	2024-11-23T15:00:00+00:00
19192	J. Ramsey	Missing Fixture	Hamstring Injury	Aston Villa	Aston Villa	66	1208135	2024-11-23T15:00:00+00:00
1440	R. Holding	Missing Fixture	Lacking Match Fitness	Crystal Palace	Crystal Palace	52	1208135	2024-11-23T15:00:00+00:00
2601	D. Kamada	Missing Fixture	Red Card	Crystal Palace	Crystal Palace	52	1208135	2024-11-23T15:00:00+00:00
311157	Matheus Franca	Missing Fixture	Muscle Injury	Crystal Palace	Crystal Palace	52	1208135	2024-11-23T15:00:00+00:00
1468	E. Nketiah	Missing Fixture	Thigh Injury	Crystal Palace	Crystal Palace	52	1208135	2024-11-23T15:00:00+00:00
278898	C. Riad	Missing Fixture	Knee Injury	Crystal Palace	Crystal Palace	52	1208135	2024-11-23T15:00:00+00:00
288102	A. Wharton	Missing Fixture	Groin Injury	Crystal Palace	Crystal Palace	52	1208135	2024-11-23T15:00:00+00:00
19586	E. Eze	Questionable	Thigh Injury	Crystal Palace	Crystal Palace	52	1208135	2024-11-23T15:00:00+00:00
51051	J. Araujo	Missing Fixture	Thigh Injury	Bournemouth	Bournemouth	35	1208133	2024-11-23T15:00:00+00:00
1125	R. Christie	Missing Fixture	Yellow Cards	Bournemouth	Bournemouth	35	1208133	2024-11-23T15:00:00+00:00
304853	A. Scott	Missing Fixture	Knee Injury	Bournemouth	Bournemouth	35	1208133	2024-11-23T15:00:00+00:00
37161	L. Sinisterra	Missing Fixture	Injury	Bournemouth	Bournemouth	35	1208133	2024-11-23T15:00:00+00:00
18973	S. March	Missing Fixture	Knee Injury	Brighton	Brighton	51	1208133	2024-11-23T15:00:00+00:00
296	J. Milner	Missing Fixture	Thigh Injury	Brighton	Brighton	51	1208133	2024-11-23T15:00:00+00:00
18963	L. Dunk	Questionable	Calf Injury	Brighton	Brighton	51	1208133	2024-11-23T15:00:00+00:00
305730	J. Hinshelwood	Questionable	Knee Injury	Brighton	Brighton	51	1208133	2024-11-23T15:00:00+00:00
1361	F. Kadioglu	Questionable	Toe Injury	Brighton	Brighton	51	1208133	2024-11-23T15:00:00+00:00
138815	T. Lamptey	Questionable	Calf Injury	Brighton	Brighton	51	1208133	2024-11-23T15:00:00+00:00
19265	A. Webster	Questionable	Muscle Injury	Brighton	Brighton	51	1208133	2024-11-23T15:00:00+00:00
138822	A. Broja	Missing Fixture	Calf Injury	Everton	Everton	45	1208136	2024-11-23T15:00:00+00:00
330412	Chermiti	Missing Fixture	Ankle Injury	Everton	Everton	45	1208136	2024-11-23T15:00:00+00:00
18758	S. Coleman	Missing Fixture	Thigh Injury	Everton	Everton	45	1208136	2024-11-23T15:00:00+00:00
895	J. Garner	Missing Fixture	Lower Back Injury	Everton	Everton	45	1208136	2024-11-23T15:00:00+00:00
284500	T. Iroegbunam	Missing Fixture	Ankle Injury	Everton	Everton	45	1208136	2024-11-23T15:00:00+00:00
1119	K. Ajer	Missing Fixture	Foot Injury	Brentford	Brentford	55	1208136	2024-11-23T15:00:00+00:00
19362	J. Dasilva	Missing Fixture	Knee Injury	Brentford	Brentford	55	1208136	2024-11-23T15:00:00+00:00
19346	R. Henry	Missing Fixture	Knee Injury	Brentford	Brentford	55	1208136	2024-11-23T15:00:00+00:00
44871	A. Hickey	Missing Fixture	Thigh Injury	Brentford	Brentford	55	1208136	2024-11-23T15:00:00+00:00
19480	H. Reed	Missing Fixture	Knee Injury	Fulham	Fulham	36	1208137	2024-11-23T15:00:00+00:00
380653	L. Chiwome	Missing Fixture	Ankle Injury	Wolves	Wolves	39	1208137	2024-11-23T15:00:00+00:00
385726	E. Gonzalez	Missing Fixture	Knee Injury	Wolves	Wolves	39	1208137	2024-11-23T15:00:00+00:00
7722	S. Kalajdzic	Missing Fixture	Knee Injury	Wolves	Wolves	39	1208137	2024-11-23T15:00:00+00:00
388777	B. Meupiyou	Missing Fixture	Injury	Wolves	Wolves	39	1208137	2024-11-23T15:00:00+00:00
195717	Y. Mosquera	Missing Fixture	Knee Injury	Wolves	Wolves	39	1208137	2024-11-23T15:00:00+00:00
157912	B. Traore	Missing Fixture	Knee Injury	Wolves	Wolves	39	1208137	2024-11-23T15:00:00+00:00
449245	Pedro Lima	Questionable	Ankle Injury	Wolves	Wolves	39	1208137	2024-11-23T15:00:00+00:00
278133	O. Bobb	Missing Fixture	Leg Injury	Manchester City	Man City	50	1208140	2024-11-23T17:30:00+00:00
567	R. Dias	Missing Fixture	Injury	Manchester City	Man City	50	1208140	2024-11-23T17:30:00+00:00
2291	M. Kovacic	Missing Fixture	Injury	Manchester City	Man City	50	1208140	2024-11-23T17:30:00+00:00
44	Rodri	Missing Fixture	Knee Injury	Manchester City	Man City	50	1208140	2024-11-23T17:30:00+00:00
1422	J. Doku	Questionable	Muscle Injury	Manchester City	Man City	50	1208140	2024-11-23T17:30:00+00:00
863	R. Bentancur	Missing Fixture	Suspended	Tottenham	Tottenham	47	1208140	2024-11-23T17:30:00+00:00
380690	M. Moore	Missing Fixture	Illness	Tottenham	Tottenham	47	1208140	2024-11-23T17:30:00+00:00
336564	W. Odobert	Missing Fixture	Thigh Injury	Tottenham	Tottenham	47	1208140	2024-11-23T17:30:00+00:00
2413	Richarlison	Missing Fixture	Thigh Injury	Tottenham	Tottenham	47	1208140	2024-11-23T17:30:00+00:00
30776	C. Romero	Missing Fixture	Ankle Injury	Tottenham	Tottenham	47	1208140	2024-11-23T17:30:00+00:00
152849	M. van de Ven	Missing Fixture	Thigh Injury	Tottenham	Tottenham	47	1208140	2024-11-23T17:30:00+00:00
105971	G. Bazunu	Missing Fixture	Achilles Tendon Injury	Southampton	Southampton	41	1208142	2024-11-24T14:00:00+00:00
2999	J. Bednarek	Missing Fixture	Knee Injury	Southampton	Southampton	41	1208142	2024-11-24T14:00:00+00:00
20355	A. Ramsdale	Missing Fixture	Finger Injury	Southampton	Southampton	41	1208142	2024-11-24T14:00:00+00:00
130421	W. Smallbone	Missing Fixture	Thigh Injury	Southampton	Southampton	41	1208142	2024-11-24T14:00:00+00:00
45078	R. Stewart	Missing Fixture	Thigh Injury	Southampton	Southampton	41	1208142	2024-11-24T14:00:00+00:00
283	T. Alexander-Arnold	Missing Fixture	Thigh Injury	Liverpool	Liverpool	40	1208142	2024-11-24T14:00:00+00:00
280	Alisson	Missing Fixture	Hamstring Injury	Liverpool	Liverpool	40	1208142	2024-11-24T14:00:00+00:00
30410	F. Chiesa	Missing Fixture	Muscle Injury	Liverpool	Liverpool	40	1208142	2024-11-24T14:00:00+00:00
2678	Diogo Jota	Missing Fixture	Chest Injury	Liverpool	Liverpool	40	1208142	2024-11-24T14:00:00+00:00
20167	J. Donacien	Missing Fixture	Groin Injury	Ipswich	Ipswich	57	1208138	2024-11-24T16:30:00+00:00
8794	G. Hirst	Missing Fixture	Knee Injury	Ipswich	Ipswich	57	1208138	2024-11-24T16:30:00+00:00
19365	C. Ogbene	Missing Fixture	Calf Injury	Ipswich	Ipswich	57	1208138	2024-11-24T16:30:00+00:00
126791	N. Broadhead	Questionable	Groin Injury	Ipswich	Ipswich	57	1208138	2024-11-24T16:30:00+00:00
127579	J. Greaves	Questionable	Thigh Injury	Ipswich	Ipswich	57	1208138	2024-11-24T16:30:00+00:00
19130	K. Phillips	Questionable	Injury	Ipswich	Ipswich	57	1208138	2024-11-24T16:30:00+00:00
889	V. Lindelof	Missing Fixture	Muscle Injury	Manchester United	Man United	33	1208138	2024-11-24T16:30:00+00:00
2935	H. Maguire	Missing Fixture	Muscle Injury	Manchester United	Man United	33	1208138	2024-11-24T16:30:00+00:00
342970	L. Yoro	Missing Fixture	Ankle Injury	Manchester United	Man United	33	1208138	2024-11-24T16:30:00+00:00
2467	L. Martinez	Questionable	Back Injury	Manchester United	Man United	33	1208138	2024-11-24T16:30:00+00:00
38734	S. Botman	Missing Fixture	Knee Injury	Newcastle	Newcastle	34	1208141	2024-11-25T20:00:00+00:00
18961	D. Burn	Missing Fixture	Yellow Cards	Newcastle	Newcastle	34	1208141	2024-11-25T20:00:00+00:00
2855	E. Krafth	Missing Fixture	Shoulder Injury	Newcastle	Newcastle	34	1208141	2024-11-25T20:00:00+00:00
18894	J. Lascelles	Missing Fixture	Knee Injury	Newcastle	Newcastle	34	1208141	2024-11-25T20:00:00+00:00
25391	N. Fullkrug	Missing Fixture	Achilles Tendon Injury	West Ham	West Ham	48	1208141	2024-11-25T20:00:00+00:00
15911	M. Kudus	Missing Fixture	Red Card	West Ham	West Ham	48	1208141	2024-11-25T20:00:00+00:00
356041	C. Baleba	Missing Fixture	Red Card	Brighton	Brighton	51	1208144	2024-11-29T20:00:00+00:00
18973	S. March	Missing Fixture	Knee Injury	Brighton	Brighton	51	1208144	2024-11-29T20:00:00+00:00
296	J. Milner	Missing Fixture	Thigh Injury	Brighton	Brighton	51	1208144	2024-11-29T20:00:00+00:00
19265	A. Webster	Missing Fixture	Muscle Injury	Brighton	Brighton	51	1208144	2024-11-29T20:00:00+00:00
305730	J. Hinshelwood	Questionable	Knee Injury	Brighton	Brighton	51	1208144	2024-11-29T20:00:00+00:00
1361	F. Kadioglu	Questionable	Toe Injury	Brighton	Brighton	51	1208144	2024-11-29T20:00:00+00:00
105971	G. Bazunu	Missing Fixture	Achilles Tendon Injury	Southampton	Southampton	41	1208144	2024-11-29T20:00:00+00:00
2999	J. Bednarek	Missing Fixture	Knee Injury	Southampton	Southampton	41	1208144	2024-11-29T20:00:00+00:00
295	A. Lallana	Missing Fixture	Thigh Injury	Southampton	Southampton	41	1208144	2024-11-29T20:00:00+00:00
20355	A. Ramsdale	Missing Fixture	Finger Injury	Southampton	Southampton	41	1208144	2024-11-29T20:00:00+00:00
130421	W. Smallbone	Missing Fixture	Thigh Injury	Southampton	Southampton	41	1208144	2024-11-29T20:00:00+00:00
45078	R. Stewart	Missing Fixture	Thigh Injury	Southampton	Southampton	41	1208144	2024-11-29T20:00:00+00:00
15812	P. Onuachu	Questionable	Injury	Southampton	Southampton	41	1208144	2024-11-29T20:00:00+00:00
1119	K. Ajer	Missing Fixture	Foot Injury	Brentford	Brentford	55	1208143	2024-11-30T15:00:00+00:00
19362	J. Dasilva	Missing Fixture	Knee Injury	Brentford	Brentford	55	1208143	2024-11-30T15:00:00+00:00
19346	R. Henry	Missing Fixture	Knee Injury	Brentford	Brentford	55	1208143	2024-11-30T15:00:00+00:00
44871	A. Hickey	Missing Fixture	Thigh Injury	Brentford	Brentford	55	1208143	2024-11-30T15:00:00+00:00
303467	I. Fatawu	Missing Fixture	Knee Injury	Leicester	Leicester	46	1208143	2024-11-30T15:00:00+00:00
405905	N. Opoku	Missing Fixture	Broken Leg	Leicester	Leicester	46	1208143	2024-11-30T15:00:00+00:00
18771	R. Pereira	Missing Fixture	Thigh Injury	Leicester	Leicester	46	1208143	2024-11-30T15:00:00+00:00
152970	J. Stolarczyk	Missing Fixture	Ankle Injury	Leicester	Leicester	46	1208143	2024-11-30T15:00:00+00:00
182	H. Winks	Missing Fixture	Muscle Injury	Leicester	Leicester	46	1208143	2024-11-30T15:00:00+00:00
1440	R. Holding	Missing Fixture	Lacking Match Fitness	Crystal Palace	Crystal Palace	52	1208146	2024-11-30T15:00:00+00:00
2601	D. Kamada	Missing Fixture	Red Card	Crystal Palace	Crystal Palace	52	1208146	2024-11-30T15:00:00+00:00
311157	Matheus Franca	Missing Fixture	Muscle Injury	Crystal Palace	Crystal Palace	52	1208146	2024-11-30T15:00:00+00:00
278898	C. Riad	Missing Fixture	Knee Injury	Crystal Palace	Crystal Palace	52	1208146	2024-11-30T15:00:00+00:00
288102	A. Wharton	Missing Fixture	Groin Injury	Crystal Palace	Crystal Palace	52	1208146	2024-11-30T15:00:00+00:00
38734	S. Botman	Missing Fixture	Knee Injury	Newcastle	Newcastle	34	1208146	2024-11-30T15:00:00+00:00
2855	E. Krafth	Missing Fixture	Shoulder Injury	Newcastle	Newcastle	34	1208146	2024-11-30T15:00:00+00:00
18894	J. Lascelles	Missing Fixture	Knee Injury	Newcastle	Newcastle	34	1208146	2024-11-30T15:00:00+00:00
275170	Danilo	Missing Fixture	Ankle Injury	Nottingham Forest	Nott'm Forest	65	1208149	2024-11-30T15:00:00+00:00
22149	I. Sangare	Missing Fixture	Foot Injury	Nottingham Forest	Nott'm Forest	65	1208149	2024-11-30T15:00:00+00:00
20167	J. Donacien	Missing Fixture	Groin Injury	Ipswich	Ipswich	57	1208149	2024-11-30T15:00:00+00:00
8794	G. Hirst	Missing Fixture	Knee Injury	Ipswich	Ipswich	57	1208149	2024-11-30T15:00:00+00:00
19365	C. Ogbene	Missing Fixture	Calf Injury	Ipswich	Ipswich	57	1208149	2024-11-30T15:00:00+00:00
18823	B. Johnson	Questionable	Knock	Ipswich	Ipswich	57	1208149	2024-11-30T15:00:00+00:00
19130	K. Phillips	Questionable	Injury	Ipswich	Ipswich	57	1208149	2024-11-30T15:00:00+00:00
380653	L. Chiwome	Missing Fixture	Ankle Injury	Wolves	Wolves	39	1208152	2024-11-30T15:00:00+00:00
385726	E. Gonzalez	Missing Fixture	Knee Injury	Wolves	Wolves	39	1208152	2024-11-30T15:00:00+00:00
7722	S. Kalajdzic	Missing Fixture	Knee Injury	Wolves	Wolves	39	1208152	2024-11-30T15:00:00+00:00
195717	Y. Mosquera	Missing Fixture	Knee Injury	Wolves	Wolves	39	1208152	2024-11-30T15:00:00+00:00
157912	B. Traore	Missing Fixture	Knee Injury	Wolves	Wolves	39	1208152	2024-11-30T15:00:00+00:00
449245	Pedro Lima	Questionable	Ankle Injury	Wolves	Wolves	39	1208152	2024-11-30T15:00:00+00:00
51051	J. Araujo	Missing Fixture	Thigh Injury	Bournemouth	Bournemouth	35	1208152	2024-11-30T15:00:00+00:00
304853	A. Scott	Missing Fixture	Knee Injury	Bournemouth	Bournemouth	35	1208152	2024-11-30T15:00:00+00:00
19281	A. Semenyo	Missing Fixture	Yellow Cards	Bournemouth	Bournemouth	35	1208152	2024-11-30T15:00:00+00:00
37161	L. Sinisterra	Missing Fixture	Injury	Bournemouth	Bournemouth	35	1208152	2024-11-30T15:00:00+00:00
25391	N. Fullkrug	Missing Fixture	Achilles Tendon Injury	West Ham	West Ham	48	1208151	2024-11-30T17:30:00+00:00
15911	M. Kudus	Missing Fixture	Red Card	West Ham	West Ham	48	1208151	2024-11-30T17:30:00+00:00
2597	T. Tomiyasu	Missing Fixture	Knee Injury	Arsenal	Arsenal	42	1208151	2024-11-30T17:30:00+00:00
19959	B. White	Missing Fixture	Knee Injury	Arsenal	Arsenal	42	1208151	2024-11-30T17:30:00+00:00
19545	R. James	Missing Fixture	Thigh Injury	Chelsea	Chelsea	49	1208145	2024-12-01T13:30:00+00:00
329347	O. Kellyman	Missing Fixture	Muscle Injury	Chelsea	Chelsea	49	1208145	2024-12-01T13:30:00+00:00
19192	J. Ramsey	Missing Fixture	Hamstring Injury	Aston Villa	Aston Villa	66	1208145	2024-12-01T13:30:00+00:00
162714	A. Onana	Questionable	Foot Injury	Aston Villa	Aston Villa	66	1208145	2024-12-01T13:30:00+00:00
889	V. Lindelof	Missing Fixture	Muscle Injury	Manchester United	Man United	33	1208148	2024-12-01T13:30:00+00:00
342970	L. Yoro	Missing Fixture	Ankle Injury	Manchester United	Man United	33	1208148	2024-12-01T13:30:00+00:00
18772	J. Evans	Questionable	Knock	Manchester United	Man United	33	1208148	2024-12-01T13:30:00+00:00
895	J. Garner	Missing Fixture	Lower Back Injury	Everton	Everton	45	1208148	2024-12-01T13:30:00+00:00
284500	T. Iroegbunam	Missing Fixture	Ankle Injury	Everton	Everton	45	1208148	2024-12-01T13:30:00+00:00
138822	A. Broja	Questionable	Calf Injury	Everton	Everton	45	1208148	2024-12-01T13:30:00+00:00
330412	Chermiti	Questionable	Ankle Injury	Everton	Everton	45	1208148	2024-12-01T13:30:00+00:00
863	R. Bentancur	Missing Fixture	Suspended	Tottenham	Tottenham	47	1208150	2024-12-01T13:30:00+00:00
380690	M. Moore	Missing Fixture	Illness	Tottenham	Tottenham	47	1208150	2024-12-01T13:30:00+00:00
336564	W. Odobert	Missing Fixture	Thigh Injury	Tottenham	Tottenham	47	1208150	2024-12-01T13:30:00+00:00
2413	Richarlison	Missing Fixture	Thigh Injury	Tottenham	Tottenham	47	1208150	2024-12-01T13:30:00+00:00
31354	G. Vicario	Missing Fixture	Broken ankle	Tottenham	Tottenham	47	1208150	2024-12-01T13:30:00+00:00
152849	M. van de Ven	Missing Fixture	Thigh Injury	Tottenham	Tottenham	47	1208150	2024-12-01T13:30:00+00:00
30776	C. Romero	Questionable	Ankle Injury	Tottenham	Tottenham	47	1208150	2024-12-01T13:30:00+00:00
2729	J. Andersen	Missing Fixture	Calf Injury	Fulham	Fulham	36	1208150	2024-12-01T13:30:00+00:00
131	J. Cuenca	Missing Fixture	Knock	Fulham	Fulham	36	1208150	2024-12-01T13:30:00+00:00
19480	H. Reed	Missing Fixture	Knee Injury	Fulham	Fulham	36	1208150	2024-12-01T13:30:00+00:00
280	Alisson	Missing Fixture	Hamstring Injury	Liverpool	Liverpool	40	1208147	2024-12-01T16:00:00+00:00
180317	C. Bradley	Missing Fixture	Muscle Injury	Liverpool	Liverpool	40	1208147	2024-12-01T16:00:00+00:00
30410	F. Chiesa	Missing Fixture	Muscle Injury	Liverpool	Liverpool	40	1208147	2024-12-01T16:00:00+00:00
2678	Diogo Jota	Missing Fixture	Chest Injury	Liverpool	Liverpool	40	1208147	2024-12-01T16:00:00+00:00
1145	I. Konate	Missing Fixture	Knee Injury	Liverpool	Liverpool	40	1208147	2024-12-01T16:00:00+00:00
1600	K. Tsimikas	Missing Fixture	Ankle Injury	Liverpool	Liverpool	40	1208147	2024-12-01T16:00:00+00:00
278133	O. Bobb	Missing Fixture	Leg Injury	Manchester City	Man City	50	1208147	2024-12-01T16:00:00+00:00
2291	M. Kovacic	Missing Fixture	Injury	Manchester City	Man City	50	1208147	2024-12-01T16:00:00+00:00
44	Rodri	Missing Fixture	Knee Injury	Manchester City	Man City	50	1208147	2024-12-01T16:00:00+00:00
626	J. Stones	Questionable	Health problems	Manchester City	Man City	50	1208147	2024-12-01T16:00:00+00:00
20167	J. Donacien	Missing Fixture	Ankle Injury	Ipswich	Ipswich	57	1208158	2024-12-03T19:30:00+00:00
8794	G. Hirst	Missing Fixture	Knee Injury	Ipswich	Ipswich	57	1208158	2024-12-03T19:30:00+00:00
19365	C. Ogbene	Missing Fixture	Calf Injury	Ipswich	Ipswich	57	1208158	2024-12-03T19:30:00+00:00
19182	A. Tuanzebe	Missing Fixture	Thigh Injury	Ipswich	Ipswich	57	1208158	2024-12-03T19:30:00+00:00
1440	R. Holding	Missing Fixture	Lacking Match Fitness	Crystal Palace	Crystal Palace	52	1208158	2024-12-03T19:30:00+00:00
2601	D. Kamada	Missing Fixture	Red Card	Crystal Palace	Crystal Palace	52	1208158	2024-12-03T19:30:00+00:00
311157	Matheus Franca	Missing Fixture	Muscle Injury	Crystal Palace	Crystal Palace	52	1208158	2024-12-03T19:30:00+00:00
278898	C. Riad	Missing Fixture	Knee Injury	Crystal Palace	Crystal Palace	52	1208158	2024-12-03T19:30:00+00:00
288102	A. Wharton	Missing Fixture	Groin Injury	Crystal Palace	Crystal Palace	52	1208158	2024-12-03T19:30:00+00:00
303467	I. Fatawu	Missing Fixture	Knee Injury	Leicester	Leicester	46	1208159	2024-12-03T20:15:00+00:00
405905	N. Opoku	Missing Fixture	Broken Leg	Leicester	Leicester	46	1208159	2024-12-03T20:15:00+00:00
18771	R. Pereira	Missing Fixture	Thigh Injury	Leicester	Leicester	46	1208159	2024-12-03T20:15:00+00:00
152970	J. Stolarczyk	Missing Fixture	Ankle Injury	Leicester	Leicester	46	1208159	2024-12-03T20:15:00+00:00
182	H. Winks	Missing Fixture	Muscle Injury	Leicester	Leicester	46	1208159	2024-12-03T20:15:00+00:00
138	J. Todibo	Questionable	Injury	West Ham	West Ham	48	1208159	2024-12-03T20:15:00+00:00
330412	Chermiti	Missing Fixture	Ankle Injury	Everton	Everton	45	1208156	2024-12-04T19:30:00+00:00
895	J. Garner	Missing Fixture	Lower Back Injury	Everton	Everton	45	1208156	2024-12-04T19:30:00+00:00
284500	T. Iroegbunam	Missing Fixture	Ankle Injury	Everton	Everton	45	1208156	2024-12-04T19:30:00+00:00
380653	L. Chiwome	Missing Fixture	Ankle Injury	Wolves	Wolves	39	1208156	2024-12-04T19:30:00+00:00
385726	E. Gonzalez	Missing Fixture	Knee Injury	Wolves	Wolves	39	1208156	2024-12-04T19:30:00+00:00
7722	S. Kalajdzic	Missing Fixture	Knee Injury	Wolves	Wolves	39	1208156	2024-12-04T19:30:00+00:00
195717	Y. Mosquera	Missing Fixture	Knee Injury	Wolves	Wolves	39	1208156	2024-12-04T19:30:00+00:00
130	N. Semedo	Missing Fixture	Yellow Cards	Wolves	Wolves	39	1208156	2024-12-04T19:30:00+00:00
157912	B. Traore	Missing Fixture	Knee Injury	Wolves	Wolves	39	1208156	2024-12-04T19:30:00+00:00
278133	O. Bobb	Missing Fixture	Leg Injury	Manchester City	Man City	50	1208160	2024-12-04T19:30:00+00:00
2291	M. Kovacic	Missing Fixture	Injury	Manchester City	Man City	50	1208160	2024-12-04T19:30:00+00:00
44	Rodri	Missing Fixture	Knee Injury	Manchester City	Man City	50	1208160	2024-12-04T19:30:00+00:00
626	J. Stones	Missing Fixture	Health problems	Manchester City	Man City	50	1208160	2024-12-04T19:30:00+00:00
275170	Danilo	Missing Fixture	Ankle Injury	Nottingham Forest	Nott'm Forest	65	1208160	2024-12-04T19:30:00+00:00
22149	I. Sangare	Missing Fixture	Foot Injury	Nottingham Forest	Nott'm Forest	65	1208160	2024-12-04T19:30:00+00:00
38734	S. Botman	Missing Fixture	Knee Injury	Newcastle	Newcastle	34	1208161	2024-12-04T19:30:00+00:00
2855	E. Krafth	Missing Fixture	Shoulder Injury	Newcastle	Newcastle	34	1208161	2024-12-04T19:30:00+00:00
18894	J. Lascelles	Missing Fixture	Knee Injury	Newcastle	Newcastle	34	1208161	2024-12-04T19:30:00+00:00
280	Alisson	Missing Fixture	Hamstring Injury	Liverpool	Liverpool	40	1208161	2024-12-04T19:30:00+00:00
180317	C. Bradley	Missing Fixture	Muscle Injury	Liverpool	Liverpool	40	1208161	2024-12-04T19:30:00+00:00
30410	F. Chiesa	Missing Fixture	Muscle Injury	Liverpool	Liverpool	40	1208161	2024-12-04T19:30:00+00:00
2678	Diogo Jota	Missing Fixture	Chest Injury	Liverpool	Liverpool	40	1208161	2024-12-04T19:30:00+00:00
1145	I. Konate	Missing Fixture	Knee Injury	Liverpool	Liverpool	40	1208161	2024-12-04T19:30:00+00:00
1600	K. Tsimikas	Missing Fixture	Ankle Injury	Liverpool	Liverpool	40	1208161	2024-12-04T19:30:00+00:00
105971	G. Bazunu	Missing Fixture	Achilles Tendon Injury	Southampton	Southampton	41	1208162	2024-12-04T19:30:00+00:00
304317	T. Dibling	Missing Fixture	Yellow Cards	Southampton	Southampton	41	1208162	2024-12-04T19:30:00+00:00
19733	F. Downes	Missing Fixture	Yellow Cards	Southampton	Southampton	41	1208162	2024-12-04T19:30:00+00:00
144729	T. Harwood-Bellis	Missing Fixture	Yellow Cards	Southampton	Southampton	41	1208162	2024-12-04T19:30:00+00:00
295	A. Lallana	Missing Fixture	Thigh Injury	Southampton	Southampton	41	1208162	2024-12-04T19:30:00+00:00
20355	A. Ramsdale	Missing Fixture	Finger Injury	Southampton	Southampton	41	1208162	2024-12-04T19:30:00+00:00
130421	W. Smallbone	Missing Fixture	Thigh Injury	Southampton	Southampton	41	1208162	2024-12-04T19:30:00+00:00
45078	R. Stewart	Missing Fixture	Thigh Injury	Southampton	Southampton	41	1208162	2024-12-04T19:30:00+00:00
270508	L. Ugochukwu	Missing Fixture	Loan agreement	Southampton	Southampton	41	1208162	2024-12-04T19:30:00+00:00
2999	J. Bednarek	Questionable	Knee Injury	Southampton	Southampton	41	1208162	2024-12-04T19:30:00+00:00
15812	P. Onuachu	Questionable	Injury	Southampton	Southampton	41	1208162	2024-12-04T19:30:00+00:00
22094	W. Fofana	Missing Fixture	Muscle Injury	Chelsea	Chelsea	49	1208162	2024-12-04T19:30:00+00:00
19545	R. James	Missing Fixture	Thigh Injury	Chelsea	Chelsea	49	1208162	2024-12-04T19:30:00+00:00
329347	O. Kellyman	Missing Fixture	Muscle Injury	Chelsea	Chelsea	49	1208162	2024-12-04T19:30:00+00:00
157052	R. Calafiori	Missing Fixture	Injury	Arsenal	Arsenal	42	1208154	2024-12-04T20:15:00+00:00
2597	T. Tomiyasu	Missing Fixture	Knee Injury	Arsenal	Arsenal	42	1208154	2024-12-04T20:15:00+00:00
19959	B. White	Missing Fixture	Knee Injury	Arsenal	Arsenal	42	1208154	2024-12-04T20:15:00+00:00
22224	Gabriel	Questionable	Injury	Arsenal	Arsenal	42	1208154	2024-12-04T20:15:00+00:00
889	V. Lindelof	Missing Fixture	Muscle Injury	Manchester United	Man United	33	1208154	2024-12-04T20:15:00+00:00
284322	K. Mainoo	Missing Fixture	Yellow Cards	Manchester United	Man United	33	1208154	2024-12-04T20:15:00+00:00
2467	L. Martinez	Missing Fixture	Yellow Cards	Manchester United	Man United	33	1208154	2024-12-04T20:15:00+00:00
891	L. Shaw	Missing Fixture	Injury	Manchester United	Man United	33	1208154	2024-12-04T20:15:00+00:00
18772	J. Evans	Questionable	Knock	Manchester United	Man United	33	1208154	2024-12-04T20:15:00+00:00
162714	A. Onana	Missing Fixture	Foot Injury	Aston Villa	Aston Villa	66	1208155	2024-12-04T20:15:00+00:00
19192	J. Ramsey	Missing Fixture	Hamstring Injury	Aston Villa	Aston Villa	66	1208155	2024-12-04T20:15:00+00:00
1119	K. Ajer	Missing Fixture	Foot Injury	Brentford	Brentford	55	1208155	2024-12-04T20:15:00+00:00
19362	J. Dasilva	Missing Fixture	Knee Injury	Brentford	Brentford	55	1208155	2024-12-04T20:15:00+00:00
19346	R. Henry	Missing Fixture	Knee Injury	Brentford	Brentford	55	1208155	2024-12-04T20:15:00+00:00
44871	A. Hickey	Missing Fixture	Thigh Injury	Brentford	Brentford	55	1208155	2024-12-04T20:15:00+00:00
47438	M. Jensen	Missing Fixture	Thigh Injury	Brentford	Brentford	55	1208155	2024-12-04T20:15:00+00:00
2729	J. Andersen	Missing Fixture	Calf Injury	Fulham	Fulham	36	1208157	2024-12-05T19:30:00+00:00
19025	T. Cairney	Missing Fixture	Red Card	Fulham	Fulham	36	1208157	2024-12-05T19:30:00+00:00
2823	S. Lukic	Missing Fixture	Yellow Cards	Fulham	Fulham	36	1208157	2024-12-05T19:30:00+00:00
19480	H. Reed	Missing Fixture	Knee Injury	Fulham	Fulham	36	1208157	2024-12-05T19:30:00+00:00
305730	J. Hinshelwood	Missing Fixture	Knee Injury	Brighton	Brighton	51	1208157	2024-12-05T19:30:00+00:00
1361	F. Kadioglu	Missing Fixture	Toe Injury	Brighton	Brighton	51	1208157	2024-12-05T19:30:00+00:00
18973	S. March	Missing Fixture	Knee Injury	Brighton	Brighton	51	1208157	2024-12-05T19:30:00+00:00
296	J. Milner	Missing Fixture	Thigh Injury	Brighton	Brighton	51	1208157	2024-12-05T19:30:00+00:00
19265	A. Webster	Missing Fixture	Muscle Injury	Brighton	Brighton	51	1208157	2024-12-05T19:30:00+00:00
537	J. Veltman	Questionable	Muscle Injury	Brighton	Brighton	51	1208157	2024-12-05T19:30:00+00:00
51051	J. Araujo	Missing Fixture	Thigh Injury	Bournemouth	Bournemouth	35	1208153	2024-12-05T20:15:00+00:00
304853	A. Scott	Missing Fixture	Knee Injury	Bournemouth	Bournemouth	35	1208153	2024-12-05T20:15:00+00:00
37161	L. Sinisterra	Missing Fixture	Thigh Injury	Bournemouth	Bournemouth	35	1208153	2024-12-05T20:15:00+00:00
863	R. Bentancur	Missing Fixture	Suspended	Tottenham	Tottenham	47	1208153	2024-12-05T20:15:00+00:00
380690	M. Moore	Missing Fixture	Illness	Tottenham	Tottenham	47	1208153	2024-12-05T20:15:00+00:00
336564	W. Odobert	Missing Fixture	Thigh Injury	Tottenham	Tottenham	47	1208153	2024-12-05T20:15:00+00:00
2413	Richarlison	Missing Fixture	Thigh Injury	Tottenham	Tottenham	47	1208153	2024-12-05T20:15:00+00:00
31354	G. Vicario	Missing Fixture	Broken ankle	Tottenham	Tottenham	47	1208153	2024-12-05T20:15:00+00:00
152849	M. van de Ven	Missing Fixture	Thigh Injury	Tottenham	Tottenham	47	1208153	2024-12-05T20:15:00+00:00
30776	C. Romero	Questionable	Ankle Injury	Tottenham	Tottenham	47	1208153	2024-12-05T20:15:00+00:00
19192	J. Ramsey	Missing Fixture	Hamstring Injury	Aston Villa	Aston Villa	66	1208163	2024-12-07T15:00:00+00:00
105971	G. Bazunu	Missing Fixture	Achilles Tendon Injury	Southampton	Southampton	41	1208163	2024-12-07T15:00:00+00:00
295	A. Lallana	Missing Fixture	Thigh Injury	Southampton	Southampton	41	1208163	2024-12-07T15:00:00+00:00
284264	J. Larios	Missing Fixture	Injury	Southampton	Southampton	41	1208163	2024-12-07T15:00:00+00:00
15812	P. Onuachu	Missing Fixture	Injury	Southampton	Southampton	41	1208163	2024-12-07T15:00:00+00:00
20355	A. Ramsdale	Missing Fixture	Finger Injury	Southampton	Southampton	41	1208163	2024-12-07T15:00:00+00:00
130421	W. Smallbone	Missing Fixture	Thigh Injury	Southampton	Southampton	41	1208163	2024-12-07T15:00:00+00:00
18940	J. Stephens	Missing Fixture	Red Card	Southampton	Southampton	41	1208163	2024-12-07T15:00:00+00:00
45078	R. Stewart	Missing Fixture	Thigh Injury	Southampton	Southampton	41	1208163	2024-12-07T15:00:00+00:00
2999	J. Bednarek	Questionable	Knee Injury	Southampton	Southampton	41	1208163	2024-12-07T15:00:00+00:00
19362	J. Dasilva	Missing Fixture	Knee Injury	Brentford	Brentford	55	1208164	2024-12-07T15:00:00+00:00
19346	R. Henry	Missing Fixture	Knee Injury	Brentford	Brentford	55	1208164	2024-12-07T15:00:00+00:00
44871	A. Hickey	Missing Fixture	Thigh Injury	Brentford	Brentford	55	1208164	2024-12-07T15:00:00+00:00
47438	M. Jensen	Missing Fixture	Thigh Injury	Brentford	Brentford	55	1208164	2024-12-07T15:00:00+00:00
38734	S. Botman	Missing Fixture	Knee Injury	Newcastle	Newcastle	34	1208164	2024-12-07T15:00:00+00:00
2855	E. Krafth	Missing Fixture	Shoulder Injury	Newcastle	Newcastle	34	1208164	2024-12-07T15:00:00+00:00
18894	J. Lascelles	Missing Fixture	Knee Injury	Newcastle	Newcastle	34	1208164	2024-12-07T15:00:00+00:00
1440	R. Holding	Missing Fixture	Lacking Match Fitness	Crystal Palace	Crystal Palace	52	1208165	2024-12-07T15:00:00+00:00
311157	Matheus Franca	Missing Fixture	Muscle Injury	Crystal Palace	Crystal Palace	52	1208165	2024-12-07T15:00:00+00:00
288102	A. Wharton	Missing Fixture	Groin Injury	Crystal Palace	Crystal Palace	52	1208165	2024-12-07T15:00:00+00:00
278898	C. Riad	Questionable	Knee Injury	Crystal Palace	Crystal Palace	52	1208165	2024-12-07T15:00:00+00:00
18861	N. Ake	Missing Fixture	Thigh Injury	Manchester City	Man City	50	1208165	2024-12-07T15:00:00+00:00
278133	O. Bobb	Missing Fixture	Leg Injury	Manchester City	Man City	50	1208165	2024-12-07T15:00:00+00:00
631	P. Foden	Missing Fixture	Illness	Manchester City	Man City	50	1208165	2024-12-07T15:00:00+00:00
2291	M. Kovacic	Missing Fixture	Injury	Manchester City	Man City	50	1208165	2024-12-07T15:00:00+00:00
44	Rodri	Missing Fixture	Knee Injury	Manchester City	Man City	50	1208165	2024-12-07T15:00:00+00:00
5	M. Akanji	Questionable	Injury	Manchester City	Man City	50	1208165	2024-12-07T15:00:00+00:00
626	J. Stones	Questionable	Health problems	Manchester City	Man City	50	1208165	2024-12-07T15:00:00+00:00
18772	J. Evans	Missing Fixture	Knock	Manchester United	Man United	33	1208170	2024-12-07T17:30:00+00:00
889	V. Lindelof	Missing Fixture	Muscle Injury	Manchester United	Man United	33	1208170	2024-12-07T17:30:00+00:00
891	L. Shaw	Missing Fixture	Injury	Manchester United	Man United	33	1208170	2024-12-07T17:30:00+00:00
275170	Danilo	Missing Fixture	Ankle Injury	Nottingham Forest	Nott'm Forest	65	1208170	2024-12-07T17:30:00+00:00
22149	I. Sangare	Missing Fixture	Foot Injury	Nottingham Forest	Nott'm Forest	65	1208170	2024-12-07T17:30:00+00:00
2729	J. Andersen	Missing Fixture	Calf Injury	Fulham	Fulham	36	1208167	2024-12-08T14:00:00+00:00
19025	T. Cairney	Missing Fixture	Red Card	Fulham	Fulham	36	1208167	2024-12-08T14:00:00+00:00
727	R. Nelson	Missing Fixture	Thigh Injury	Fulham	Fulham	36	1208167	2024-12-08T14:00:00+00:00
19480	H. Reed	Missing Fixture	Knee Injury	Fulham	Fulham	36	1208167	2024-12-08T14:00:00+00:00
2597	T. Tomiyasu	Missing Fixture	Knee Injury	Arsenal	Arsenal	42	1208167	2024-12-08T14:00:00+00:00
19959	B. White	Missing Fixture	Knee Injury	Arsenal	Arsenal	42	1208167	2024-12-08T14:00:00+00:00
641	O. Zinchenko	Missing Fixture	Injury	Arsenal	Arsenal	42	1208167	2024-12-08T14:00:00+00:00
157052	R. Calafiori	Questionable	Injury	Arsenal	Arsenal	42	1208167	2024-12-08T14:00:00+00:00
22224	Gabriel	Questionable	Injury	Arsenal	Arsenal	42	1208167	2024-12-08T14:00:00+00:00
20167	J. Donacien	Missing Fixture	Ankle Injury	Ipswich	Ipswich	57	1208168	2024-12-08T14:00:00+00:00
8794	G. Hirst	Missing Fixture	Knee Injury	Ipswich	Ipswich	57	1208168	2024-12-08T14:00:00+00:00
19365	C. Ogbene	Missing Fixture	Calf Injury	Ipswich	Ipswich	57	1208168	2024-12-08T14:00:00+00:00
19182	A. Tuanzebe	Missing Fixture	Thigh Injury	Ipswich	Ipswich	57	1208168	2024-12-08T14:00:00+00:00
51051	J. Araujo	Missing Fixture	Thigh Injury	Bournemouth	Bournemouth	35	1208168	2024-12-08T14:00:00+00:00
304853	A. Scott	Missing Fixture	Knee Injury	Bournemouth	Bournemouth	35	1208168	2024-12-08T14:00:00+00:00
6610	M. Senesi	Missing Fixture	Thigh Injury	Bournemouth	Bournemouth	35	1208168	2024-12-08T14:00:00+00:00
37161	L. Sinisterra	Missing Fixture	Thigh Injury	Bournemouth	Bournemouth	35	1208168	2024-12-08T14:00:00+00:00
311334	F. Buonanotte	Missing Fixture	Loan agreement	Leicester	Leicester	46	1208169	2024-12-08T14:00:00+00:00
303467	I. Fatawu	Missing Fixture	Knee Injury	Leicester	Leicester	46	1208169	2024-12-08T14:00:00+00:00
405905	N. Opoku	Missing Fixture	Broken Leg	Leicester	Leicester	46	1208169	2024-12-08T14:00:00+00:00
18771	R. Pereira	Missing Fixture	Thigh Injury	Leicester	Leicester	46	1208169	2024-12-08T14:00:00+00:00
152970	J. Stolarczyk	Missing Fixture	Ankle Injury	Leicester	Leicester	46	1208169	2024-12-08T14:00:00+00:00
182	H. Winks	Missing Fixture	Muscle Injury	Leicester	Leicester	46	1208169	2024-12-08T14:00:00+00:00
305730	J. Hinshelwood	Missing Fixture	Knee Injury	Brighton	Brighton	51	1208169	2024-12-08T14:00:00+00:00
1361	F. Kadioglu	Missing Fixture	Toe Injury	Brighton	Brighton	51	1208169	2024-12-08T14:00:00+00:00
18973	S. March	Missing Fixture	Knee Injury	Brighton	Brighton	51	1208169	2024-12-08T14:00:00+00:00
296	J. Milner	Missing Fixture	Thigh Injury	Brighton	Brighton	51	1208169	2024-12-08T14:00:00+00:00
19265	A. Webster	Missing Fixture	Muscle Injury	Brighton	Brighton	51	1208169	2024-12-08T14:00:00+00:00
537	J. Veltman	Questionable	Muscle Injury	Brighton	Brighton	51	1208169	2024-12-08T14:00:00+00:00
863	R. Bentancur	Missing Fixture	Suspended	Tottenham	Tottenham	47	1208171	2024-12-08T16:30:00+00:00
164	B. Davies	Missing Fixture	Thigh Injury	Tottenham	Tottenham	47	1208171	2024-12-08T16:30:00+00:00
380690	M. Moore	Missing Fixture	Illness	Tottenham	Tottenham	47	1208171	2024-12-08T16:30:00+00:00
336564	W. Odobert	Missing Fixture	Thigh Injury	Tottenham	Tottenham	47	1208171	2024-12-08T16:30:00+00:00
2413	Richarlison	Missing Fixture	Thigh Injury	Tottenham	Tottenham	47	1208171	2024-12-08T16:30:00+00:00
31354	G. Vicario	Missing Fixture	Broken ankle	Tottenham	Tottenham	47	1208171	2024-12-08T16:30:00+00:00
22094	W. Fofana	Missing Fixture	Muscle Injury	Chelsea	Chelsea	49	1208171	2024-12-08T16:30:00+00:00
19545	R. James	Missing Fixture	Thigh Injury	Chelsea	Chelsea	49	1208171	2024-12-08T16:30:00+00:00
329347	O. Kellyman	Missing Fixture	Muscle Injury	Chelsea	Chelsea	49	1208171	2024-12-08T16:30:00+00:00
63577	M. Mudryk	Missing Fixture	Illness	Chelsea	Chelsea	49	1208171	2024-12-08T16:30:00+00:00
18819	M. Antonio	Missing Fixture	Inactive	West Ham	West Ham	48	1208172	2024-12-09T20:00:00+00:00
380653	L. Chiwome	Missing Fixture	Ankle Injury	Wolves	Wolves	39	1208172	2024-12-09T20:00:00+00:00
385726	E. Gonzalez	Missing Fixture	Knee Injury	Wolves	Wolves	39	1208172	2024-12-09T20:00:00+00:00
7722	S. Kalajdzic	Missing Fixture	Knee Injury	Wolves	Wolves	39	1208172	2024-12-09T20:00:00+00:00
195717	Y. Mosquera	Missing Fixture	Knee Injury	Wolves	Wolves	39	1208172	2024-12-09T20:00:00+00:00
157912	B. Traore	Missing Fixture	Knee Injury	Wolves	Wolves	39	1208172	2024-12-09T20:00:00+00:00
2056	P. Sarabia	Questionable	Muscle Injury	Wolves	Wolves	39	1208172	2024-12-09T20:00:00+00:00
157052	R. Calafiori	Missing Fixture	Knee Injury	Arsenal	Arsenal	42	1208174	2024-12-14T15:00:00+00:00
2597	T. Tomiyasu	Missing Fixture	Knee Injury	Arsenal	Arsenal	42	1208174	2024-12-14T15:00:00+00:00
19959	B. White	Missing Fixture	Knee Injury	Arsenal	Arsenal	42	1208174	2024-12-14T15:00:00+00:00
641	O. Zinchenko	Missing Fixture	Muscle Injury	Arsenal	Arsenal	42	1208174	2024-12-14T15:00:00+00:00
895	J. Garner	Missing Fixture	Lower Back Injury	Everton	Everton	45	1208174	2024-12-14T15:00:00+00:00
284500	T. Iroegbunam	Missing Fixture	Ankle Injury	Everton	Everton	45	1208174	2024-12-14T15:00:00+00:00
330412	Chermiti	Questionable	Ankle Injury	Everton	Everton	45	1208174	2024-12-14T15:00:00+00:00
180317	C. Bradley	Missing Fixture	Muscle Injury	Liverpool	Liverpool	40	1208177	2024-12-14T15:00:00+00:00
1145	I. Konate	Missing Fixture	Knee Injury	Liverpool	Liverpool	40	1208177	2024-12-14T15:00:00+00:00
6716	A. Mac Allister	Missing Fixture	Yellow Cards	Liverpool	Liverpool	40	1208177	2024-12-14T15:00:00+00:00
1600	K. Tsimikas	Missing Fixture	Ankle Injury	Liverpool	Liverpool	40	1208177	2024-12-14T15:00:00+00:00
2729	J. Andersen	Missing Fixture	Calf Injury	Fulham	Fulham	36	1208177	2024-12-14T15:00:00+00:00
152967	C. Bassey	Missing Fixture	Yellow Cards	Fulham	Fulham	36	1208177	2024-12-14T15:00:00+00:00
19025	T. Cairney	Missing Fixture	Red Card	Fulham	Fulham	36	1208177	2024-12-14T15:00:00+00:00
727	R. Nelson	Missing Fixture	Thigh Injury	Fulham	Fulham	36	1208177	2024-12-14T15:00:00+00:00
19480	H. Reed	Missing Fixture	Knee Injury	Fulham	Fulham	36	1208177	2024-12-14T15:00:00+00:00
38734	S. Botman	Missing Fixture	Knee Injury	Newcastle	Newcastle	34	1208179	2024-12-14T15:00:00+00:00
2855	E. Krafth	Missing Fixture	Shoulder Injury	Newcastle	Newcastle	34	1208179	2024-12-14T15:00:00+00:00
18894	J. Lascelles	Missing Fixture	Knee Injury	Newcastle	Newcastle	34	1208179	2024-12-14T15:00:00+00:00
2939	C. Wilson	Missing Fixture	Thigh Injury	Newcastle	Newcastle	34	1208179	2024-12-14T15:00:00+00:00
18911	N. Pope	Questionable	Knee Injury	Newcastle	Newcastle	34	1208179	2024-12-14T15:00:00+00:00
303467	I. Fatawu	Missing Fixture	Knee Injury	Leicester	Leicester	46	1208179	2024-12-14T15:00:00+00:00
18786	W. Ndidi	Missing Fixture	Thigh Injury	Leicester	Leicester	46	1208179	2024-12-14T15:00:00+00:00
405905	N. Opoku	Missing Fixture	Broken Leg	Leicester	Leicester	46	1208179	2024-12-14T15:00:00+00:00
18771	R. Pereira	Missing Fixture	Thigh Injury	Leicester	Leicester	46	1208179	2024-12-14T15:00:00+00:00
22233	B. Soumare	Missing Fixture	Yellow Cards	Leicester	Leicester	46	1208179	2024-12-14T15:00:00+00:00
152970	J. Stolarczyk	Missing Fixture	Ankle Injury	Leicester	Leicester	46	1208179	2024-12-14T15:00:00+00:00
182	H. Winks	Questionable	Muscle Injury	Leicester	Leicester	46	1208179	2024-12-14T15:00:00+00:00
380653	L. Chiwome	Missing Fixture	Ankle Injury	Wolves	Wolves	39	1208182	2024-12-14T15:00:00+00:00
195103	J. Gomes	Missing Fixture	Yellow Cards	Wolves	Wolves	39	1208182	2024-12-14T15:00:00+00:00
385726	E. Gonzalez	Missing Fixture	Knee Injury	Wolves	Wolves	39	1208182	2024-12-14T15:00:00+00:00
7722	S. Kalajdzic	Missing Fixture	Knee Injury	Wolves	Wolves	39	1208182	2024-12-14T15:00:00+00:00
195717	Y. Mosquera	Missing Fixture	Knee Injury	Wolves	Wolves	39	1208182	2024-12-14T15:00:00+00:00
2056	P. Sarabia	Missing Fixture	Muscle Injury	Wolves	Wolves	39	1208182	2024-12-14T15:00:00+00:00
157912	B. Traore	Missing Fixture	Knee Injury	Wolves	Wolves	39	1208182	2024-12-14T15:00:00+00:00
1590	J. Sa	Questionable	Shoulder Injury	Wolves	Wolves	39	1208182	2024-12-14T15:00:00+00:00
20167	J. Donacien	Missing Fixture	Ankle Injury	Ipswich	Ipswich	57	1208182	2024-12-14T15:00:00+00:00
8794	G. Hirst	Missing Fixture	Knee Injury	Ipswich	Ipswich	57	1208182	2024-12-14T15:00:00+00:00
19365	C. Ogbene	Missing Fixture	Calf Injury	Ipswich	Ipswich	57	1208182	2024-12-14T15:00:00+00:00
19182	A. Tuanzebe	Missing Fixture	Thigh Injury	Ipswich	Ipswich	57	1208182	2024-12-14T15:00:00+00:00
275170	Danilo	Missing Fixture	Ankle Injury	Nottingham Forest	Nott'm Forest	65	1208180	2024-12-14T17:30:00+00:00
47547	A. Moreno	Missing Fixture	Loan agreement	Nottingham Forest	Nott'm Forest	65	1208180	2024-12-14T17:30:00+00:00
22149	I. Sangare	Missing Fixture	Foot Injury	Nottingham Forest	Nott'm Forest	65	1208180	2024-12-14T17:30:00+00:00
19192	J. Ramsey	Missing Fixture	Hamstring Injury	Aston Villa	Aston Villa	66	1208180	2024-12-14T17:30:00+00:00
983	L. Bailey	Questionable	Thigh Injury	Aston Villa	Aston Villa	66	1208180	2024-12-14T17:30:00+00:00
19265	A. Webster	Missing Fixture	Muscle Injury	Brighton	Brighton	51	1208175	2024-12-15T14:00:00+00:00
305730	J. Hinshelwood	Questionable	Knee Injury	Brighton	Brighton	51	1208175	2024-12-15T14:00:00+00:00
1361	F. Kadioglu	Questionable	Toe Injury	Brighton	Brighton	51	1208175	2024-12-15T14:00:00+00:00
18973	S. March	Questionable	Knee Injury	Brighton	Brighton	51	1208175	2024-12-15T14:00:00+00:00
296	J. Milner	Questionable	Thigh Injury	Brighton	Brighton	51	1208175	2024-12-15T14:00:00+00:00
537	J. Veltman	Questionable	Muscle Injury	Brighton	Brighton	51	1208175	2024-12-15T14:00:00+00:00
1440	R. Holding	Missing Fixture	Lacking Match Fitness	Crystal Palace	Crystal Palace	52	1208175	2024-12-15T14:00:00+00:00
311157	Matheus Franca	Missing Fixture	Muscle Injury	Crystal Palace	Crystal Palace	52	1208175	2024-12-15T14:00:00+00:00
278898	C. Riad	Missing Fixture	Knee Injury	Crystal Palace	Crystal Palace	52	1208175	2024-12-15T14:00:00+00:00
18847	J. Ward	Questionable	Calf Injury	Crystal Palace	Crystal Palace	52	1208175	2024-12-15T14:00:00+00:00
288102	A. Wharton	Questionable	Groin Injury	Crystal Palace	Crystal Palace	52	1208175	2024-12-15T14:00:00+00:00
5	M. Akanji	Missing Fixture	Injury	Manchester City	Man City	50	1208178	2024-12-15T16:30:00+00:00
18861	N. Ake	Missing Fixture	Thigh Injury	Manchester City	Man City	50	1208178	2024-12-15T16:30:00+00:00
278133	O. Bobb	Missing Fixture	Leg Injury	Manchester City	Man City	50	1208178	2024-12-15T16:30:00+00:00
284230	R. Lewis	Missing Fixture	Red Card	Manchester City	Man City	50	1208178	2024-12-15T16:30:00+00:00
44	Rodri	Missing Fixture	Knee Injury	Manchester City	Man City	50	1208178	2024-12-15T16:30:00+00:00
284324	A. Garnacho	Missing Fixture	Coach's decision	Manchester United	Man United	33	1208178	2024-12-15T16:30:00+00:00
909	M. Rashford	Missing Fixture	Coach's decision	Manchester United	Man United	33	1208178	2024-12-15T16:30:00+00:00
891	L. Shaw	Missing Fixture	Calf Injury	Manchester United	Man United	33	1208178	2024-12-15T16:30:00+00:00
18772	J. Evans	Questionable	Knock	Manchester United	Man United	33	1208178	2024-12-15T16:30:00+00:00
22094	W. Fofana	Missing Fixture	Muscle Injury	Chelsea	Chelsea	49	1208176	2024-12-15T19:00:00+00:00
19545	R. James	Missing Fixture	Thigh Injury	Chelsea	Chelsea	49	1208176	2024-12-15T19:00:00+00:00
329347	O. Kellyman	Missing Fixture	Muscle Injury	Chelsea	Chelsea	49	1208176	2024-12-15T19:00:00+00:00
1864	P. Neto	Missing Fixture	Yellow Cards	Chelsea	Chelsea	49	1208176	2024-12-15T19:00:00+00:00
19362	J. Dasilva	Missing Fixture	Knee Injury	Brentford	Brentford	55	1208176	2024-12-15T19:00:00+00:00
19346	R. Henry	Missing Fixture	Knee Injury	Brentford	Brentford	55	1208176	2024-12-15T19:00:00+00:00
44871	A. Hickey	Missing Fixture	Thigh Injury	Brentford	Brentford	55	1208176	2024-12-15T19:00:00+00:00
47438	M. Jensen	Missing Fixture	Thigh Injury	Brentford	Brentford	55	1208176	2024-12-15T19:00:00+00:00
105971	G. Bazunu	Missing Fixture	Achilles Tendon Injury	Southampton	Southampton	41	1208181	2024-12-15T19:00:00+00:00
284264	J. Larios	Missing Fixture	Injury	Southampton	Southampton	41	1208181	2024-12-15T19:00:00+00:00
130421	W. Smallbone	Missing Fixture	Thigh Injury	Southampton	Southampton	41	1208181	2024-12-15T19:00:00+00:00
18940	J. Stephens	Missing Fixture	Red Card	Southampton	Southampton	41	1208181	2024-12-15T19:00:00+00:00
45078	R. Stewart	Missing Fixture	Thigh Injury	Southampton	Southampton	41	1208181	2024-12-15T19:00:00+00:00
20355	A. Ramsdale	Questionable	Finger Injury	Southampton	Southampton	41	1208181	2024-12-15T19:00:00+00:00
863	R. Bentancur	Missing Fixture	Suspended	Tottenham	Tottenham	47	1208181	2024-12-15T19:00:00+00:00
18968	Y. Bissouma	Missing Fixture	Yellow Cards	Tottenham	Tottenham	47	1208181	2024-12-15T19:00:00+00:00
164	B. Davies	Missing Fixture	Thigh Injury	Tottenham	Tottenham	47	1208181	2024-12-15T19:00:00+00:00
336564	W. Odobert	Missing Fixture	Thigh Injury	Tottenham	Tottenham	47	1208181	2024-12-15T19:00:00+00:00
2413	Richarlison	Missing Fixture	Thigh Injury	Tottenham	Tottenham	47	1208181	2024-12-15T19:00:00+00:00
30776	C. Romero	Missing Fixture	Ankle Injury	Tottenham	Tottenham	47	1208181	2024-12-15T19:00:00+00:00
31354	G. Vicario	Missing Fixture	Broken ankle	Tottenham	Tottenham	47	1208181	2024-12-15T19:00:00+00:00
152849	M. van de Ven	Missing Fixture	Injury	Tottenham	Tottenham	47	1208181	2024-12-15T19:00:00+00:00
51051	J. Araujo	Missing Fixture	Thigh Injury	Bournemouth	Bournemouth	35	1208173	2024-12-16T20:00:00+00:00
304853	A. Scott	Missing Fixture	Knee Injury	Bournemouth	Bournemouth	35	1208173	2024-12-16T20:00:00+00:00
6610	M. Senesi	Missing Fixture	Thigh Injury	Bournemouth	Bournemouth	35	1208173	2024-12-16T20:00:00+00:00
37161	L. Sinisterra	Missing Fixture	Thigh Injury	Bournemouth	Bournemouth	35	1208173	2024-12-16T20:00:00+00:00
19245	M. Tavernier	Missing Fixture	Thigh Injury	Bournemouth	Bournemouth	35	1208173	2024-12-16T20:00:00+00:00
18819	M. Antonio	Missing Fixture	Inactive	West Ham	West Ham	48	1208173	2024-12-16T20:00:00+00:00
2284	Emerson	Missing Fixture	Yellow Cards	West Ham	West Ham	48	1208173	2024-12-16T20:00:00+00:00
19192	J. Ramsey	Missing Fixture	Hamstring Injury	Aston Villa	Aston Villa	66	1208183	2024-12-21T12:30:00+00:00
278133	O. Bobb	Missing Fixture	Leg Injury	Manchester City	Man City	50	1208183	2024-12-21T12:30:00+00:00
567	R. Dias	Missing Fixture	Muscle Injury	Manchester City	Man City	50	1208183	2024-12-21T12:30:00+00:00
44	Rodri	Missing Fixture	Knee Injury	Manchester City	Man City	50	1208183	2024-12-21T12:30:00+00:00
19362	J. Dasilva	Missing Fixture	Knee Injury	Brentford	Brentford	55	1208184	2024-12-21T15:00:00+00:00
19346	R. Henry	Missing Fixture	Knee Injury	Brentford	Brentford	55	1208184	2024-12-21T15:00:00+00:00
44871	A. Hickey	Missing Fixture	Thigh Injury	Brentford	Brentford	55	1208184	2024-12-21T15:00:00+00:00
47438	M. Jensen	Missing Fixture	Thigh Injury	Brentford	Brentford	55	1208184	2024-12-21T15:00:00+00:00
19789	E. Pinnock	Missing Fixture	Thigh Injury	Brentford	Brentford	55	1208184	2024-12-21T15:00:00+00:00
196156	I. Thiago	Missing Fixture	Knock	Brentford	Brentford	55	1208184	2024-12-21T15:00:00+00:00
36922	S. van den Berg	Questionable	Groin Injury	Brentford	Brentford	55	1208184	2024-12-21T15:00:00+00:00
275170	Danilo	Missing Fixture	Ankle Injury	Nottingham Forest	Nott'm Forest	65	1208184	2024-12-21T15:00:00+00:00
22149	I. Sangare	Missing Fixture	Foot Injury	Nottingham Forest	Nott'm Forest	65	1208184	2024-12-21T15:00:00+00:00
161948	L. Delap	Missing Fixture	Yellow Cards	Ipswich	Ipswich	57	1208188	2024-12-21T15:00:00+00:00
20167	J. Donacien	Missing Fixture	Ankle Injury	Ipswich	Ipswich	57	1208188	2024-12-21T15:00:00+00:00
8794	G. Hirst	Missing Fixture	Knee Injury	Ipswich	Ipswich	57	1208188	2024-12-21T15:00:00+00:00
19365	C. Ogbene	Missing Fixture	Calf Injury	Ipswich	Ipswich	57	1208188	2024-12-21T15:00:00+00:00
19182	A. Tuanzebe	Missing Fixture	Thigh Injury	Ipswich	Ipswich	57	1208188	2024-12-21T15:00:00+00:00
723	Joelinton	Missing Fixture	Yellow Cards	Newcastle	Newcastle	34	1208188	2024-12-21T15:00:00+00:00
2855	E. Krafth	Missing Fixture	Shoulder Injury	Newcastle	Newcastle	34	1208188	2024-12-21T15:00:00+00:00
18894	J. Lascelles	Missing Fixture	Knee Injury	Newcastle	Newcastle	34	1208188	2024-12-21T15:00:00+00:00
18911	N. Pope	Missing Fixture	Knee Injury	Newcastle	Newcastle	34	1208188	2024-12-21T15:00:00+00:00
2939	C. Wilson	Missing Fixture	Thigh Injury	Newcastle	Newcastle	34	1208188	2024-12-21T15:00:00+00:00
38734	S. Botman	Questionable	Injury	Newcastle	Newcastle	34	1208188	2024-12-21T15:00:00+00:00
18819	M. Antonio	Missing Fixture	Inactive	West Ham	West Ham	48	1208192	2024-12-21T15:00:00+00:00
930	C. Soler	Missing Fixture	Yellow Cards	West Ham	West Ham	48	1208192	2024-12-21T15:00:00+00:00
296	J. Milner	Missing Fixture	Thigh Injury	Brighton	Brighton	51	1208192	2024-12-21T15:00:00+00:00
1469	D. Welbeck	Missing Fixture	Ankle Injury	Brighton	Brighton	51	1208192	2024-12-21T15:00:00+00:00
305730	J. Hinshelwood	Questionable	Knee Injury	Brighton	Brighton	51	1208192	2024-12-21T15:00:00+00:00
1361	F. Kadioglu	Questionable	Toe Injury	Brighton	Brighton	51	1208192	2024-12-21T15:00:00+00:00
18973	S. March	Questionable	Knee Injury	Brighton	Brighton	51	1208192	2024-12-21T15:00:00+00:00
19265	A. Webster	Questionable	Muscle Injury	Brighton	Brighton	51	1208192	2024-12-21T15:00:00+00:00
19586	E. Eze	Missing Fixture	Leg Injury	Crystal Palace	Crystal Palace	52	1208185	2024-12-21T17:30:00+00:00
1440	R. Holding	Missing Fixture	Coach's decision	Crystal Palace	Crystal Palace	52	1208185	2024-12-21T17:30:00+00:00
311157	Matheus Franca	Missing Fixture	Muscle Injury	Crystal Palace	Crystal Palace	52	1208185	2024-12-21T17:30:00+00:00
13736	D. Munoz	Missing Fixture	Yellow Cards	Crystal Palace	Crystal Palace	52	1208185	2024-12-21T17:30:00+00:00
288102	A. Wharton	Missing Fixture	Groin Injury	Crystal Palace	Crystal Palace	52	1208185	2024-12-21T17:30:00+00:00
278898	C. Riad	Questionable	Knee Injury	Crystal Palace	Crystal Palace	52	1208185	2024-12-21T17:30:00+00:00
2597	T. Tomiyasu	Missing Fixture	Knee Injury	Arsenal	Arsenal	42	1208185	2024-12-21T17:30:00+00:00
19959	B. White	Missing Fixture	Knee Injury	Arsenal	Arsenal	42	1208185	2024-12-21T17:30:00+00:00
641	O. Zinchenko	Questionable	Muscle Injury	Arsenal	Arsenal	42	1208185	2024-12-21T17:30:00+00:00
138822	A. Broja	Missing Fixture	Loan agreement	Everton	Everton	45	1208186	2024-12-22T14:00:00+00:00
895	J. Garner	Missing Fixture	Lower Back Injury	Everton	Everton	45	1208186	2024-12-22T14:00:00+00:00
284500	T. Iroegbunam	Missing Fixture	Ankle Injury	Everton	Everton	45	1208186	2024-12-22T14:00:00+00:00
18929	D. McNeil	Questionable	Knee Injury	Everton	Everton	45	1208186	2024-12-22T14:00:00+00:00
95	B. Badiashile	Missing Fixture	Injury	Chelsea	Chelsea	49	1208186	2024-12-22T14:00:00+00:00
47380	M. Cucurella	Missing Fixture	Red Card	Chelsea	Chelsea	49	1208186	2024-12-22T14:00:00+00:00
22094	W. Fofana	Missing Fixture	Muscle Injury	Chelsea	Chelsea	49	1208186	2024-12-22T14:00:00+00:00
19545	R. James	Missing Fixture	Thigh Injury	Chelsea	Chelsea	49	1208186	2024-12-22T14:00:00+00:00
329347	O. Kellyman	Missing Fixture	Muscle Injury	Chelsea	Chelsea	49	1208186	2024-12-22T14:00:00+00:00
63577	M. Mudryk	Missing Fixture	Suspended	Chelsea	Chelsea	49	1208186	2024-12-22T14:00:00+00:00
282125	R. Lavia	Questionable	Injury	Chelsea	Chelsea	49	1208186	2024-12-22T14:00:00+00:00
727	R. Nelson	Missing Fixture	Thigh Injury	Fulham	Fulham	36	1208187	2024-12-22T14:00:00+00:00
899	A. Pereira	Missing Fixture	Yellow Cards	Fulham	Fulham	36	1208187	2024-12-22T14:00:00+00:00
19480	H. Reed	Missing Fixture	Knee Injury	Fulham	Fulham	36	1208187	2024-12-22T14:00:00+00:00
657	K. Tete	Missing Fixture	Knee Injury	Fulham	Fulham	36	1208187	2024-12-22T14:00:00+00:00
105971	G. Bazunu	Missing Fixture	Achilles Tendon Injury	Southampton	Southampton	41	1208187	2024-12-22T14:00:00+00:00
130421	W. Smallbone	Missing Fixture	Thigh Injury	Southampton	Southampton	41	1208187	2024-12-22T14:00:00+00:00
18940	J. Stephens	Missing Fixture	Red Card	Southampton	Southampton	41	1208187	2024-12-22T14:00:00+00:00
45078	R. Stewart	Missing Fixture	Thigh Injury	Southampton	Southampton	41	1208187	2024-12-22T14:00:00+00:00
303467	I. Fatawu	Missing Fixture	Knee Injury	Leicester	Leicester	46	1208189	2024-12-22T14:00:00+00:00
18786	W. Ndidi	Missing Fixture	Thigh Injury	Leicester	Leicester	46	1208189	2024-12-22T14:00:00+00:00
405905	N. Opoku	Missing Fixture	Broken Leg	Leicester	Leicester	46	1208189	2024-12-22T14:00:00+00:00
18771	R. Pereira	Missing Fixture	Thigh Injury	Leicester	Leicester	46	1208189	2024-12-22T14:00:00+00:00
1135	O. Edouard	Questionable	Lacking Match Fitness	Leicester	Leicester	46	1208189	2024-12-22T14:00:00+00:00
15870	M. Hermansen	Questionable	Muscle Injury	Leicester	Leicester	46	1208189	2024-12-22T14:00:00+00:00
21138	R. Ait-Nouri	Missing Fixture	Red Card	Wolves	Wolves	39	1208189	2024-12-22T14:00:00+00:00
385726	E. Gonzalez	Missing Fixture	Knee Injury	Wolves	Wolves	39	1208189	2024-12-22T14:00:00+00:00
7722	S. Kalajdzic	Missing Fixture	Knee Injury	Wolves	Wolves	39	1208189	2024-12-22T14:00:00+00:00
195717	Y. Mosquera	Missing Fixture	Knee Injury	Wolves	Wolves	39	1208189	2024-12-22T14:00:00+00:00
2056	P. Sarabia	Missing Fixture	Muscle Injury	Wolves	Wolves	39	1208189	2024-12-22T14:00:00+00:00
157912	B. Traore	Missing Fixture	Knee Injury	Wolves	Wolves	39	1208189	2024-12-22T14:00:00+00:00
889	V. Lindelof	Missing Fixture	Injury	Manchester United	Man United	33	1208190	2024-12-22T14:00:00+00:00
19220	M. Mount	Missing Fixture	Leg Injury	Manchester United	Man United	33	1208190	2024-12-22T14:00:00+00:00
891	L. Shaw	Missing Fixture	Calf Injury	Manchester United	Man United	33	1208190	2024-12-22T14:00:00+00:00
51051	J. Araujo	Missing Fixture	Thigh Injury	Bournemouth	Bournemouth	35	1208190	2024-12-22T14:00:00+00:00
304853	A. Scott	Missing Fixture	Knee Injury	Bournemouth	Bournemouth	35	1208190	2024-12-22T14:00:00+00:00
6610	M. Senesi	Missing Fixture	Thigh Injury	Bournemouth	Bournemouth	35	1208190	2024-12-22T14:00:00+00:00
37161	L. Sinisterra	Missing Fixture	Thigh Injury	Bournemouth	Bournemouth	35	1208190	2024-12-22T14:00:00+00:00
19245	M. Tavernier	Missing Fixture	Thigh Injury	Bournemouth	Bournemouth	35	1208190	2024-12-22T14:00:00+00:00
863	R. Bentancur	Missing Fixture	Suspended	Tottenham	Tottenham	47	1208191	2024-12-22T16:30:00+00:00
164	B. Davies	Missing Fixture	Thigh Injury	Tottenham	Tottenham	47	1208191	2024-12-22T16:30:00+00:00
336564	W. Odobert	Missing Fixture	Thigh Injury	Tottenham	Tottenham	47	1208191	2024-12-22T16:30:00+00:00
2413	Richarlison	Missing Fixture	Thigh Injury	Tottenham	Tottenham	47	1208191	2024-12-22T16:30:00+00:00
30776	C. Romero	Missing Fixture	Ankle Injury	Tottenham	Tottenham	47	1208191	2024-12-22T16:30:00+00:00
31354	G. Vicario	Missing Fixture	Broken ankle	Tottenham	Tottenham	47	1208191	2024-12-22T16:30:00+00:00
152849	M. van de Ven	Missing Fixture	Injury	Tottenham	Tottenham	47	1208191	2024-12-22T16:30:00+00:00
180317	C. Bradley	Missing Fixture	Muscle Injury	Liverpool	Liverpool	40	1208191	2024-12-22T16:30:00+00:00
1145	I. Konate	Missing Fixture	Knee Injury	Liverpool	Liverpool	40	1208191	2024-12-22T16:30:00+00:00
278133	O. Bobb	Missing Fixture	Leg Injury	Manchester City	Man City	50	1208198	2024-12-26T12:30:00+00:00
567	R. Dias	Missing Fixture	Muscle Injury	Manchester City	Man City	50	1208198	2024-12-26T12:30:00+00:00
44	Rodri	Missing Fixture	Knee Injury	Manchester City	Man City	50	1208198	2024-12-26T12:30:00+00:00
626	J. Stones	Missing Fixture	Ankle Injury	Manchester City	Man City	50	1208198	2024-12-26T12:30:00+00:00
617	Ederson	Questionable	Injury	Manchester City	Man City	50	1208198	2024-12-26T12:30:00+00:00
41621	M. Nunes	Questionable	Injury	Manchester City	Man City	50	1208198	2024-12-26T12:30:00+00:00
895	J. Garner	Missing Fixture	Lower Back Injury	Everton	Everton	45	1208198	2024-12-26T12:30:00+00:00
284500	T. Iroegbunam	Missing Fixture	Ankle Injury	Everton	Everton	45	1208198	2024-12-26T12:30:00+00:00
894	A. Young	Missing Fixture	Yellow Cards	Everton	Everton	45	1208198	2024-12-26T12:30:00+00:00
18929	D. McNeil	Questionable	Knee Injury	Everton	Everton	45	1208198	2024-12-26T12:30:00+00:00
51051	J. Araujo	Missing Fixture	Thigh Injury	Bournemouth	Bournemouth	35	1208193	2024-12-26T15:00:00+00:00
304853	A. Scott	Missing Fixture	Knee Injury	Bournemouth	Bournemouth	35	1208193	2024-12-26T15:00:00+00:00
6610	M. Senesi	Missing Fixture	Thigh Injury	Bournemouth	Bournemouth	35	1208193	2024-12-26T15:00:00+00:00
37161	L. Sinisterra	Missing Fixture	Thigh Injury	Bournemouth	Bournemouth	35	1208193	2024-12-26T15:00:00+00:00
19245	M. Tavernier	Missing Fixture	Thigh Injury	Bournemouth	Bournemouth	35	1208193	2024-12-26T15:00:00+00:00
18869	A. Smith	Questionable	Knock	Bournemouth	Bournemouth	35	1208193	2024-12-26T15:00:00+00:00
1440	R. Holding	Missing Fixture	Coach's decision	Crystal Palace	Crystal Palace	52	1208193	2024-12-26T15:00:00+00:00
311157	Matheus Franca	Missing Fixture	Muscle Injury	Crystal Palace	Crystal Palace	52	1208193	2024-12-26T15:00:00+00:00
288102	A. Wharton	Missing Fixture	Groin Injury	Crystal Palace	Crystal Palace	52	1208193	2024-12-26T15:00:00+00:00
278898	C. Riad	Questionable	Knee Injury	Crystal Palace	Crystal Palace	52	1208193	2024-12-26T15:00:00+00:00
95	B. Badiashile	Missing Fixture	Injury	Chelsea	Chelsea	49	1208196	2024-12-26T15:00:00+00:00
22094	W. Fofana	Missing Fixture	Muscle Injury	Chelsea	Chelsea	49	1208196	2024-12-26T15:00:00+00:00
19545	R. James	Missing Fixture	Thigh Injury	Chelsea	Chelsea	49	1208196	2024-12-26T15:00:00+00:00
329347	O. Kellyman	Missing Fixture	Muscle Injury	Chelsea	Chelsea	49	1208196	2024-12-26T15:00:00+00:00
282125	R. Lavia	Missing Fixture	Muscle Injury	Chelsea	Chelsea	49	1208196	2024-12-26T15:00:00+00:00
63577	M. Mudryk	Missing Fixture	Suspended	Chelsea	Chelsea	49	1208196	2024-12-26T15:00:00+00:00
727	R. Nelson	Missing Fixture	Thigh Injury	Fulham	Fulham	36	1208196	2024-12-26T15:00:00+00:00
19480	H. Reed	Missing Fixture	Knee Injury	Fulham	Fulham	36	1208196	2024-12-26T15:00:00+00:00
657	K. Tete	Missing Fixture	Knee Injury	Fulham	Fulham	36	1208196	2024-12-26T15:00:00+00:00
1934	S. Berge	Questionable	Ankle Injury	Fulham	Fulham	36	1208196	2024-12-26T15:00:00+00:00
1161	E. Smith Rowe	Questionable	Leg Injury	Fulham	Fulham	36	1208196	2024-12-26T15:00:00+00:00
2855	E. Krafth	Missing Fixture	Shoulder Injury	Newcastle	Newcastle	34	1208199	2024-12-26T15:00:00+00:00
18894	J. Lascelles	Missing Fixture	Knee Injury	Newcastle	Newcastle	34	1208199	2024-12-26T15:00:00+00:00
18911	N. Pope	Missing Fixture	Knee Injury	Newcastle	Newcastle	34	1208199	2024-12-26T15:00:00+00:00
2939	C. Wilson	Missing Fixture	Thigh Injury	Newcastle	Newcastle	34	1208199	2024-12-26T15:00:00+00:00
38734	S. Botman	Questionable	Injury	Newcastle	Newcastle	34	1208199	2024-12-26T15:00:00+00:00
19192	J. Ramsey	Missing Fixture	Hamstring Injury	Aston Villa	Aston Villa	66	1208199	2024-12-26T15:00:00+00:00
275170	Danilo	Missing Fixture	Ankle Injury	Nottingham Forest	Nott'm Forest	65	1208200	2024-12-26T15:00:00+00:00
6056	N. Dominguez	Missing Fixture	Yellow Cards	Nottingham Forest	Nott'm Forest	65	1208200	2024-12-26T15:00:00+00:00
22149	I. Sangare	Missing Fixture	Foot Injury	Nottingham Forest	Nott'm Forest	65	1208200	2024-12-26T15:00:00+00:00
164	B. Davies	Missing Fixture	Thigh Injury	Tottenham	Tottenham	47	1208200	2024-12-26T15:00:00+00:00
336564	W. Odobert	Missing Fixture	Thigh Injury	Tottenham	Tottenham	47	1208200	2024-12-26T15:00:00+00:00
2413	Richarlison	Missing Fixture	Thigh Injury	Tottenham	Tottenham	47	1208200	2024-12-26T15:00:00+00:00
30776	C. Romero	Missing Fixture	Ankle Injury	Tottenham	Tottenham	47	1208200	2024-12-26T15:00:00+00:00
31354	G. Vicario	Missing Fixture	Broken ankle	Tottenham	Tottenham	47	1208200	2024-12-26T15:00:00+00:00
152849	M. van de Ven	Missing Fixture	Injury	Tottenham	Tottenham	47	1208200	2024-12-26T15:00:00+00:00
105971	G. Bazunu	Missing Fixture	Achilles Tendon Injury	Southampton	Southampton	41	1208201	2024-12-26T15:00:00+00:00
665	M. Cornet	Missing Fixture	Loan agreement	Southampton	Southampton	41	1208201	2024-12-26T15:00:00+00:00
130421	W. Smallbone	Missing Fixture	Thigh Injury	Southampton	Southampton	41	1208201	2024-12-26T15:00:00+00:00
45078	R. Stewart	Missing Fixture	Thigh Injury	Southampton	Southampton	41	1208201	2024-12-26T15:00:00+00:00
18819	M. Antonio	Missing Fixture	Inactive	West Ham	West Ham	48	1208201	2024-12-26T15:00:00+00:00
1646	L. Paqueta	Missing Fixture	Yellow Cards	West Ham	West Ham	48	1208201	2024-12-26T15:00:00+00:00
385726	E. Gonzalez	Missing Fixture	Knee Injury	Wolves	Wolves	39	1208202	2024-12-26T17:30:00+00:00
7722	S. Kalajdzic	Missing Fixture	Knee Injury	Wolves	Wolves	39	1208202	2024-12-26T17:30:00+00:00
195717	Y. Mosquera	Missing Fixture	Knee Injury	Wolves	Wolves	39	1208202	2024-12-26T17:30:00+00:00
2056	P. Sarabia	Missing Fixture	Calf Injury	Wolves	Wolves	39	1208202	2024-12-26T17:30:00+00:00
157912	B. Traore	Missing Fixture	Knee Injury	Wolves	Wolves	39	1208202	2024-12-26T17:30:00+00:00
18947	M. Lemina	Questionable	Muscle Injury	Wolves	Wolves	39	1208202	2024-12-26T17:30:00+00:00
889	V. Lindelof	Missing Fixture	Injury	Manchester United	Man United	33	1208202	2024-12-26T17:30:00+00:00
19220	M. Mount	Missing Fixture	Leg Injury	Manchester United	Man United	33	1208202	2024-12-26T17:30:00+00:00
909	M. Rashford	Missing Fixture	Coach's decision	Manchester United	Man United	33	1208202	2024-12-26T17:30:00+00:00
891	L. Shaw	Missing Fixture	Calf Injury	Manchester United	Man United	33	1208202	2024-12-26T17:30:00+00:00
180317	C. Bradley	Missing Fixture	Muscle Injury	Liverpool	Liverpool	40	1208197	2024-12-26T20:00:00+00:00
1145	I. Konate	Missing Fixture	Knee Injury	Liverpool	Liverpool	40	1208197	2024-12-26T20:00:00+00:00
303467	I. Fatawu	Missing Fixture	Knee Injury	Leicester	Leicester	46	1208197	2024-12-26T20:00:00+00:00
15870	M. Hermansen	Missing Fixture	Muscle Injury	Leicester	Leicester	46	1208197	2024-12-26T20:00:00+00:00
18786	W. Ndidi	Missing Fixture	Thigh Injury	Leicester	Leicester	46	1208197	2024-12-26T20:00:00+00:00
405905	N. Opoku	Missing Fixture	Broken Leg	Leicester	Leicester	46	1208197	2024-12-26T20:00:00+00:00
18771	R. Pereira	Missing Fixture	Thigh Injury	Leicester	Leicester	46	1208197	2024-12-26T20:00:00+00:00
18788	J. Vardy	Questionable	Knock	Leicester	Leicester	46	1208197	2024-12-26T20:00:00+00:00
296	J. Milner	Missing Fixture	Thigh Injury	Brighton	Brighton	51	1208195	2024-12-27T19:30:00+00:00
92993	M. Wieffer	Missing Fixture	Injury	Brighton	Brighton	51	1208195	2024-12-27T19:30:00+00:00
305730	J. Hinshelwood	Questionable	Knee Injury	Brighton	Brighton	51	1208195	2024-12-27T19:30:00+00:00
1361	F. Kadioglu	Questionable	Toe Injury	Brighton	Brighton	51	1208195	2024-12-27T19:30:00+00:00
19265	A. Webster	Questionable	Muscle Injury	Brighton	Brighton	51	1208195	2024-12-27T19:30:00+00:00
1469	D. Welbeck	Questionable	Ankle Injury	Brighton	Brighton	51	1208195	2024-12-27T19:30:00+00:00
1119	K. Ajer	Missing Fixture	Ankle Injury	Brentford	Brentford	55	1208195	2024-12-27T19:30:00+00:00
19362	J. Dasilva	Missing Fixture	Knee Injury	Brentford	Brentford	55	1208195	2024-12-27T19:30:00+00:00
19346	R. Henry	Missing Fixture	Knee Injury	Brentford	Brentford	55	1208195	2024-12-27T19:30:00+00:00
44871	A. Hickey	Missing Fixture	Thigh Injury	Brentford	Brentford	55	1208195	2024-12-27T19:30:00+00:00
47438	M. Jensen	Missing Fixture	Thigh Injury	Brentford	Brentford	55	1208195	2024-12-27T19:30:00+00:00
19789	E. Pinnock	Missing Fixture	Thigh Injury	Brentford	Brentford	55	1208195	2024-12-27T19:30:00+00:00
196156	I. Thiago	Missing Fixture	Knock	Brentford	Brentford	55	1208195	2024-12-27T19:30:00+00:00
36922	S. van den Berg	Missing Fixture	Groin Injury	Brentford	Brentford	55	1208195	2024-12-27T19:30:00+00:00
1460	B. Saka	Missing Fixture	Thigh Injury	Arsenal	Arsenal	42	1208194	2024-12-27T20:15:00+00:00
645	R. Sterling	Missing Fixture	Knee Injury	Arsenal	Arsenal	42	1208194	2024-12-27T20:15:00+00:00
2597	T. Tomiyasu	Missing Fixture	Knee Injury	Arsenal	Arsenal	42	1208194	2024-12-27T20:15:00+00:00
19959	B. White	Missing Fixture	Knee Injury	Arsenal	Arsenal	42	1208194	2024-12-27T20:15:00+00:00
20167	J. Donacien	Missing Fixture	Ankle Injury	Ipswich	Ipswich	57	1208194	2024-12-27T20:15:00+00:00
8794	G. Hirst	Missing Fixture	Knee Injury	Ipswich	Ipswich	57	1208194	2024-12-27T20:15:00+00:00
19558	S. Morsy	Missing Fixture	Yellow Cards	Ipswich	Ipswich	57	1208194	2024-12-27T20:15:00+00:00
19365	C. Ogbene	Missing Fixture	Calf Injury	Ipswich	Ipswich	57	1208194	2024-12-27T20:15:00+00:00
19182	A. Tuanzebe	Missing Fixture	Thigh Injury	Ipswich	Ipswich	57	1208194	2024-12-27T20:15:00+00:00
2752	M. Luongo	Questionable	Illness	Ipswich	Ipswich	57	1208194	2024-12-27T20:15:00+00:00
3428	J. Ayew	Missing Fixture	Yellow Cards	Leicester	Leicester	46	1208209	2024-12-29T14:30:00+00:00
303467	I. Fatawu	Missing Fixture	Knee Injury	Leicester	Leicester	46	1208209	2024-12-29T14:30:00+00:00
15870	M. Hermansen	Missing Fixture	Muscle Injury	Leicester	Leicester	46	1208209	2024-12-29T14:30:00+00:00
18786	W. Ndidi	Missing Fixture	Thigh Injury	Leicester	Leicester	46	1208209	2024-12-29T14:30:00+00:00
405905	N. Opoku	Missing Fixture	Broken Leg	Leicester	Leicester	46	1208209	2024-12-29T14:30:00+00:00
18771	R. Pereira	Missing Fixture	Thigh Injury	Leicester	Leicester	46	1208209	2024-12-29T14:30:00+00:00
8694	W. Faes	Questionable	Injury	Leicester	Leicester	46	1208209	2024-12-29T14:30:00+00:00
283290	K. McAteer	Questionable	Knock	Leicester	Leicester	46	1208209	2024-12-29T14:30:00+00:00
278133	O. Bobb	Missing Fixture	Leg Injury	Manchester City	Man City	50	1208209	2024-12-29T14:30:00+00:00
567	R. Dias	Missing Fixture	Muscle Injury	Manchester City	Man City	50	1208209	2024-12-29T14:30:00+00:00
44	Rodri	Missing Fixture	Knee Injury	Manchester City	Man City	50	1208209	2024-12-29T14:30:00+00:00
626	J. Stones	Missing Fixture	Ankle Injury	Manchester City	Man City	50	1208209	2024-12-29T14:30:00+00:00
617	Ederson	Questionable	Injury	Manchester City	Man City	50	1208209	2024-12-29T14:30:00+00:00
41621	M. Nunes	Questionable	Injury	Manchester City	Man City	50	1208209	2024-12-29T14:30:00+00:00
67971	M. Guehi	Missing Fixture	Yellow Cards	Crystal Palace	Crystal Palace	52	1208205	2024-12-29T15:00:00+00:00
1440	R. Holding	Missing Fixture	Coach's decision	Crystal Palace	Crystal Palace	52	1208205	2024-12-29T15:00:00+00:00
311157	Matheus Franca	Missing Fixture	Muscle Injury	Crystal Palace	Crystal Palace	52	1208205	2024-12-29T15:00:00+00:00
288102	A. Wharton	Missing Fixture	Groin Injury	Crystal Palace	Crystal Palace	52	1208205	2024-12-29T15:00:00+00:00
105971	G. Bazunu	Missing Fixture	Achilles Tendon Injury	Southampton	Southampton	41	1208205	2024-12-29T15:00:00+00:00
130421	W. Smallbone	Missing Fixture	Thigh Injury	Southampton	Southampton	41	1208205	2024-12-29T15:00:00+00:00
18940	J. Stephens	Missing Fixture	Knock	Southampton	Southampton	41	1208205	2024-12-29T15:00:00+00:00
45078	R. Stewart	Missing Fixture	Thigh Injury	Southampton	Southampton	41	1208205	2024-12-29T15:00:00+00:00
895	J. Garner	Missing Fixture	Lower Back Injury	Everton	Everton	45	1208206	2024-12-29T15:00:00+00:00
284500	T. Iroegbunam	Missing Fixture	Ankle Injury	Everton	Everton	45	1208206	2024-12-29T15:00:00+00:00
18758	S. Coleman	Questionable	Calf Injury	Everton	Everton	45	1208206	2024-12-29T15:00:00+00:00
18929	D. McNeil	Questionable	Knee Injury	Everton	Everton	45	1208206	2024-12-29T15:00:00+00:00
275170	Danilo	Missing Fixture	Ankle Injury	Nottingham Forest	Nott'm Forest	65	1208206	2024-12-29T15:00:00+00:00
22149	I. Sangare	Missing Fixture	Foot Injury	Nottingham Forest	Nott'm Forest	65	1208206	2024-12-29T15:00:00+00:00
19305	R. Yates	Missing Fixture	Yellow Cards	Nottingham Forest	Nott'm Forest	65	1208206	2024-12-29T15:00:00+00:00
1934	S. Berge	Missing Fixture	Ankle Injury	Fulham	Fulham	36	1208207	2024-12-29T15:00:00+00:00
727	R. Nelson	Missing Fixture	Thigh Injury	Fulham	Fulham	36	1208207	2024-12-29T15:00:00+00:00
19480	H. Reed	Missing Fixture	Knee Injury	Fulham	Fulham	36	1208207	2024-12-29T15:00:00+00:00
657	K. Tete	Missing Fixture	Knee Injury	Fulham	Fulham	36	1208207	2024-12-29T15:00:00+00:00
51051	J. Araujo	Missing Fixture	Thigh Injury	Bournemouth	Bournemouth	35	1208207	2024-12-29T15:00:00+00:00
792	J. Kluivert	Missing Fixture	Yellow Cards	Bournemouth	Bournemouth	35	1208207	2024-12-29T15:00:00+00:00
304853	A. Scott	Missing Fixture	Knee Injury	Bournemouth	Bournemouth	35	1208207	2024-12-29T15:00:00+00:00
6610	M. Senesi	Missing Fixture	Thigh Injury	Bournemouth	Bournemouth	35	1208207	2024-12-29T15:00:00+00:00
37161	L. Sinisterra	Missing Fixture	Thigh Injury	Bournemouth	Bournemouth	35	1208207	2024-12-29T15:00:00+00:00
18869	A. Smith	Missing Fixture	Leg Injury	Bournemouth	Bournemouth	35	1208207	2024-12-29T15:00:00+00:00
19245	M. Tavernier	Missing Fixture	Thigh Injury	Bournemouth	Bournemouth	35	1208207	2024-12-29T15:00:00+00:00
164	B. Davies	Missing Fixture	Thigh Injury	Tottenham	Tottenham	47	1208211	2024-12-29T15:00:00+00:00
336564	W. Odobert	Missing Fixture	Thigh Injury	Tottenham	Tottenham	47	1208211	2024-12-29T15:00:00+00:00
2413	Richarlison	Missing Fixture	Thigh Injury	Tottenham	Tottenham	47	1208211	2024-12-29T15:00:00+00:00
30776	C. Romero	Missing Fixture	Thigh Injury	Tottenham	Tottenham	47	1208211	2024-12-29T15:00:00+00:00
19235	D. Spence	Missing Fixture	Red Card	Tottenham	Tottenham	47	1208211	2024-12-29T15:00:00+00:00
31354	G. Vicario	Missing Fixture	Broken ankle	Tottenham	Tottenham	47	1208211	2024-12-29T15:00:00+00:00
152849	M. van de Ven	Missing Fixture	Thigh Injury	Tottenham	Tottenham	47	1208211	2024-12-29T15:00:00+00:00
385726	E. Gonzalez	Missing Fixture	Knee Injury	Wolves	Wolves	39	1208211	2024-12-29T15:00:00+00:00
7722	S. Kalajdzic	Missing Fixture	Knee Injury	Wolves	Wolves	39	1208211	2024-12-29T15:00:00+00:00
195717	Y. Mosquera	Missing Fixture	Knee Injury	Wolves	Wolves	39	1208211	2024-12-29T15:00:00+00:00
2056	P. Sarabia	Missing Fixture	Calf Injury	Wolves	Wolves	39	1208211	2024-12-29T15:00:00+00:00
157912	B. Traore	Missing Fixture	Knee Injury	Wolves	Wolves	39	1208211	2024-12-29T15:00:00+00:00
18947	M. Lemina	Questionable	Muscle Injury	Wolves	Wolves	39	1208211	2024-12-29T15:00:00+00:00
18819	M. Antonio	Missing Fixture	Inactive	West Ham	West Ham	48	1208212	2024-12-29T17:15:00+00:00
2997	L. Fabianski	Missing Fixture	Head Injury	West Ham	West Ham	48	1208212	2024-12-29T17:15:00+00:00
2476	G. Rodriguez	Missing Fixture	Yellow Cards	West Ham	West Ham	48	1208212	2024-12-29T17:15:00+00:00
1243	T. Soucek	Missing Fixture	Yellow Cards	West Ham	West Ham	48	1208212	2024-12-29T17:15:00+00:00
180317	C. Bradley	Missing Fixture	Muscle Injury	Liverpool	Liverpool	40	1208212	2024-12-29T17:15:00+00:00
30410	F. Chiesa	Missing Fixture	Inactive	Liverpool	Liverpool	40	1208212	2024-12-29T17:15:00+00:00
1145	I. Konate	Missing Fixture	Knee Injury	Liverpool	Liverpool	40	1208212	2024-12-29T17:15:00+00:00
1096	D. Szoboszlai	Missing Fixture	Yellow Cards	Liverpool	Liverpool	40	1208212	2024-12-29T17:15:00+00:00
19298	M. Cash	Missing Fixture	Yellow Cards	Aston Villa	Aston Villa	66	1208203	2024-12-30T19:45:00+00:00
13489	J. Duran	Missing Fixture	Red Card	Aston Villa	Aston Villa	66	1208203	2024-12-30T19:45:00+00:00
129643	E. Ferguson	Missing Fixture	Knock	Brighton	Brighton	51	1208203	2024-12-30T19:45:00+00:00
296	J. Milner	Missing Fixture	Thigh Injury	Brighton	Brighton	51	1208203	2024-12-30T19:45:00+00:00
1469	D. Welbeck	Missing Fixture	Ankle Injury	Brighton	Brighton	51	1208203	2024-12-30T19:45:00+00:00
305730	J. Hinshelwood	Questionable	Knee Injury	Brighton	Brighton	51	1208203	2024-12-30T19:45:00+00:00
1361	F. Kadioglu	Questionable	Toe Injury	Brighton	Brighton	51	1208203	2024-12-30T19:45:00+00:00
19265	A. Webster	Questionable	Muscle Injury	Brighton	Brighton	51	1208203	2024-12-30T19:45:00+00:00
20167	J. Donacien	Missing Fixture	Ankle Injury	Ipswich	Ipswich	57	1208208	2024-12-30T19:45:00+00:00
8794	G. Hirst	Missing Fixture	Knee Injury	Ipswich	Ipswich	57	1208208	2024-12-30T19:45:00+00:00
19365	C. Ogbene	Missing Fixture	Calf Injury	Ipswich	Ipswich	57	1208208	2024-12-30T19:45:00+00:00
19182	A. Tuanzebe	Missing Fixture	Hamstring Injury	Ipswich	Ipswich	57	1208208	2024-12-30T19:45:00+00:00
2752	M. Luongo	Questionable	Illness	Ipswich	Ipswich	57	1208208	2024-12-30T19:45:00+00:00
95	B. Badiashile	Missing Fixture	Injury	Chelsea	Chelsea	49	1208208	2024-12-30T19:45:00+00:00
22094	W. Fofana	Missing Fixture	Muscle Injury	Chelsea	Chelsea	49	1208208	2024-12-30T19:45:00+00:00
329347	O. Kellyman	Missing Fixture	Muscle Injury	Chelsea	Chelsea	49	1208208	2024-12-30T19:45:00+00:00
63577	M. Mudryk	Missing Fixture	Suspended	Chelsea	Chelsea	49	1208208	2024-12-30T19:45:00+00:00
138935	C. Chukwuemeka	Questionable	Illness	Chelsea	Chelsea	49	1208208	2024-12-30T19:45:00+00:00
148099	K. Dewsbury-Hall	Questionable	Knock	Chelsea	Chelsea	49	1208208	2024-12-30T19:45:00+00:00
282125	R. Lavia	Questionable	Muscle Injury	Chelsea	Chelsea	49	1208208	2024-12-30T19:45:00+00:00
1485	B. Fernandes	Missing Fixture	Red Card	Manchester United	Man United	33	1208210	2024-12-30T20:00:00+00:00
889	V. Lindelof	Missing Fixture	Injury	Manchester United	Man United	33	1208210	2024-12-30T20:00:00+00:00
19220	M. Mount	Missing Fixture	Leg Injury	Manchester United	Man United	33	1208210	2024-12-30T20:00:00+00:00
891	L. Shaw	Missing Fixture	Calf Injury	Manchester United	Man United	33	1208210	2024-12-30T20:00:00+00:00
51494	M. Ugarte	Missing Fixture	Yellow Cards	Manchester United	Man United	33	1208210	2024-12-30T20:00:00+00:00
2855	E. Krafth	Missing Fixture	Shoulder Injury	Newcastle	Newcastle	34	1208210	2024-12-30T20:00:00+00:00
18894	J. Lascelles	Missing Fixture	Knee Injury	Newcastle	Newcastle	34	1208210	2024-12-30T20:00:00+00:00
18911	N. Pope	Missing Fixture	Knee Injury	Newcastle	Newcastle	34	1208210	2024-12-30T20:00:00+00:00
2939	C. Wilson	Missing Fixture	Thigh Injury	Newcastle	Newcastle	34	1208210	2024-12-30T20:00:00+00:00
38734	S. Botman	Questionable	Injury	Newcastle	Newcastle	34	1208210	2024-12-30T20:00:00+00:00
1119	K. Ajer	Missing Fixture	Ankle Injury	Brentford	Brentford	55	1208204	2025-01-01T17:30:00+00:00
19362	J. Dasilva	Missing Fixture	Knee Injury	Brentford	Brentford	55	1208204	2025-01-01T17:30:00+00:00
19346	R. Henry	Missing Fixture	Knee Injury	Brentford	Brentford	55	1208204	2025-01-01T17:30:00+00:00
44871	A. Hickey	Missing Fixture	Thigh Injury	Brentford	Brentford	55	1208204	2025-01-01T17:30:00+00:00
18917	B. Mee	Missing Fixture	Injury	Brentford	Brentford	55	1208204	2025-01-01T17:30:00+00:00
19789	E. Pinnock	Missing Fixture	Thigh Injury	Brentford	Brentford	55	1208204	2025-01-01T17:30:00+00:00
196156	I. Thiago	Questionable	Knock	Brentford	Brentford	55	1208204	2025-01-01T17:30:00+00:00
1460	B. Saka	Missing Fixture	Thigh Injury	Arsenal	Arsenal	42	1208204	2025-01-01T17:30:00+00:00
645	R. Sterling	Missing Fixture	Knee Injury	Arsenal	Arsenal	42	1208204	2025-01-01T17:30:00+00:00
2597	T. Tomiyasu	Missing Fixture	Knee Injury	Arsenal	Arsenal	42	1208204	2025-01-01T17:30:00+00:00
19959	B. White	Missing Fixture	Knee Injury	Arsenal	Arsenal	42	1208204	2025-01-01T17:30:00+00:00
863	R. Bentancur	Missing Fixture	Yellow Cards	Tottenham	Tottenham	47	1208221	2025-01-04T12:30:00+00:00
164	B. Davies	Missing Fixture	Thigh Injury	Tottenham	Tottenham	47	1208221	2025-01-04T12:30:00+00:00
380690	M. Moore	Missing Fixture	Illness	Tottenham	Tottenham	47	1208221	2025-01-04T12:30:00+00:00
336564	W. Odobert	Missing Fixture	Thigh Injury	Tottenham	Tottenham	47	1208221	2025-01-04T12:30:00+00:00
2413	Richarlison	Missing Fixture	Thigh Injury	Tottenham	Tottenham	47	1208221	2025-01-04T12:30:00+00:00
30776	C. Romero	Missing Fixture	Thigh Injury	Tottenham	Tottenham	47	1208221	2025-01-04T12:30:00+00:00
204039	D. Udogie	Missing Fixture	Thigh Injury	Tottenham	Tottenham	47	1208221	2025-01-04T12:30:00+00:00
31354	G. Vicario	Missing Fixture	Broken ankle	Tottenham	Tottenham	47	1208221	2025-01-04T12:30:00+00:00
152849	M. van de Ven	Missing Fixture	Thigh Injury	Tottenham	Tottenham	47	1208221	2025-01-04T12:30:00+00:00
18932	F. Forster	Questionable	Health problems	Tottenham	Tottenham	47	1208221	2025-01-04T12:30:00+00:00
2855	E. Krafth	Missing Fixture	Shoulder Injury	Newcastle	Newcastle	34	1208221	2025-01-04T12:30:00+00:00
18894	J. Lascelles	Missing Fixture	Knee Injury	Newcastle	Newcastle	34	1208221	2025-01-04T12:30:00+00:00
18911	N. Pope	Missing Fixture	Knee Injury	Newcastle	Newcastle	34	1208221	2025-01-04T12:30:00+00:00
2806	F. Schar	Missing Fixture	Yellow Cards	Newcastle	Newcastle	34	1208221	2025-01-04T12:30:00+00:00
2939	C. Wilson	Missing Fixture	Thigh Injury	Newcastle	Newcastle	34	1208221	2025-01-04T12:30:00+00:00
21090	Diego Carlos	Missing Fixture	Ankle Injury	Aston Villa	Aston Villa	66	1208214	2025-01-04T15:00:00+00:00
13489	J. Duran	Missing Fixture	Red Card	Aston Villa	Aston Villa	66	1208214	2025-01-04T15:00:00+00:00
138931	J. Philogene	Missing Fixture	Knock	Aston Villa	Aston Villa	66	1208214	2025-01-04T15:00:00+00:00
19170	M. Rogers	Missing Fixture	Yellow Cards	Aston Villa	Aston Villa	66	1208214	2025-01-04T15:00:00+00:00
46815	P. Torres	Missing Fixture	Foot Injury	Aston Villa	Aston Villa	66	1208214	2025-01-04T15:00:00+00:00
303467	I. Fatawu	Missing Fixture	Knee Injury	Leicester	Leicester	46	1208214	2025-01-04T15:00:00+00:00
15870	M. Hermansen	Missing Fixture	Muscle Injury	Leicester	Leicester	46	1208214	2025-01-04T15:00:00+00:00
283290	K. McAteer	Missing Fixture	Knock	Leicester	Leicester	46	1208214	2025-01-04T15:00:00+00:00
18786	W. Ndidi	Missing Fixture	Thigh Injury	Leicester	Leicester	46	1208214	2025-01-04T15:00:00+00:00
405905	N. Opoku	Missing Fixture	Broken Leg	Leicester	Leicester	46	1208214	2025-01-04T15:00:00+00:00
18771	R. Pereira	Missing Fixture	Thigh Injury	Leicester	Leicester	46	1208214	2025-01-04T15:00:00+00:00
51051	J. Araujo	Missing Fixture	Thigh Injury	Bournemouth	Bournemouth	35	1208213	2025-01-04T15:00:00+00:00
304853	A. Scott	Missing Fixture	Knee Injury	Bournemouth	Bournemouth	35	1208213	2025-01-04T15:00:00+00:00
6610	M. Senesi	Missing Fixture	Thigh Injury	Bournemouth	Bournemouth	35	1208213	2025-01-04T15:00:00+00:00
37161	L. Sinisterra	Missing Fixture	Thigh Injury	Bournemouth	Bournemouth	35	1208213	2025-01-04T15:00:00+00:00
18869	A. Smith	Missing Fixture	Leg Injury	Bournemouth	Bournemouth	35	1208213	2025-01-04T15:00:00+00:00
19245	M. Tavernier	Missing Fixture	Thigh Injury	Bournemouth	Bournemouth	35	1208213	2025-01-04T15:00:00+00:00
18758	S. Coleman	Missing Fixture	Calf Injury	Everton	Everton	45	1208213	2025-01-04T15:00:00+00:00
895	J. Garner	Missing Fixture	Lower Back Injury	Everton	Everton	45	1208213	2025-01-04T15:00:00+00:00
284500	T. Iroegbunam	Missing Fixture	Ankle Injury	Everton	Everton	45	1208213	2025-01-04T15:00:00+00:00
18929	D. McNeil	Missing Fixture	Knee Injury	Everton	Everton	45	1208213	2025-01-04T15:00:00+00:00
19720	T. Chalobah	Missing Fixture	Loan agreement	Crystal Palace	Crystal Palace	52	1208216	2025-01-04T15:00:00+00:00
1440	R. Holding	Missing Fixture	Coach's decision	Crystal Palace	Crystal Palace	52	1208216	2025-01-04T15:00:00+00:00
18806	W. Hughes	Missing Fixture	Ankle Injury	Crystal Palace	Crystal Palace	52	1208216	2025-01-04T15:00:00+00:00
311157	Matheus Franca	Missing Fixture	Muscle Injury	Crystal Palace	Crystal Palace	52	1208216	2025-01-04T15:00:00+00:00
288102	A. Wharton	Missing Fixture	Groin Injury	Crystal Palace	Crystal Palace	52	1208216	2025-01-04T15:00:00+00:00
95	B. Badiashile	Missing Fixture	Thigh Injury	Chelsea	Chelsea	49	1208216	2025-01-04T15:00:00+00:00
148099	K. Dewsbury-Hall	Missing Fixture	Knock	Chelsea	Chelsea	49	1208216	2025-01-04T15:00:00+00:00
22094	W. Fofana	Missing Fixture	Muscle Injury	Chelsea	Chelsea	49	1208216	2025-01-04T15:00:00+00:00
329347	O. Kellyman	Missing Fixture	Muscle Injury	Chelsea	Chelsea	49	1208216	2025-01-04T15:00:00+00:00
63577	M. Mudryk	Missing Fixture	Suspended	Chelsea	Chelsea	49	1208216	2025-01-04T15:00:00+00:00
138935	C. Chukwuemeka	Questionable	Illness	Chelsea	Chelsea	49	1208216	2025-01-04T15:00:00+00:00
282125	R. Lavia	Questionable	Muscle Injury	Chelsea	Chelsea	49	1208216	2025-01-04T15:00:00+00:00
278133	O. Bobb	Missing Fixture	Leg Injury	Manchester City	Man City	50	1208219	2025-01-04T15:00:00+00:00
567	R. Dias	Missing Fixture	Muscle Injury	Manchester City	Man City	50	1208219	2025-01-04T15:00:00+00:00
44	Rodri	Missing Fixture	Knee Injury	Manchester City	Man City	50	1208219	2025-01-04T15:00:00+00:00
626	J. Stones	Missing Fixture	Ankle Injury	Manchester City	Man City	50	1208219	2025-01-04T15:00:00+00:00
617	Ederson	Questionable	Injury	Manchester City	Man City	50	1208219	2025-01-04T15:00:00+00:00
18819	M. Antonio	Missing Fixture	Inactive	West Ham	West Ham	48	1208219	2025-01-04T15:00:00+00:00
19428	J. Bowen	Missing Fixture	Broken Leg	West Ham	West Ham	48	1208219	2025-01-04T15:00:00+00:00
2997	L. Fabianski	Missing Fixture	Head Injury	West Ham	West Ham	48	1208219	2025-01-04T15:00:00+00:00
105971	G. Bazunu	Missing Fixture	Achilles Tendon Injury	Southampton	Southampton	41	1208220	2025-01-04T15:00:00+00:00
336585	M. Fernandes	Missing Fixture	Yellow Cards	Southampton	Southampton	41	1208220	2025-01-04T15:00:00+00:00
18940	J. Stephens	Missing Fixture	Knock	Southampton	Southampton	41	1208220	2025-01-04T15:00:00+00:00
45078	R. Stewart	Missing Fixture	Thigh Injury	Southampton	Southampton	41	1208220	2025-01-04T15:00:00+00:00
19733	F. Downes	Questionable	Thigh Injury	Southampton	Southampton	41	1208220	2025-01-04T15:00:00+00:00
130421	W. Smallbone	Questionable	Thigh Injury	Southampton	Southampton	41	1208220	2025-01-04T15:00:00+00:00
1119	K. Ajer	Missing Fixture	Ankle Injury	Brentford	Brentford	55	1208220	2025-01-04T15:00:00+00:00
153066	F. Carvalho	Missing Fixture	Groin Injury	Brentford	Brentford	55	1208220	2025-01-04T15:00:00+00:00
19362	J. Dasilva	Missing Fixture	Knee Injury	Brentford	Brentford	55	1208220	2025-01-04T15:00:00+00:00
19346	R. Henry	Missing Fixture	Knee Injury	Brentford	Brentford	55	1208220	2025-01-04T15:00:00+00:00
44871	A. Hickey	Missing Fixture	Hamstring Injury	Brentford	Brentford	55	1208220	2025-01-04T15:00:00+00:00
18917	B. Mee	Missing Fixture	Injury	Brentford	Brentford	55	1208220	2025-01-04T15:00:00+00:00
19789	E. Pinnock	Missing Fixture	Thigh Injury	Brentford	Brentford	55	1208220	2025-01-04T15:00:00+00:00
196156	I. Thiago	Missing Fixture	Knee Injury	Brentford	Brentford	55	1208220	2025-01-04T15:00:00+00:00
129643	E. Ferguson	Missing Fixture	Ankle Injury	Brighton	Brighton	51	1208215	2025-01-04T17:30:00+00:00
278370	D. Gomez	Missing Fixture	Inactive	Brighton	Brighton	51	1208215	2025-01-04T17:30:00+00:00
305730	J. Hinshelwood	Missing Fixture	Knee Injury	Brighton	Brighton	51	1208215	2025-01-04T17:30:00+00:00
1361	F. Kadioglu	Missing Fixture	Toe Injury	Brighton	Brighton	51	1208215	2025-01-04T17:30:00+00:00
296	J. Milner	Missing Fixture	Thigh Injury	Brighton	Brighton	51	1208215	2025-01-04T17:30:00+00:00
1469	D. Welbeck	Missing Fixture	Ankle Injury	Brighton	Brighton	51	1208215	2025-01-04T17:30:00+00:00
92993	M. Wieffer	Missing Fixture	Thigh Injury	Brighton	Brighton	51	1208215	2025-01-04T17:30:00+00:00
1460	B. Saka	Missing Fixture	Thigh Injury	Arsenal	Arsenal	42	1208215	2025-01-04T17:30:00+00:00
645	R. Sterling	Missing Fixture	Knee Injury	Arsenal	Arsenal	42	1208215	2025-01-04T17:30:00+00:00
38746	J. Timber	Missing Fixture	Yellow Cards	Arsenal	Arsenal	42	1208215	2025-01-04T17:30:00+00:00
2597	T. Tomiyasu	Missing Fixture	Knee Injury	Arsenal	Arsenal	42	1208215	2025-01-04T17:30:00+00:00
19959	B. White	Missing Fixture	Knee Injury	Arsenal	Arsenal	42	1208215	2025-01-04T17:30:00+00:00
1934	S. Berge	Missing Fixture	Ankle Injury	Fulham	Fulham	36	1208217	2025-01-05T14:00:00+00:00
727	R. Nelson	Missing Fixture	Thigh Injury	Fulham	Fulham	36	1208217	2025-01-05T14:00:00+00:00
19480	H. Reed	Missing Fixture	Knee Injury	Fulham	Fulham	36	1208217	2025-01-05T14:00:00+00:00
657	K. Tete	Missing Fixture	Knee Injury	Fulham	Fulham	36	1208217	2025-01-05T14:00:00+00:00
20007	C. Chaplin	Missing Fixture	Knee Injury	Ipswich	Ipswich	57	1208217	2025-01-05T14:00:00+00:00
20167	J. Donacien	Missing Fixture	Ankle Injury	Ipswich	Ipswich	57	1208217	2025-01-05T14:00:00+00:00
8794	G. Hirst	Missing Fixture	Knee Injury	Ipswich	Ipswich	57	1208217	2025-01-05T14:00:00+00:00
19365	C. Ogbene	Missing Fixture	Calf Injury	Ipswich	Ipswich	57	1208217	2025-01-05T14:00:00+00:00
19182	A. Tuanzebe	Missing Fixture	Hamstring Injury	Ipswich	Ipswich	57	1208217	2025-01-05T14:00:00+00:00
2752	M. Luongo	Questionable	Illness	Ipswich	Ipswich	57	1208217	2025-01-05T14:00:00+00:00
284	J. Gomez	Missing Fixture	Hamstring Injury	Liverpool	Liverpool	40	1208218	2025-01-05T16:30:00+00:00
1096	D. Szoboszlai	Missing Fixture	Illness	Liverpool	Liverpool	40	1208218	2025-01-05T16:30:00+00:00
889	V. Lindelof	Missing Fixture	Injury	Manchester United	Man United	33	1208218	2025-01-05T16:30:00+00:00
19220	M. Mount	Missing Fixture	Leg Injury	Manchester United	Man United	33	1208218	2025-01-05T16:30:00+00:00
909	M. Rashford	Missing Fixture	Illness	Manchester United	Man United	33	1208218	2025-01-05T16:30:00+00:00
891	L. Shaw	Missing Fixture	Calf Injury	Manchester United	Man United	33	1208218	2025-01-05T16:30:00+00:00
1165	M. Cunha	Missing Fixture	Suspended	Wolves	Wolves	39	1208222	2025-01-06T20:00:00+00:00
385726	E. Gonzalez	Missing Fixture	Knee Injury	Wolves	Wolves	39	1208222	2025-01-06T20:00:00+00:00
7722	S. Kalajdzic	Missing Fixture	Knee Injury	Wolves	Wolves	39	1208222	2025-01-06T20:00:00+00:00
195717	Y. Mosquera	Missing Fixture	Knee Injury	Wolves	Wolves	39	1208222	2025-01-06T20:00:00+00:00
41606	Toti	Missing Fixture	Thigh Injury	Wolves	Wolves	39	1208222	2025-01-06T20:00:00+00:00
157912	B. Traore	Missing Fixture	Knee Injury	Wolves	Wolves	39	1208222	2025-01-06T20:00:00+00:00
275170	Danilo	Missing Fixture	Ankle Injury	Nottingham Forest	Nott'm Forest	65	1208222	2025-01-06T20:00:00+00:00
22149	I. Sangare	Missing Fixture	Foot Injury	Nottingham Forest	Nott'm Forest	65	1208222	2025-01-06T20:00:00+00:00
1119	K. Ajer	Missing Fixture	Ankle Injury	Brentford	Brentford	55	1208224	2025-01-14T19:30:00+00:00
19362	J. Dasilva	Missing Fixture	Knee Injury	Brentford	Brentford	55	1208224	2025-01-14T19:30:00+00:00
44871	A. Hickey	Missing Fixture	Hamstring Injury	Brentford	Brentford	55	1208224	2025-01-14T19:30:00+00:00
19789	E. Pinnock	Missing Fixture	Thigh Injury	Brentford	Brentford	55	1208224	2025-01-14T19:30:00+00:00
196156	I. Thiago	Missing Fixture	Knee Injury	Brentford	Brentford	55	1208224	2025-01-14T19:30:00+00:00
382925	R. Trevitt	Missing Fixture	Calf Injury	Brentford	Brentford	55	1208224	2025-01-14T19:30:00+00:00
278133	O. Bobb	Missing Fixture	Leg Injury	Manchester City	Man City	50	1208224	2025-01-14T19:30:00+00:00
567	R. Dias	Missing Fixture	Muscle Injury	Manchester City	Man City	50	1208224	2025-01-14T19:30:00+00:00
44	Rodri	Missing Fixture	Knee Injury	Manchester City	Man City	50	1208224	2025-01-14T19:30:00+00:00
626	J. Stones	Missing Fixture	Ankle Injury	Manchester City	Man City	50	1208224	2025-01-14T19:30:00+00:00
95	B. Badiashile	Missing Fixture	Thigh Injury	Chelsea	Chelsea	49	1208230	2025-01-14T19:30:00+00:00
270507	C. Casadei	Missing Fixture	Coach's decision	Chelsea	Chelsea	49	1208230	2025-01-14T19:30:00+00:00
2933	B. Chilwell	Missing Fixture	Coach's decision	Chelsea	Chelsea	49	1208230	2025-01-14T19:30:00+00:00
148099	K. Dewsbury-Hall	Missing Fixture	Knock	Chelsea	Chelsea	49	1208230	2025-01-14T19:30:00+00:00
22094	W. Fofana	Missing Fixture	Muscle Injury	Chelsea	Chelsea	49	1208230	2025-01-14T19:30:00+00:00
329347	O. Kellyman	Missing Fixture	Muscle Injury	Chelsea	Chelsea	49	1208230	2025-01-14T19:30:00+00:00
63577	M. Mudryk	Missing Fixture	Suspended	Chelsea	Chelsea	49	1208230	2025-01-14T19:30:00+00:00
51051	J. Araujo	Missing Fixture	Hamstring Injury	Bournemouth	Bournemouth	35	1208230	2025-01-14T19:30:00+00:00
2273	K. Arrizabalaga	Missing Fixture	Loan agreement	Bournemouth	Bournemouth	35	1208230	2025-01-14T19:30:00+00:00
152856	Evanilson	Missing Fixture	Foot Injury	Bournemouth	Bournemouth	35	1208230	2025-01-14T19:30:00+00:00
304853	A. Scott	Missing Fixture	Knee Injury	Bournemouth	Bournemouth	35	1208230	2025-01-14T19:30:00+00:00
6610	M. Senesi	Missing Fixture	Thigh Injury	Bournemouth	Bournemouth	35	1208230	2025-01-14T19:30:00+00:00
37161	L. Sinisterra	Missing Fixture	Thigh Injury	Bournemouth	Bournemouth	35	1208230	2025-01-14T19:30:00+00:00
18869	A. Smith	Missing Fixture	Leg Injury	Bournemouth	Bournemouth	35	1208230	2025-01-14T19:30:00+00:00
19245	M. Tavernier	Missing Fixture	Thigh Injury	Bournemouth	Bournemouth	35	1208230	2025-01-14T19:30:00+00:00
47499	E. Unal	Missing Fixture	Knee Injury	Bournemouth	Bournemouth	35	1208230	2025-01-14T19:30:00+00:00
18819	M. Antonio	Missing Fixture	Inactive	West Ham	West Ham	48	1208229	2025-01-14T19:30:00+00:00
19428	J. Bowen	Missing Fixture	Broken Leg	West Ham	West Ham	48	1208229	2025-01-14T19:30:00+00:00
25391	N. Fullkrug	Missing Fixture	Leg Injury	West Ham	West Ham	48	1208229	2025-01-14T19:30:00+00:00
138	J. Todibo	Missing Fixture	Injury	West Ham	West Ham	48	1208229	2025-01-14T19:30:00+00:00
37724	C. Summerville	Questionable	Injury	West Ham	West Ham	48	1208229	2025-01-14T19:30:00+00:00
727	R. Nelson	Missing Fixture	Thigh Injury	Fulham	Fulham	36	1208229	2025-01-14T19:30:00+00:00
657	K. Tete	Missing Fixture	Knee Injury	Fulham	Fulham	36	1208229	2025-01-14T19:30:00+00:00
22149	I. Sangare	Missing Fixture	Foot Injury	Nottingham Forest	Nott'm Forest	65	1208228	2025-01-14T20:00:00+00:00
284	J. Gomez	Missing Fixture	Hamstring Injury	Liverpool	Liverpool	40	1208228	2025-01-14T20:00:00+00:00
51617	D. Nunez	Missing Fixture	Yellow Cards	Liverpool	Liverpool	40	1208228	2025-01-14T20:00:00+00:00
138822	A. Broja	Missing Fixture	Ankle Injury	Everton	Everton	45	1208225	2025-01-15T19:30:00+00:00
330412	Chermiti	Missing Fixture	Thigh Injury	Everton	Everton	45	1208225	2025-01-15T19:30:00+00:00
895	J. Garner	Missing Fixture	Lower Back Injury	Everton	Everton	45	1208225	2025-01-15T19:30:00+00:00
284500	T. Iroegbunam	Missing Fixture	Ankle Injury	Everton	Everton	45	1208225	2025-01-15T19:30:00+00:00
18929	D. McNeil	Missing Fixture	Knee Injury	Everton	Everton	45	1208225	2025-01-15T19:30:00+00:00
18758	S. Coleman	Questionable	Calf Injury	Everton	Everton	45	1208225	2025-01-15T19:30:00+00:00
2287	R. Barkley	Missing Fixture	Calf Injury	Aston Villa	Aston Villa	66	1208225	2025-01-15T19:30:00+00:00
19191	J. McGinn	Missing Fixture	Thigh Injury	Aston Villa	Aston Villa	66	1208225	2025-01-15T19:30:00+00:00
46815	P. Torres	Missing Fixture	Foot Injury	Aston Villa	Aston Villa	66	1208225	2025-01-15T19:30:00+00:00
21090	Diego Carlos	Questionable	Ankle Injury	Aston Villa	Aston Villa	66	1208225	2025-01-15T19:30:00+00:00
1135	O. Edouard	Missing Fixture	Loan agreement	Leicester	Leicester	46	1208227	2025-01-15T19:30:00+00:00
303467	I. Fatawu	Missing Fixture	Knee Injury	Leicester	Leicester	46	1208227	2025-01-15T19:30:00+00:00
15870	M. Hermansen	Missing Fixture	Muscle Injury	Leicester	Leicester	46	1208227	2025-01-15T19:30:00+00:00
18786	W. Ndidi	Missing Fixture	Thigh Injury	Leicester	Leicester	46	1208227	2025-01-15T19:30:00+00:00
405905	N. Opoku	Missing Fixture	Broken Leg	Leicester	Leicester	46	1208227	2025-01-15T19:30:00+00:00
18771	R. Pereira	Missing Fixture	Thigh Injury	Leicester	Leicester	46	1208227	2025-01-15T19:30:00+00:00
1440	R. Holding	Missing Fixture	Coach's decision	Crystal Palace	Crystal Palace	52	1208227	2025-01-15T19:30:00+00:00
311157	Matheus Franca	Missing Fixture	Muscle Injury	Crystal Palace	Crystal Palace	52	1208227	2025-01-15T19:30:00+00:00
288102	A. Wharton	Missing Fixture	Groin Injury	Crystal Palace	Crystal Palace	52	1208227	2025-01-15T19:30:00+00:00
18778	H. Barnes	Missing Fixture	Thigh Injury	Newcastle	Newcastle	34	1208231	2025-01-15T19:30:00+00:00
18894	J. Lascelles	Missing Fixture	Knee Injury	Newcastle	Newcastle	34	1208231	2025-01-15T19:30:00+00:00
18911	N. Pope	Missing Fixture	Knee Injury	Newcastle	Newcastle	34	1208231	2025-01-15T19:30:00+00:00
2939	C. Wilson	Missing Fixture	Thigh Injury	Newcastle	Newcastle	34	1208231	2025-01-15T19:30:00+00:00
385726	E. Gonzalez	Missing Fixture	Knee Injury	Wolves	Wolves	39	1208231	2025-01-15T19:30:00+00:00
7722	S. Kalajdzic	Missing Fixture	Knee Injury	Wolves	Wolves	39	1208231	2025-01-15T19:30:00+00:00
195717	Y. Mosquera	Missing Fixture	Knee Injury	Wolves	Wolves	39	1208231	2025-01-15T19:30:00+00:00
41606	Toti	Missing Fixture	Thigh Injury	Wolves	Wolves	39	1208231	2025-01-15T19:30:00+00:00
157912	B. Traore	Missing Fixture	Knee Injury	Wolves	Wolves	39	1208231	2025-01-15T19:30:00+00:00
643	Gabriel Jesus	Missing Fixture	Knee Injury	Arsenal	Arsenal	42	1208223	2025-01-15T20:00:00+00:00
313236	E. Nwaneri	Missing Fixture	Muscle Injury	Arsenal	Arsenal	42	1208223	2025-01-15T20:00:00+00:00
1460	B. Saka	Missing Fixture	Thigh Injury	Arsenal	Arsenal	42	1208223	2025-01-15T20:00:00+00:00
2597	T. Tomiyasu	Missing Fixture	Knee Injury	Arsenal	Arsenal	42	1208223	2025-01-15T20:00:00+00:00
19959	B. White	Missing Fixture	Knee Injury	Arsenal	Arsenal	42	1208223	2025-01-15T20:00:00+00:00
157052	R. Calafiori	Questionable	Muscle Injury	Arsenal	Arsenal	42	1208223	2025-01-15T20:00:00+00:00
863	R. Bentancur	Missing Fixture	Concussion	Tottenham	Tottenham	47	1208223	2025-01-15T20:00:00+00:00
164	B. Davies	Missing Fixture	Thigh Injury	Tottenham	Tottenham	47	1208223	2025-01-15T20:00:00+00:00
336564	W. Odobert	Missing Fixture	Thigh Injury	Tottenham	Tottenham	47	1208223	2025-01-15T20:00:00+00:00
30776	C. Romero	Missing Fixture	Thigh Injury	Tottenham	Tottenham	47	1208223	2025-01-15T20:00:00+00:00
204039	D. Udogie	Missing Fixture	Thigh Injury	Tottenham	Tottenham	47	1208223	2025-01-15T20:00:00+00:00
31354	G. Vicario	Missing Fixture	Broken ankle	Tottenham	Tottenham	47	1208223	2025-01-15T20:00:00+00:00
1166	T. Werner	Missing Fixture	Muscle Injury	Tottenham	Tottenham	47	1208223	2025-01-15T20:00:00+00:00
152849	M. van de Ven	Missing Fixture	Thigh Injury	Tottenham	Tottenham	47	1208223	2025-01-15T20:00:00+00:00
18932	F. Forster	Questionable	Health problems	Tottenham	Tottenham	47	1208223	2025-01-15T20:00:00+00:00
20007	C. Chaplin	Missing Fixture	Knee Injury	Ipswich	Ipswich	57	1208226	2025-01-16T19:30:00+00:00
19365	C. Ogbene	Missing Fixture	Calf Injury	Ipswich	Ipswich	57	1208226	2025-01-16T19:30:00+00:00
17579	S. Szmodics	Missing Fixture	Ankle Injury	Ipswich	Ipswich	57	1208226	2025-01-16T19:30:00+00:00
19182	A. Tuanzebe	Missing Fixture	Hamstring Injury	Ipswich	Ipswich	57	1208226	2025-01-16T19:30:00+00:00
129643	E. Ferguson	Missing Fixture	Ankle Injury	Brighton	Brighton	51	1208226	2025-01-16T19:30:00+00:00
278370	D. Gomez	Missing Fixture	Inactive	Brighton	Brighton	51	1208226	2025-01-16T19:30:00+00:00
305730	J. Hinshelwood	Missing Fixture	Knee Injury	Brighton	Brighton	51	1208226	2025-01-16T19:30:00+00:00
7600	Igor	Missing Fixture	Thigh Injury	Brighton	Brighton	51	1208226	2025-01-16T19:30:00+00:00
1361	F. Kadioglu	Missing Fixture	Toe Injury	Brighton	Brighton	51	1208226	2025-01-16T19:30:00+00:00
296	J. Milner	Missing Fixture	Thigh Injury	Brighton	Brighton	51	1208226	2025-01-16T19:30:00+00:00
92993	M. Wieffer	Missing Fixture	Thigh Injury	Brighton	Brighton	51	1208226	2025-01-16T19:30:00+00:00
886	D. Dalot	Missing Fixture	Red Card	Manchester United	Man United	33	1208232	2025-01-16T20:00:00+00:00
18772	J. Evans	Missing Fixture	Muscle Injury	Manchester United	Man United	33	1208232	2025-01-16T20:00:00+00:00
889	V. Lindelof	Missing Fixture	Injury	Manchester United	Man United	33	1208232	2025-01-16T20:00:00+00:00
19220	M. Mount	Missing Fixture	Leg Injury	Manchester United	Man United	33	1208232	2025-01-16T20:00:00+00:00
909	M. Rashford	Missing Fixture	Coach's decision	Manchester United	Man United	33	1208232	2025-01-16T20:00:00+00:00
891	L. Shaw	Missing Fixture	Calf Injury	Manchester United	Man United	33	1208232	2025-01-16T20:00:00+00:00
18940	J. Stephens	Missing Fixture	Knock	Southampton	Southampton	41	1208232	2025-01-16T20:00:00+00:00
45078	R. Stewart	Missing Fixture	Thigh Injury	Southampton	Southampton	41	1208232	2025-01-16T20:00:00+00:00
18778	H. Barnes	Missing Fixture	Thigh Injury	Newcastle	Newcastle	34	1208240	2025-01-18T12:30:00+00:00
18894	J. Lascelles	Missing Fixture	Knee Injury	Newcastle	Newcastle	34	1208240	2025-01-18T12:30:00+00:00
18911	N. Pope	Missing Fixture	Knee Injury	Newcastle	Newcastle	34	1208240	2025-01-18T12:30:00+00:00
2939	C. Wilson	Missing Fixture	Thigh Injury	Newcastle	Newcastle	34	1208240	2025-01-18T12:30:00+00:00
51051	J. Araujo	Missing Fixture	Hamstring Injury	Bournemouth	Bournemouth	35	1208240	2025-01-18T12:30:00+00:00
152856	Evanilson	Missing Fixture	Foot Injury	Bournemouth	Bournemouth	35	1208240	2025-01-18T12:30:00+00:00
304853	A. Scott	Missing Fixture	Knee Injury	Bournemouth	Bournemouth	35	1208240	2025-01-18T12:30:00+00:00
6610	M. Senesi	Missing Fixture	Thigh Injury	Bournemouth	Bournemouth	35	1208240	2025-01-18T12:30:00+00:00
37161	L. Sinisterra	Missing Fixture	Thigh Injury	Bournemouth	Bournemouth	35	1208240	2025-01-18T12:30:00+00:00
18869	A. Smith	Missing Fixture	Leg Injury	Bournemouth	Bournemouth	35	1208240	2025-01-18T12:30:00+00:00
363333	J. Soler	Missing Fixture	International duty	Bournemouth	Bournemouth	35	1208240	2025-01-18T12:30:00+00:00
19245	M. Tavernier	Missing Fixture	Thigh Injury	Bournemouth	Bournemouth	35	1208240	2025-01-18T12:30:00+00:00
47499	E. Unal	Missing Fixture	Knee Injury	Bournemouth	Bournemouth	35	1208240	2025-01-18T12:30:00+00:00
20093	J. Hill	Questionable	Thigh Injury	Bournemouth	Bournemouth	35	1208240	2025-01-18T12:30:00+00:00
1119	K. Ajer	Missing Fixture	Ankle Injury	Brentford	Brentford	55	1208234	2025-01-18T15:00:00+00:00
19362	J. Dasilva	Missing Fixture	Knee Injury	Brentford	Brentford	55	1208234	2025-01-18T15:00:00+00:00
44871	A. Hickey	Missing Fixture	Hamstring Injury	Brentford	Brentford	55	1208234	2025-01-18T15:00:00+00:00
19789	E. Pinnock	Missing Fixture	Thigh Injury	Brentford	Brentford	55	1208234	2025-01-18T15:00:00+00:00
196156	I. Thiago	Missing Fixture	Knee Injury	Brentford	Brentford	55	1208234	2025-01-18T15:00:00+00:00
382925	R. Trevitt	Missing Fixture	Calf Injury	Brentford	Brentford	55	1208234	2025-01-18T15:00:00+00:00
284	J. Gomez	Missing Fixture	Hamstring Injury	Liverpool	Liverpool	40	1208234	2025-01-18T15:00:00+00:00
2678	Diogo Jota	Questionable	Injury	Liverpool	Liverpool	40	1208234	2025-01-18T15:00:00+00:00
303467	I. Fatawu	Missing Fixture	Knee Injury	Leicester	Leicester	46	1208238	2025-01-18T15:00:00+00:00
15870	M. Hermansen	Missing Fixture	Muscle Injury	Leicester	Leicester	46	1208238	2025-01-18T15:00:00+00:00
18786	W. Ndidi	Missing Fixture	Thigh Injury	Leicester	Leicester	46	1208238	2025-01-18T15:00:00+00:00
405905	N. Opoku	Missing Fixture	Broken Leg	Leicester	Leicester	46	1208238	2025-01-18T15:00:00+00:00
18771	R. Pereira	Missing Fixture	Thigh Injury	Leicester	Leicester	46	1208238	2025-01-18T15:00:00+00:00
727	R. Nelson	Missing Fixture	Thigh Injury	Fulham	Fulham	36	1208238	2025-01-18T15:00:00+00:00
657	K. Tete	Missing Fixture	Knee Injury	Fulham	Fulham	36	1208238	2025-01-18T15:00:00+00:00
18819	M. Antonio	Missing Fixture	Inactive	West Ham	West Ham	48	1208242	2025-01-18T15:00:00+00:00
19428	J. Bowen	Missing Fixture	Broken Leg	West Ham	West Ham	48	1208242	2025-01-18T15:00:00+00:00
25391	N. Fullkrug	Missing Fixture	Leg Injury	West Ham	West Ham	48	1208242	2025-01-18T15:00:00+00:00
138	J. Todibo	Missing Fixture	Injury	West Ham	West Ham	48	1208242	2025-01-18T15:00:00+00:00
37724	C. Summerville	Questionable	Hamstring Injury	West Ham	West Ham	48	1208242	2025-01-18T15:00:00+00:00
1440	R. Holding	Missing Fixture	Coach's decision	Crystal Palace	Crystal Palace	52	1208242	2025-01-18T15:00:00+00:00
2490	J. Lerma	Missing Fixture	Illness	Crystal Palace	Crystal Palace	52	1208242	2025-01-18T15:00:00+00:00
311157	Matheus Franca	Missing Fixture	Muscle Injury	Crystal Palace	Crystal Palace	52	1208242	2025-01-18T15:00:00+00:00
288102	A. Wharton	Missing Fixture	Groin Injury	Crystal Palace	Crystal Palace	52	1208242	2025-01-18T15:00:00+00:00
643	Gabriel Jesus	Missing Fixture	Knee Injury	Arsenal	Arsenal	42	1208233	2025-01-18T17:30:00+00:00
313236	E. Nwaneri	Missing Fixture	Muscle Injury	Arsenal	Arsenal	42	1208233	2025-01-18T17:30:00+00:00
1460	B. Saka	Missing Fixture	Thigh Injury	Arsenal	Arsenal	42	1208233	2025-01-18T17:30:00+00:00
22090	W. Saliba	Missing Fixture	Hamstring Injury	Arsenal	Arsenal	42	1208233	2025-01-18T17:30:00+00:00
2597	T. Tomiyasu	Missing Fixture	Knee Injury	Arsenal	Arsenal	42	1208233	2025-01-18T17:30:00+00:00
19959	B. White	Missing Fixture	Knee Injury	Arsenal	Arsenal	42	1208233	2025-01-18T17:30:00+00:00
157052	R. Calafiori	Questionable	Muscle Injury	Arsenal	Arsenal	42	1208233	2025-01-18T17:30:00+00:00
2287	R. Barkley	Missing Fixture	Calf Injury	Aston Villa	Aston Villa	66	1208233	2025-01-18T17:30:00+00:00
21090	Diego Carlos	Missing Fixture	Ankle Injury	Aston Villa	Aston Villa	66	1208233	2025-01-18T17:30:00+00:00
19191	J. McGinn	Missing Fixture	Thigh Injury	Aston Villa	Aston Villa	66	1208233	2025-01-18T17:30:00+00:00
46815	P. Torres	Missing Fixture	Foot Injury	Aston Villa	Aston Villa	66	1208233	2025-01-18T17:30:00+00:00
138822	A. Broja	Missing Fixture	Ankle Injury	Everton	Everton	45	1208236	2025-01-19T14:00:00+00:00
330412	Chermiti	Missing Fixture	Thigh Injury	Everton	Everton	45	1208236	2025-01-19T14:00:00+00:00
18758	S. Coleman	Missing Fixture	Calf Injury	Everton	Everton	45	1208236	2025-01-19T14:00:00+00:00
895	J. Garner	Missing Fixture	Lower Back Injury	Everton	Everton	45	1208236	2025-01-19T14:00:00+00:00
284500	T. Iroegbunam	Missing Fixture	Ankle Injury	Everton	Everton	45	1208236	2025-01-19T14:00:00+00:00
18929	D. McNeil	Missing Fixture	Knee Injury	Everton	Everton	45	1208236	2025-01-19T14:00:00+00:00
863	R. Bentancur	Missing Fixture	Concussion	Tottenham	Tottenham	47	1208236	2025-01-19T14:00:00+00:00
336564	W. Odobert	Missing Fixture	Thigh Injury	Tottenham	Tottenham	47	1208236	2025-01-19T14:00:00+00:00
30776	C. Romero	Missing Fixture	Thigh Injury	Tottenham	Tottenham	47	1208236	2025-01-19T14:00:00+00:00
18883	D. Solanke	Missing Fixture	Knee Injury	Tottenham	Tottenham	47	1208236	2025-01-19T14:00:00+00:00
204039	D. Udogie	Missing Fixture	Thigh Injury	Tottenham	Tottenham	47	1208236	2025-01-19T14:00:00+00:00
31354	G. Vicario	Missing Fixture	Broken ankle	Tottenham	Tottenham	47	1208236	2025-01-19T14:00:00+00:00
1166	T. Werner	Missing Fixture	Muscle Injury	Tottenham	Tottenham	47	1208236	2025-01-19T14:00:00+00:00
152849	M. van de Ven	Missing Fixture	Thigh Injury	Tottenham	Tottenham	47	1208236	2025-01-19T14:00:00+00:00
18968	Y. Bissouma	Questionable	Calf Injury	Tottenham	Tottenham	47	1208236	2025-01-19T14:00:00+00:00
129711	B. Johnson	Questionable	Calf Injury	Tottenham	Tottenham	47	1208236	2025-01-19T14:00:00+00:00
18772	J. Evans	Missing Fixture	Muscle Injury	Manchester United	Man United	33	1208239	2025-01-19T14:00:00+00:00
889	V. Lindelof	Missing Fixture	Injury	Manchester United	Man United	33	1208239	2025-01-19T14:00:00+00:00
19220	M. Mount	Missing Fixture	Leg Injury	Manchester United	Man United	33	1208239	2025-01-19T14:00:00+00:00
909	M. Rashford	Missing Fixture	Coach's decision	Manchester United	Man United	33	1208239	2025-01-19T14:00:00+00:00
891	L. Shaw	Missing Fixture	Calf Injury	Manchester United	Man United	33	1208239	2025-01-19T14:00:00+00:00
328225	B. Gruda	Missing Fixture	Injury	Brighton	Brighton	51	1208239	2025-01-19T14:00:00+00:00
7600	Igor	Missing Fixture	Thigh Injury	Brighton	Brighton	51	1208239	2025-01-19T14:00:00+00:00
1361	F. Kadioglu	Missing Fixture	Toe Injury	Brighton	Brighton	51	1208239	2025-01-19T14:00:00+00:00
296	J. Milner	Missing Fixture	Thigh Injury	Brighton	Brighton	51	1208239	2025-01-19T14:00:00+00:00
92993	M. Wieffer	Missing Fixture	Thigh Injury	Brighton	Brighton	51	1208239	2025-01-19T14:00:00+00:00
129643	E. Ferguson	Questionable	Ankle Injury	Brighton	Brighton	51	1208239	2025-01-19T14:00:00+00:00
305730	J. Hinshelwood	Questionable	Knee Injury	Brighton	Brighton	51	1208239	2025-01-19T14:00:00+00:00
22149	I. Sangare	Missing Fixture	Foot Injury	Nottingham Forest	Nott'm Forest	65	1208241	2025-01-19T14:00:00+00:00
18940	J. Stephens	Missing Fixture	Knock	Southampton	Southampton	41	1208241	2025-01-19T14:00:00+00:00
45078	R. Stewart	Missing Fixture	Thigh Injury	Southampton	Southampton	41	1208241	2025-01-19T14:00:00+00:00
304317	T. Dibling	Questionable	Ankle Injury	Southampton	Southampton	41	1208241	2025-01-19T14:00:00+00:00
20007	C. Chaplin	Missing Fixture	Knee Injury	Ipswich	Ipswich	57	1208237	2025-01-19T16:30:00+00:00
19365	C. Ogbene	Missing Fixture	Calf Injury	Ipswich	Ipswich	57	1208237	2025-01-19T16:30:00+00:00
19130	K. Phillips	Missing Fixture	Loan agreement	Ipswich	Ipswich	57	1208237	2025-01-19T16:30:00+00:00
17579	S. Szmodics	Missing Fixture	Ankle Injury	Ipswich	Ipswich	57	1208237	2025-01-19T16:30:00+00:00
278133	O. Bobb	Missing Fixture	Leg Injury	Manchester City	Man City	50	1208237	2025-01-19T16:30:00+00:00
44	Rodri	Missing Fixture	Knee Injury	Manchester City	Man City	50	1208237	2025-01-19T16:30:00+00:00
626	J. Stones	Questionable	Ankle Injury	Manchester City	Man City	50	1208237	2025-01-19T16:30:00+00:00
95	B. Badiashile	Missing Fixture	Thigh Injury	Chelsea	Chelsea	49	1208235	2025-01-20T20:00:00+00:00
270507	C. Casadei	Missing Fixture	Coach's decision	Chelsea	Chelsea	49	1208235	2025-01-20T20:00:00+00:00
2933	B. Chilwell	Missing Fixture	Coach's decision	Chelsea	Chelsea	49	1208235	2025-01-20T20:00:00+00:00
22094	W. Fofana	Missing Fixture	Muscle Injury	Chelsea	Chelsea	49	1208235	2025-01-20T20:00:00+00:00
329347	O. Kellyman	Missing Fixture	Muscle Injury	Chelsea	Chelsea	49	1208235	2025-01-20T20:00:00+00:00
63577	M. Mudryk	Missing Fixture	Suspended	Chelsea	Chelsea	49	1208235	2025-01-20T20:00:00+00:00
152953	L. Colwill	Questionable	Injury	Chelsea	Chelsea	49	1208235	2025-01-20T20:00:00+00:00
5996	E. Fernandez	Questionable	Injury	Chelsea	Chelsea	49	1208235	2025-01-20T20:00:00+00:00
282125	R. Lavia	Questionable	Thigh Injury	Chelsea	Chelsea	49	1208235	2025-01-20T20:00:00+00:00
385726	E. Gonzalez	Missing Fixture	Knee Injury	Wolves	Wolves	39	1208235	2025-01-20T20:00:00+00:00
7722	S. Kalajdzic	Missing Fixture	Knee Injury	Wolves	Wolves	39	1208235	2025-01-20T20:00:00+00:00
195717	Y. Mosquera	Missing Fixture	Knee Injury	Wolves	Wolves	39	1208235	2025-01-20T20:00:00+00:00
41606	Toti	Missing Fixture	Thigh Injury	Wolves	Wolves	39	1208235	2025-01-20T20:00:00+00:00
157912	B. Traore	Questionable	Knee Injury	Wolves	Wolves	39	1208235	2025-01-20T20:00:00+00:00
51051	J. Araujo	Missing Fixture	Thigh Injury	Bournemouth	Bournemouth	35	1208243	2025-01-25T15:00:00+00:00
152856	Evanilson	Missing Fixture	Foot Injury	Bournemouth	Bournemouth	35	1208243	2025-01-25T15:00:00+00:00
20093	J. Hill	Missing Fixture	Thigh Injury	Bournemouth	Bournemouth	35	1208243	2025-01-25T15:00:00+00:00
304853	A. Scott	Missing Fixture	Knee Injury	Bournemouth	Bournemouth	35	1208243	2025-01-25T15:00:00+00:00
6610	M. Senesi	Missing Fixture	Thigh Injury	Bournemouth	Bournemouth	35	1208243	2025-01-25T15:00:00+00:00
37161	L. Sinisterra	Missing Fixture	Thigh Injury	Bournemouth	Bournemouth	35	1208243	2025-01-25T15:00:00+00:00
18869	A. Smith	Missing Fixture	Leg Injury	Bournemouth	Bournemouth	35	1208243	2025-01-25T15:00:00+00:00
363333	J. Soler	Missing Fixture	International duty	Bournemouth	Bournemouth	35	1208243	2025-01-25T15:00:00+00:00
47499	E. Unal	Missing Fixture	Knee Injury	Bournemouth	Bournemouth	35	1208243	2025-01-25T15:00:00+00:00
22149	I. Sangare	Missing Fixture	Thigh Injury	Nottingham Forest	Nott'm Forest	65	1208243	2025-01-25T15:00:00+00:00
2298	C. Hudson-Odoi	Questionable	Muscle Injury	Nottingham Forest	Nott'm Forest	65	1208243	2025-01-25T15:00:00+00:00
129643	E. Ferguson	Missing Fixture	Ankle Injury	Brighton	Brighton	51	1208245	2025-01-25T15:00:00+00:00
7600	Igor	Missing Fixture	Thigh Injury	Brighton	Brighton	51	1208245	2025-01-25T15:00:00+00:00
1361	F. Kadioglu	Missing Fixture	Toe Injury	Brighton	Brighton	51	1208245	2025-01-25T15:00:00+00:00
296	J. Milner	Missing Fixture	Thigh Injury	Brighton	Brighton	51	1208245	2025-01-25T15:00:00+00:00
18960	J. Steele	Missing Fixture	Shoulder Injury	Brighton	Brighton	51	1208245	2025-01-25T15:00:00+00:00
92993	M. Wieffer	Missing Fixture	Thigh Injury	Brighton	Brighton	51	1208245	2025-01-25T15:00:00+00:00
138822	A. Broja	Missing Fixture	Ankle Injury	Everton	Everton	45	1208245	2025-01-25T15:00:00+00:00
330412	Chermiti	Missing Fixture	Thigh Injury	Everton	Everton	45	1208245	2025-01-25T15:00:00+00:00
18758	S. Coleman	Missing Fixture	Calf Injury	Everton	Everton	45	1208245	2025-01-25T15:00:00+00:00
284500	T. Iroegbunam	Missing Fixture	Ankle Injury	Everton	Everton	45	1208245	2025-01-25T15:00:00+00:00
18929	D. McNeil	Missing Fixture	Knee Injury	Everton	Everton	45	1208245	2025-01-25T15:00:00+00:00
2678	Diogo Jota	Missing Fixture	Muscle Injury	Liverpool	Liverpool	40	1208248	2025-01-25T15:00:00+00:00
284	J. Gomez	Missing Fixture	Hamstring Injury	Liverpool	Liverpool	40	1208248	2025-01-25T15:00:00+00:00
293	C. Jones	Questionable	Muscle Injury	Liverpool	Liverpool	40	1208248	2025-01-25T15:00:00+00:00
20007	C. Chaplin	Missing Fixture	Knee Injury	Ipswich	Ipswich	57	1208248	2025-01-25T15:00:00+00:00
19365	C. Ogbene	Missing Fixture	Calf Injury	Ipswich	Ipswich	57	1208248	2025-01-25T15:00:00+00:00
17579	S. Szmodics	Missing Fixture	Ankle Injury	Ipswich	Ipswich	57	1208248	2025-01-25T15:00:00+00:00
304317	T. Dibling	Missing Fixture	Ankle Injury	Southampton	Southampton	41	1208250	2025-01-25T15:00:00+00:00
263177	A. Gronbaek	Missing Fixture	Coach's decision	Southampton	Southampton	41	1208250	2025-01-25T15:00:00+00:00
18940	J. Stephens	Missing Fixture	Knock	Southampton	Southampton	41	1208250	2025-01-25T15:00:00+00:00
45078	R. Stewart	Missing Fixture	Thigh Injury	Southampton	Southampton	41	1208250	2025-01-25T15:00:00+00:00
199837	K. Sulemana	Missing Fixture	Thigh Injury	Southampton	Southampton	41	1208250	2025-01-25T15:00:00+00:00
20355	A. Ramsdale	Questionable	Lacking Match Fitness	Southampton	Southampton	41	1208250	2025-01-25T15:00:00+00:00
18778	H. Barnes	Missing Fixture	Thigh Injury	Newcastle	Newcastle	34	1208250	2025-01-25T15:00:00+00:00
18894	J. Lascelles	Missing Fixture	Knee Injury	Newcastle	Newcastle	34	1208250	2025-01-25T15:00:00+00:00
2939	C. Wilson	Missing Fixture	Thigh Injury	Newcastle	Newcastle	34	1208250	2025-01-25T15:00:00+00:00
385726	E. Gonzalez	Missing Fixture	Knee Injury	Wolves	Wolves	39	1208252	2025-01-25T15:00:00+00:00
7722	S. Kalajdzic	Missing Fixture	Knee Injury	Wolves	Wolves	39	1208252	2025-01-25T15:00:00+00:00
18947	M. Lemina	Missing Fixture	Illness	Wolves	Wolves	39	1208252	2025-01-25T15:00:00+00:00
195717	Y. Mosquera	Missing Fixture	Knee Injury	Wolves	Wolves	39	1208252	2025-01-25T15:00:00+00:00
157912	B. Traore	Questionable	Knee Injury	Wolves	Wolves	39	1208252	2025-01-25T15:00:00+00:00
643	Gabriel Jesus	Missing Fixture	Knee Injury	Arsenal	Arsenal	42	1208252	2025-01-25T15:00:00+00:00
47311	M. Merino	Missing Fixture	Injury	Arsenal	Arsenal	42	1208252	2025-01-25T15:00:00+00:00
37127	M. Odegaard	Missing Fixture	Illness	Arsenal	Arsenal	42	1208252	2025-01-25T15:00:00+00:00
1460	B. Saka	Missing Fixture	Thigh Injury	Arsenal	Arsenal	42	1208252	2025-01-25T15:00:00+00:00
2597	T. Tomiyasu	Missing Fixture	Knee Injury	Arsenal	Arsenal	42	1208252	2025-01-25T15:00:00+00:00
19959	B. White	Missing Fixture	Knee Injury	Arsenal	Arsenal	42	1208252	2025-01-25T15:00:00+00:00
18861	N. Ake	Missing Fixture	Muscle Injury	Manchester City	Man City	50	1208249	2025-01-25T17:30:00+00:00
278133	O. Bobb	Missing Fixture	Leg Injury	Manchester City	Man City	50	1208249	2025-01-25T17:30:00+00:00
567	R. Dias	Missing Fixture	Injury	Manchester City	Man City	50	1208249	2025-01-25T17:30:00+00:00
1422	J. Doku	Missing Fixture	Injury	Manchester City	Man City	50	1208249	2025-01-25T17:30:00+00:00
44	Rodri	Missing Fixture	Knee Injury	Manchester City	Man City	50	1208249	2025-01-25T17:30:00+00:00
95	B. Badiashile	Missing Fixture	Thigh Injury	Chelsea	Chelsea	49	1208249	2025-01-25T17:30:00+00:00
270507	C. Casadei	Missing Fixture	Coach's decision	Chelsea	Chelsea	49	1208249	2025-01-25T17:30:00+00:00
2933	B. Chilwell	Missing Fixture	Coach's decision	Chelsea	Chelsea	49	1208249	2025-01-25T17:30:00+00:00
22094	W. Fofana	Missing Fixture	Muscle Injury	Chelsea	Chelsea	49	1208249	2025-01-25T17:30:00+00:00
583	Joao Felix	Missing Fixture	Personal Reasons	Chelsea	Chelsea	49	1208249	2025-01-25T17:30:00+00:00
329347	O. Kellyman	Missing Fixture	Muscle Injury	Chelsea	Chelsea	49	1208249	2025-01-25T17:30:00+00:00
282125	R. Lavia	Missing Fixture	Thigh Injury	Chelsea	Chelsea	49	1208249	2025-01-25T17:30:00+00:00
63577	M. Mudryk	Missing Fixture	Suspended	Chelsea	Chelsea	49	1208249	2025-01-25T17:30:00+00:00
3339	C. Doucoure	Missing Fixture	Knee Injury	Crystal Palace	Crystal Palace	52	1208246	2025-01-26T14:00:00+00:00
1440	R. Holding	Missing Fixture	Coach's decision	Crystal Palace	Crystal Palace	52	1208246	2025-01-26T14:00:00+00:00
311157	Matheus Franca	Missing Fixture	Muscle Injury	Crystal Palace	Crystal Palace	52	1208246	2025-01-26T14:00:00+00:00
278898	C. Riad	Missing Fixture	Knee Injury	Crystal Palace	Crystal Palace	52	1208246	2025-01-26T14:00:00+00:00
288102	A. Wharton	Missing Fixture	Groin Injury	Crystal Palace	Crystal Palace	52	1208246	2025-01-26T14:00:00+00:00
19362	J. Dasilva	Missing Fixture	Knee Injury	Brentford	Brentford	55	1208246	2025-01-26T14:00:00+00:00
44871	A. Hickey	Missing Fixture	Hamstring Injury	Brentford	Brentford	55	1208246	2025-01-26T14:00:00+00:00
342022	M. Kayode	Missing Fixture	Coach's decision	Brentford	Brentford	55	1208246	2025-01-26T14:00:00+00:00
19789	E. Pinnock	Missing Fixture	Thigh Injury	Brentford	Brentford	55	1208246	2025-01-26T14:00:00+00:00
196156	I. Thiago	Missing Fixture	Knee Injury	Brentford	Brentford	55	1208246	2025-01-26T14:00:00+00:00
382925	R. Trevitt	Questionable	Calf Injury	Brentford	Brentford	55	1208246	2025-01-26T14:00:00+00:00
129711	B. Johnson	Missing Fixture	Calf Injury	Tottenham	Tottenham	47	1208251	2025-01-26T14:00:00+00:00
336564	W. Odobert	Missing Fixture	Thigh Injury	Tottenham	Tottenham	47	1208251	2025-01-26T14:00:00+00:00
18883	D. Solanke	Missing Fixture	Knee Injury	Tottenham	Tottenham	47	1208251	2025-01-26T14:00:00+00:00
204039	D. Udogie	Missing Fixture	Thigh Injury	Tottenham	Tottenham	47	1208251	2025-01-26T14:00:00+00:00
31354	G. Vicario	Missing Fixture	Broken ankle	Tottenham	Tottenham	47	1208251	2025-01-26T14:00:00+00:00
1166	T. Werner	Missing Fixture	Muscle Injury	Tottenham	Tottenham	47	1208251	2025-01-26T14:00:00+00:00
30776	C. Romero	Questionable	Thigh Injury	Tottenham	Tottenham	47	1208251	2025-01-26T14:00:00+00:00
19235	D. Spence	Questionable	Knock	Tottenham	Tottenham	47	1208251	2025-01-26T14:00:00+00:00
152849	M. van de Ven	Questionable	Thigh Injury	Tottenham	Tottenham	47	1208251	2025-01-26T14:00:00+00:00
303467	I. Fatawu	Missing Fixture	Knee Injury	Leicester	Leicester	46	1208251	2025-01-26T14:00:00+00:00
15870	M. Hermansen	Missing Fixture	Muscle Injury	Leicester	Leicester	46	1208251	2025-01-26T14:00:00+00:00
405905	N. Opoku	Missing Fixture	Broken Leg	Leicester	Leicester	46	1208251	2025-01-26T14:00:00+00:00
18771	R. Pereira	Missing Fixture	Thigh Injury	Leicester	Leicester	46	1208251	2025-01-26T14:00:00+00:00
18786	W. Ndidi	Questionable	Thigh Injury	Leicester	Leicester	46	1208251	2025-01-26T14:00:00+00:00
2287	R. Barkley	Missing Fixture	Calf Injury	Aston Villa	Aston Villa	66	1208244	2025-01-26T16:30:00+00:00
46815	P. Torres	Missing Fixture	Foot Injury	Aston Villa	Aston Villa	66	1208244	2025-01-26T16:30:00+00:00
162714	A. Onana	Questionable	Thigh Injury	Aston Villa	Aston Villa	66	1208244	2025-01-26T16:30:00+00:00
18819	M. Antonio	Missing Fixture	Inactive	West Ham	West Ham	48	1208244	2025-01-26T16:30:00+00:00
19428	J. Bowen	Missing Fixture	Broken Leg	West Ham	West Ham	48	1208244	2025-01-26T16:30:00+00:00
25391	N. Fullkrug	Missing Fixture	Leg Injury	West Ham	West Ham	48	1208244	2025-01-26T16:30:00+00:00
1445	K. Mavropanos	Missing Fixture	Red Card	West Ham	West Ham	48	1208244	2025-01-26T16:30:00+00:00
138	J. Todibo	Missing Fixture	Injury	West Ham	West Ham	48	1208244	2025-01-26T16:30:00+00:00
37724	C. Summerville	Questionable	Hamstring Injury	West Ham	West Ham	48	1208244	2025-01-26T16:30:00+00:00
727	R. Nelson	Missing Fixture	Thigh Injury	Fulham	Fulham	36	1208247	2025-01-26T19:00:00+00:00
657	K. Tete	Missing Fixture	Knee Injury	Fulham	Fulham	36	1208247	2025-01-26T19:00:00+00:00
18772	J. Evans	Missing Fixture	Muscle Injury	Manchester United	Man United	33	1208247	2025-01-26T19:00:00+00:00
19220	M. Mount	Missing Fixture	Leg Injury	Manchester United	Man United	33	1208247	2025-01-26T19:00:00+00:00
909	M. Rashford	Missing Fixture	Coach's decision	Manchester United	Man United	33	1208247	2025-01-26T19:00:00+00:00
891	L. Shaw	Missing Fixture	Calf Injury	Manchester United	Man United	33	1208247	2025-01-26T19:00:00+00:00
2298	C. Hudson-Odoi	Missing Fixture	Muscle Injury	Nottingham Forest	Nott'm Forest	65	1208261	2025-02-01T12:30:00+00:00
7600	Igor	Missing Fixture	Thigh Injury	Brighton	Brighton	51	1208261	2025-02-01T12:30:00+00:00
1361	F. Kadioglu	Missing Fixture	Toe Injury	Brighton	Brighton	51	1208261	2025-02-01T12:30:00+00:00
18973	S. March	Missing Fixture	Injury	Brighton	Brighton	51	1208261	2025-02-01T12:30:00+00:00
296	J. Milner	Missing Fixture	Thigh Injury	Brighton	Brighton	51	1208261	2025-02-01T12:30:00+00:00
18960	J. Steele	Missing Fixture	Shoulder Injury	Brighton	Brighton	51	1208261	2025-02-01T12:30:00+00:00
92993	M. Wieffer	Missing Fixture	Thigh Injury	Brighton	Brighton	51	1208261	2025-02-01T12:30:00+00:00
46731	P. Estupinan	Questionable	Injury	Brighton	Brighton	51	1208261	2025-02-01T12:30:00+00:00
51051	J. Araujo	Missing Fixture	Thigh Injury	Bournemouth	Bournemouth	35	1208253	2025-02-01T15:00:00+00:00
152856	Evanilson	Missing Fixture	Foot Injury	Bournemouth	Bournemouth	35	1208253	2025-02-01T15:00:00+00:00
20093	J. Hill	Missing Fixture	Thigh Injury	Bournemouth	Bournemouth	35	1208253	2025-02-01T15:00:00+00:00
304853	A. Scott	Missing Fixture	Knee Injury	Bournemouth	Bournemouth	35	1208253	2025-02-01T15:00:00+00:00
6610	M. Senesi	Missing Fixture	Thigh Injury	Bournemouth	Bournemouth	35	1208253	2025-02-01T15:00:00+00:00
18869	A. Smith	Missing Fixture	Leg Injury	Bournemouth	Bournemouth	35	1208253	2025-02-01T15:00:00+00:00
363333	J. Soler	Missing Fixture	International duty	Bournemouth	Bournemouth	35	1208253	2025-02-01T15:00:00+00:00
47499	E. Unal	Missing Fixture	Knee Injury	Bournemouth	Bournemouth	35	1208253	2025-02-01T15:00:00+00:00
37161	L. Sinisterra	Questionable	Thigh Injury	Bournemouth	Bournemouth	35	1208253	2025-02-01T15:00:00+00:00
284	J. Gomez	Questionable	Hamstring Injury	Liverpool	Liverpool	40	1208253	2025-02-01T15:00:00+00:00
138822	A. Broja	Missing Fixture	Ankle Injury	Everton	Everton	45	1208257	2025-02-01T15:00:00+00:00
18766	D. Calvert-Lewin	Missing Fixture	Muscle Injury	Everton	Everton	45	1208257	2025-02-01T15:00:00+00:00
330412	Chermiti	Missing Fixture	Thigh Injury	Everton	Everton	45	1208257	2025-02-01T15:00:00+00:00
18758	S. Coleman	Missing Fixture	Calf Injury	Everton	Everton	45	1208257	2025-02-01T15:00:00+00:00
24882	O. Mangala	Missing Fixture	Knee Injury	Everton	Everton	45	1208257	2025-02-01T15:00:00+00:00
18929	D. McNeil	Missing Fixture	Knee Injury	Everton	Everton	45	1208257	2025-02-01T15:00:00+00:00
303467	I. Fatawu	Missing Fixture	Knee Injury	Leicester	Leicester	46	1208257	2025-02-01T15:00:00+00:00
405905	N. Opoku	Missing Fixture	Broken Leg	Leicester	Leicester	46	1208257	2025-02-01T15:00:00+00:00
18771	R. Pereira	Missing Fixture	Thigh Injury	Leicester	Leicester	46	1208257	2025-02-01T15:00:00+00:00
20079	H. Souttar	Missing Fixture	Ankle Injury	Leicester	Leicester	46	1208257	2025-02-01T15:00:00+00:00
18786	W. Ndidi	Questionable	Thigh Injury	Leicester	Leicester	46	1208257	2025-02-01T15:00:00+00:00
20089	W. Burns	Missing Fixture	Knee Injury	Ipswich	Ipswich	57	1208258	2025-02-01T15:00:00+00:00
20007	C. Chaplin	Missing Fixture	Knee Injury	Ipswich	Ipswich	57	1208258	2025-02-01T15:00:00+00:00
19365	C. Ogbene	Missing Fixture	Calf Injury	Ipswich	Ipswich	57	1208258	2025-02-01T15:00:00+00:00
17579	S. Szmodics	Missing Fixture	Ankle Injury	Ipswich	Ipswich	57	1208258	2025-02-01T15:00:00+00:00
45078	R. Stewart	Missing Fixture	Thigh Injury	Southampton	Southampton	41	1208258	2025-02-01T15:00:00+00:00
18873	R. Fraser	Questionable	Injury	Southampton	Southampton	41	1208258	2025-02-01T15:00:00+00:00
19248	N. Wood	Questionable	Injury	Southampton	Southampton	41	1208258	2025-02-01T15:00:00+00:00
18778	H. Barnes	Missing Fixture	Thigh Injury	Newcastle	Newcastle	34	1208260	2025-02-01T15:00:00+00:00
18894	J. Lascelles	Missing Fixture	Knee Injury	Newcastle	Newcastle	34	1208260	2025-02-01T15:00:00+00:00
2939	C. Wilson	Questionable	Thigh Injury	Newcastle	Newcastle	34	1208260	2025-02-01T15:00:00+00:00
657	K. Tete	Missing Fixture	Knee Injury	Fulham	Fulham	36	1208260	2025-02-01T15:00:00+00:00
19221	H. Wilson	Missing Fixture	Injury	Fulham	Fulham	36	1208260	2025-02-01T15:00:00+00:00
727	R. Nelson	Questionable	Thigh Injury	Fulham	Fulham	36	1208260	2025-02-01T15:00:00+00:00
380653	L. Chiwome	Missing Fixture	Knee Injury	Wolves	Wolves	39	1208262	2025-02-01T17:30:00+00:00
385726	E. Gonzalez	Missing Fixture	Knee Injury	Wolves	Wolves	39	1208262	2025-02-01T17:30:00+00:00
195103	Joao Gomes	Missing Fixture	Red Card	Wolves	Wolves	39	1208262	2025-02-01T17:30:00+00:00
7722	S. Kalajdzic	Missing Fixture	Knee Injury	Wolves	Wolves	39	1208262	2025-02-01T17:30:00+00:00
2032	J. S. Larsen	Missing Fixture	Thigh Injury	Wolves	Wolves	39	1208262	2025-02-01T17:30:00+00:00
18947	M. Lemina	Missing Fixture	Illness	Wolves	Wolves	39	1208262	2025-02-01T17:30:00+00:00
195717	Y. Mosquera	Missing Fixture	Knee Injury	Wolves	Wolves	39	1208262	2025-02-01T17:30:00+00:00
157912	B. Traore	Questionable	Knee Injury	Wolves	Wolves	39	1208262	2025-02-01T17:30:00+00:00
19298	M. Cash	Missing Fixture	Muscle Injury	Aston Villa	Aston Villa	66	1208262	2025-02-01T17:30:00+00:00
19179	T. Mings	Missing Fixture	Knee Injury	Aston Villa	Aston Villa	66	1208262	2025-02-01T17:30:00+00:00
46815	P. Torres	Missing Fixture	Foot Injury	Aston Villa	Aston Villa	66	1208262	2025-02-01T17:30:00+00:00
2287	R. Barkley	Questionable	Calf Injury	Aston Villa	Aston Villa	66	1208262	2025-02-01T17:30:00+00:00
19362	J. Dasilva	Missing Fixture	Knee Injury	Brentford	Brentford	55	1208255	2025-02-02T14:00:00+00:00
19346	R. Henry	Missing Fixture	Thigh Injury	Brentford	Brentford	55	1208255	2025-02-02T14:00:00+00:00
44871	A. Hickey	Missing Fixture	Hamstring Injury	Brentford	Brentford	55	1208255	2025-02-02T14:00:00+00:00
196156	I. Thiago	Missing Fixture	Knee Injury	Brentford	Brentford	55	1208255	2025-02-02T14:00:00+00:00
162498	R. Dragusin	Missing Fixture	Knee Injury	Tottenham	Tottenham	47	1208255	2025-02-02T14:00:00+00:00
129711	B. Johnson	Missing Fixture	Calf Injury	Tottenham	Tottenham	47	1208255	2025-02-02T14:00:00+00:00
18784	J. Maddison	Missing Fixture	Calf Injury	Tottenham	Tottenham	47	1208255	2025-02-02T14:00:00+00:00
336564	W. Odobert	Missing Fixture	Thigh Injury	Tottenham	Tottenham	47	1208255	2025-02-02T14:00:00+00:00
30776	C. Romero	Missing Fixture	Thigh Injury	Tottenham	Tottenham	47	1208255	2025-02-02T14:00:00+00:00
18883	D. Solanke	Missing Fixture	Knee Injury	Tottenham	Tottenham	47	1208255	2025-02-02T14:00:00+00:00
204039	D. Udogie	Missing Fixture	Thigh Injury	Tottenham	Tottenham	47	1208255	2025-02-02T14:00:00+00:00
31354	G. Vicario	Missing Fixture	Broken ankle	Tottenham	Tottenham	47	1208255	2025-02-02T14:00:00+00:00
1166	T. Werner	Missing Fixture	Muscle Injury	Tottenham	Tottenham	47	1208255	2025-02-02T14:00:00+00:00
18772	J. Evans	Missing Fixture	Muscle Injury	Manchester United	Man United	33	1208259	2025-02-02T14:00:00+00:00
19220	M. Mount	Missing Fixture	Leg Injury	Manchester United	Man United	33	1208259	2025-02-02T14:00:00+00:00
909	M. Rashford	Missing Fixture	Coach's decision	Manchester United	Man United	33	1208259	2025-02-02T14:00:00+00:00
891	L. Shaw	Missing Fixture	Calf Injury	Manchester United	Man United	33	1208259	2025-02-02T14:00:00+00:00
3339	C. Doucoure	Missing Fixture	Knee Injury	Crystal Palace	Crystal Palace	52	1208259	2025-02-02T14:00:00+00:00
278898	C. Riad	Missing Fixture	Knee Injury	Crystal Palace	Crystal Palace	52	1208259	2025-02-02T14:00:00+00:00
18847	J. Ward	Missing Fixture	Calf Injury	Crystal Palace	Crystal Palace	52	1208259	2025-02-02T14:00:00+00:00
643	Gabriel Jesus	Missing Fixture	Knee Injury	Arsenal	Arsenal	42	1208254	2025-02-02T16:30:00+00:00
1460	B. Saka	Missing Fixture	Thigh Injury	Arsenal	Arsenal	42	1208254	2025-02-02T16:30:00+00:00
2597	T. Tomiyasu	Missing Fixture	Knee Injury	Arsenal	Arsenal	42	1208254	2025-02-02T16:30:00+00:00
19959	B. White	Missing Fixture	Knee Injury	Arsenal	Arsenal	42	1208254	2025-02-02T16:30:00+00:00
18861	N. Ake	Missing Fixture	Muscle Injury	Manchester City	Man City	50	1208254	2025-02-02T16:30:00+00:00
567	R. Dias	Missing Fixture	Muscle Injury	Manchester City	Man City	50	1208254	2025-02-02T16:30:00+00:00
1422	J. Doku	Missing Fixture	Injury	Manchester City	Man City	50	1208254	2025-02-02T16:30:00+00:00
44	Rodri	Missing Fixture	Knee Injury	Manchester City	Man City	50	1208254	2025-02-02T16:30:00+00:00
278133	O. Bobb	Questionable	Leg Injury	Manchester City	Man City	50	1208254	2025-02-02T16:30:00+00:00
95	B. Badiashile	Missing Fixture	Thigh Injury	Chelsea	Chelsea	49	1208256	2025-02-03T20:00:00+00:00
22094	W. Fofana	Missing Fixture	Muscle Injury	Chelsea	Chelsea	49	1208256	2025-02-03T20:00:00+00:00
329347	O. Kellyman	Missing Fixture	Muscle Injury	Chelsea	Chelsea	49	1208256	2025-02-03T20:00:00+00:00
282125	R. Lavia	Missing Fixture	Thigh Injury	Chelsea	Chelsea	49	1208256	2025-02-03T20:00:00+00:00
63577	M. Mudryk	Missing Fixture	Suspended	Chelsea	Chelsea	49	1208256	2025-02-03T20:00:00+00:00
18819	M. Antonio	Missing Fixture	Inactive	West Ham	West Ham	48	1208256	2025-02-03T20:00:00+00:00
25391	N. Fullkrug	Missing Fixture	Leg Injury	West Ham	West Ham	48	1208256	2025-02-03T20:00:00+00:00
138	J. Todibo	Missing Fixture	Injury	West Ham	West Ham	48	1208256	2025-02-03T20:00:00+00:00
37724	C. Summerville	Questionable	Hamstring Injury	West Ham	West Ham	48	1208256	2025-02-03T20:00:00+00:00
138822	A. Broja	Missing Fixture	Ankle Injury	Everton	Everton	45	1208166	2025-02-12T19:30:00+00:00
18766	D. Calvert-Lewin	Missing Fixture	Muscle Injury	Everton	Everton	45	1208166	2025-02-12T19:30:00+00:00
330412	Chermiti	Missing Fixture	Thigh Injury	Everton	Everton	45	1208166	2025-02-12T19:30:00+00:00
18758	S. Coleman	Missing Fixture	Calf Injury	Everton	Everton	45	1208166	2025-02-12T19:30:00+00:00
24882	O. Mangala	Missing Fixture	Knee Injury	Everton	Everton	45	1208166	2025-02-12T19:30:00+00:00
18929	D. McNeil	Missing Fixture	Knee Injury	Everton	Everton	45	1208166	2025-02-12T19:30:00+00:00
138417	N. Patterson	Missing Fixture	Muscle Injury	Everton	Everton	45	1208166	2025-02-12T19:30:00+00:00
284	J. Gomez	Missing Fixture	Thigh Injury	Liverpool	Liverpool	40	1208166	2025-02-12T19:30:00+00:00
46731	P. Estupinan	Missing Fixture	Injury	Brighton	Brighton	51	1208264	2025-02-14T20:00:00+00:00
7600	Igor	Missing Fixture	Thigh Injury	Brighton	Brighton	51	1208264	2025-02-14T20:00:00+00:00
1361	F. Kadioglu	Missing Fixture	Toe Injury	Brighton	Brighton	51	1208264	2025-02-14T20:00:00+00:00
18973	S. March	Missing Fixture	Injury	Brighton	Brighton	51	1208264	2025-02-14T20:00:00+00:00
296	J. Milner	Missing Fixture	Thigh Injury	Brighton	Brighton	51	1208264	2025-02-14T20:00:00+00:00
18960	J. Steele	Missing Fixture	Shoulder Injury	Brighton	Brighton	51	1208264	2025-02-14T20:00:00+00:00
18963	L. Dunk	Questionable	Back Injury	Brighton	Brighton	51	1208264	2025-02-14T20:00:00+00:00
95	B. Badiashile	Missing Fixture	Thigh Injury	Chelsea	Chelsea	49	1208264	2025-02-14T20:00:00+00:00
22094	W. Fofana	Missing Fixture	Muscle Injury	Chelsea	Chelsea	49	1208264	2025-02-14T20:00:00+00:00
392270	M. Guiu	Missing Fixture	Muscle Injury	Chelsea	Chelsea	49	1208264	2025-02-14T20:00:00+00:00
283058	N. Jackson	Missing Fixture	Thigh Injury	Chelsea	Chelsea	49	1208264	2025-02-14T20:00:00+00:00
329347	O. Kellyman	Missing Fixture	Muscle Injury	Chelsea	Chelsea	49	1208264	2025-02-14T20:00:00+00:00
282125	R. Lavia	Missing Fixture	Thigh Injury	Chelsea	Chelsea	49	1208264	2025-02-14T20:00:00+00:00
63577	M. Mudryk	Missing Fixture	Suspended	Chelsea	Chelsea	49	1208264	2025-02-14T20:00:00+00:00
303467	I. Fatawu	Missing Fixture	Knee Injury	Leicester	Leicester	46	1208267	2025-02-15T12:30:00+00:00
405905	N. Opoku	Missing Fixture	Broken Leg	Leicester	Leicester	46	1208267	2025-02-15T12:30:00+00:00
18771	R. Pereira	Missing Fixture	Thigh Injury	Leicester	Leicester	46	1208267	2025-02-15T12:30:00+00:00
20079	H. Souttar	Missing Fixture	Ankle Injury	Leicester	Leicester	46	1208267	2025-02-15T12:30:00+00:00
643	Gabriel Jesus	Missing Fixture	Knee Injury	Arsenal	Arsenal	42	1208267	2025-02-15T12:30:00+00:00
978	K. Havertz	Missing Fixture	Hamstring Injury	Arsenal	Arsenal	42	1208267	2025-02-15T12:30:00+00:00
127769	G. Martinelli	Missing Fixture	Thigh Injury	Arsenal	Arsenal	42	1208267	2025-02-15T12:30:00+00:00
1460	B. Saka	Missing Fixture	Thigh Injury	Arsenal	Arsenal	42	1208267	2025-02-15T12:30:00+00:00
2597	T. Tomiyasu	Missing Fixture	Knee Injury	Arsenal	Arsenal	42	1208267	2025-02-15T12:30:00+00:00
2287	R. Barkley	Missing Fixture	Calf Injury	Aston Villa	Aston Villa	66	1208263	2025-02-15T15:00:00+00:00
19298	M. Cash	Missing Fixture	Muscle Injury	Aston Villa	Aston Villa	66	1208263	2025-02-15T15:00:00+00:00
19354	E. Konsa	Missing Fixture	Muscle Injury	Aston Villa	Aston Villa	66	1208263	2025-02-15T15:00:00+00:00
46815	P. Torres	Missing Fixture	Foot Injury	Aston Villa	Aston Villa	66	1208263	2025-02-15T15:00:00+00:00
20089	W. Burns	Missing Fixture	Knee Injury	Ipswich	Ipswich	57	1208263	2025-02-15T15:00:00+00:00
20007	C. Chaplin	Missing Fixture	Knee Injury	Ipswich	Ipswich	57	1208263	2025-02-15T15:00:00+00:00
19365	C. Ogbene	Missing Fixture	Calf Injury	Ipswich	Ipswich	57	1208263	2025-02-15T15:00:00+00:00
19541	C. Walton	Missing Fixture	Muscle Injury	Ipswich	Ipswich	57	1208263	2025-02-15T15:00:00+00:00
17579	S. Szmodics	Questionable	Ankle Injury	Ipswich	Ipswich	57	1208263	2025-02-15T15:00:00+00:00
727	R. Nelson	Missing Fixture	Thigh Injury	Fulham	Fulham	36	1208266	2025-02-15T15:00:00+00:00
657	K. Tete	Missing Fixture	Knee Injury	Fulham	Fulham	36	1208266	2025-02-15T15:00:00+00:00
19221	H. Wilson	Missing Fixture	Injury	Fulham	Fulham	36	1208266	2025-02-15T15:00:00+00:00
8598	T. Awoniyi	Missing Fixture	Broken nose	Nottingham Forest	Nott'm Forest	65	1208266	2025-02-15T15:00:00+00:00
10373	Carlos Miguel	Missing Fixture	Thigh Injury	Nottingham Forest	Nott'm Forest	65	1208266	2025-02-15T15:00:00+00:00
5	M. Akanji	Missing Fixture	Injury	Manchester City	Man City	50	1208269	2025-02-15T15:00:00+00:00
278133	O. Bobb	Missing Fixture	Leg Injury	Manchester City	Man City	50	1208269	2025-02-15T15:00:00+00:00
414385	C. Echeverri	Missing Fixture	International duty	Manchester City	Man City	50	1208269	2025-02-15T15:00:00+00:00
44	Rodri	Missing Fixture	Knee Injury	Manchester City	Man City	50	1208269	2025-02-15T15:00:00+00:00
19187	J. Grealish	Questionable	Injury	Manchester City	Man City	50	1208269	2025-02-15T15:00:00+00:00
723	Joelinton	Missing Fixture	Knee Injury	Newcastle	Newcastle	34	1208269	2025-02-15T15:00:00+00:00
18894	J. Lascelles	Missing Fixture	Knee Injury	Newcastle	Newcastle	34	1208269	2025-02-15T15:00:00+00:00
38734	S. Botman	Questionable	Knee Injury	Newcastle	Newcastle	34	1208269	2025-02-15T15:00:00+00:00
45078	R. Stewart	Missing Fixture	Thigh Injury	Southampton	Southampton	41	1208270	2025-02-15T15:00:00+00:00
19733	F. Downes	Questionable	Knock	Southampton	Southampton	41	1208270	2025-02-15T15:00:00+00:00
18873	R. Fraser	Questionable	Injury	Southampton	Southampton	41	1208270	2025-02-15T15:00:00+00:00
144729	T. Harwood-Bellis	Questionable	Ankle Injury	Southampton	Southampton	41	1208270	2025-02-15T15:00:00+00:00
295	A. Lallana	Questionable	Thigh Injury	Southampton	Southampton	41	1208270	2025-02-15T15:00:00+00:00
18940	J. Stephens	Questionable	Calf Injury	Southampton	Southampton	41	1208270	2025-02-15T15:00:00+00:00
51051	J. Araujo	Missing Fixture	Thigh Injury	Bournemouth	Bournemouth	35	1208270	2025-02-15T15:00:00+00:00
152856	Evanilson	Missing Fixture	Foot Injury	Bournemouth	Bournemouth	35	1208270	2025-02-15T15:00:00+00:00
20093	J. Hill	Missing Fixture	Thigh Injury	Bournemouth	Bournemouth	35	1208270	2025-02-15T15:00:00+00:00
6610	M. Senesi	Missing Fixture	Thigh Injury	Bournemouth	Bournemouth	35	1208270	2025-02-15T15:00:00+00:00
18869	A. Smith	Missing Fixture	Leg Injury	Bournemouth	Bournemouth	35	1208270	2025-02-15T15:00:00+00:00
363333	J. Soler	Missing Fixture	International duty	Bournemouth	Bournemouth	35	1208270	2025-02-15T15:00:00+00:00
47499	E. Unal	Missing Fixture	Knee Injury	Bournemouth	Bournemouth	35	1208270	2025-02-15T15:00:00+00:00
18819	M. Antonio	Missing Fixture	Inactive	West Ham	West Ham	48	1208272	2025-02-15T15:00:00+00:00
25391	N. Fullkrug	Missing Fixture	Leg Injury	West Ham	West Ham	48	1208272	2025-02-15T15:00:00+00:00
37724	C. Summerville	Missing Fixture	Hamstring Injury	West Ham	West Ham	48	1208272	2025-02-15T15:00:00+00:00
19362	J. Dasilva	Missing Fixture	Knee Injury	Brentford	Brentford	55	1208272	2025-02-15T15:00:00+00:00
19346	R. Henry	Missing Fixture	Thigh Injury	Brentford	Brentford	55	1208272	2025-02-15T15:00:00+00:00
44871	A. Hickey	Missing Fixture	Hamstring Injury	Brentford	Brentford	55	1208272	2025-02-15T15:00:00+00:00
196156	I. Thiago	Missing Fixture	Knee Injury	Brentford	Brentford	55	1208272	2025-02-15T15:00:00+00:00
3339	C. Doucoure	Missing Fixture	Knee Injury	Crystal Palace	Crystal Palace	52	1208265	2025-02-15T17:30:00+00:00
278898	C. Riad	Missing Fixture	Knee Injury	Crystal Palace	Crystal Palace	52	1208265	2025-02-15T17:30:00+00:00
18847	J. Ward	Missing Fixture	Calf Injury	Crystal Palace	Crystal Palace	52	1208265	2025-02-15T17:30:00+00:00
138822	A. Broja	Missing Fixture	Ankle Injury	Everton	Everton	45	1208265	2025-02-15T17:30:00+00:00
18766	D. Calvert-Lewin	Missing Fixture	Muscle Injury	Everton	Everton	45	1208265	2025-02-15T17:30:00+00:00
330412	Chermiti	Missing Fixture	Thigh Injury	Everton	Everton	45	1208265	2025-02-15T17:30:00+00:00
18758	S. Coleman	Missing Fixture	Calf Injury	Everton	Everton	45	1208265	2025-02-15T17:30:00+00:00
18805	A. Doucoure	Missing Fixture	Red Card	Everton	Everton	45	1208265	2025-02-15T17:30:00+00:00
24882	O. Mangala	Missing Fixture	Knee Injury	Everton	Everton	45	1208265	2025-02-15T17:30:00+00:00
18929	D. McNeil	Missing Fixture	Knee Injury	Everton	Everton	45	1208265	2025-02-15T17:30:00+00:00
18592	I. Ndiaye	Missing Fixture	Knee Injury	Everton	Everton	45	1208265	2025-02-15T17:30:00+00:00
138417	N. Patterson	Missing Fixture	Muscle Injury	Everton	Everton	45	1208265	2025-02-15T17:30:00+00:00
284	J. Gomez	Missing Fixture	Thigh Injury	Liverpool	Liverpool	40	1208268	2025-02-16T14:00:00+00:00
293	C. Jones	Missing Fixture	Red Card	Liverpool	Liverpool	40	1208268	2025-02-16T14:00:00+00:00
247	C. Gakpo	Questionable	Injury	Liverpool	Liverpool	40	1208268	2025-02-16T14:00:00+00:00
380653	L. Chiwome	Missing Fixture	Knee Injury	Wolves	Wolves	39	1208268	2025-02-16T14:00:00+00:00
385726	E. Gonzalez	Missing Fixture	Knee Injury	Wolves	Wolves	39	1208268	2025-02-16T14:00:00+00:00
24888	Hwang Hee-Chan	Missing Fixture	Thigh Injury	Wolves	Wolves	39	1208268	2025-02-16T14:00:00+00:00
7722	S. Kalajdzic	Missing Fixture	Knee Injury	Wolves	Wolves	39	1208268	2025-02-16T14:00:00+00:00
2032	J. S. Larsen	Missing Fixture	Thigh Injury	Wolves	Wolves	39	1208268	2025-02-16T14:00:00+00:00
195717	Y. Mosquera	Missing Fixture	Knee Injury	Wolves	Wolves	39	1208268	2025-02-16T14:00:00+00:00
162498	R. Dragusin	Missing Fixture	Knee Injury	Tottenham	Tottenham	47	1208271	2025-02-16T16:30:00+00:00
2413	Richarlison	Missing Fixture	Calf Injury	Tottenham	Tottenham	47	1208271	2025-02-16T16:30:00+00:00
30776	C. Romero	Missing Fixture	Thigh Injury	Tottenham	Tottenham	47	1208271	2025-02-16T16:30:00+00:00
18883	D. Solanke	Missing Fixture	Knee Injury	Tottenham	Tottenham	47	1208271	2025-02-16T16:30:00+00:00
152849	M. van de Ven	Missing Fixture	Lacking Match Fitness	Tottenham	Tottenham	47	1208271	2025-02-16T16:30:00+00:00
1166	T. Werner	Questionable	Thigh Injury	Tottenham	Tottenham	47	1208271	2025-02-16T16:30:00+00:00
50132	A. Bayindir	Missing Fixture	Injury	Manchester United	Man United	33	1208271	2025-02-16T16:30:00+00:00
157997	A. Diallo	Missing Fixture	Ankle Injury	Manchester United	Man United	33	1208271	2025-02-16T16:30:00+00:00
18772	J. Evans	Missing Fixture	Muscle Injury	Manchester United	Man United	33	1208271	2025-02-16T16:30:00+00:00
284322	K. Mainoo	Missing Fixture	Injury	Manchester United	Man United	33	1208271	2025-02-16T16:30:00+00:00
2467	L. Martinez	Missing Fixture	Knee Injury	Manchester United	Man United	33	1208271	2025-02-16T16:30:00+00:00
19220	M. Mount	Missing Fixture	Leg Injury	Manchester United	Man United	33	1208271	2025-02-16T16:30:00+00:00
891	L. Shaw	Missing Fixture	Calf Injury	Manchester United	Man United	33	1208271	2025-02-16T16:30:00+00:00
51494	M. Ugarte	Questionable	Knock	Manchester United	Man United	33	1208271	2025-02-16T16:30:00+00:00
2287	R. Barkley	Missing Fixture	Calf Injury	Aston Villa	Aston Villa	66	1208305	2025-02-19T19:30:00+00:00
1904	B. Kamara	Missing Fixture	Injury	Aston Villa	Aston Villa	66	1208305	2025-02-19T19:30:00+00:00
19354	E. Konsa	Missing Fixture	Muscle Injury	Aston Villa	Aston Villa	66	1208305	2025-02-19T19:30:00+00:00
162714	A. Onana	Missing Fixture	Thigh Injury	Aston Villa	Aston Villa	66	1208305	2025-02-19T19:30:00+00:00
46815	P. Torres	Missing Fixture	Foot Injury	Aston Villa	Aston Villa	66	1208305	2025-02-19T19:30:00+00:00
983	L. Bailey	Questionable	Injury	Aston Villa	Aston Villa	66	1208305	2025-02-19T19:30:00+00:00
284	J. Gomez	Missing Fixture	Thigh Injury	Liverpool	Liverpool	40	1208305	2025-02-19T19:30:00+00:00
247	C. Gakpo	Questionable	Injury	Liverpool	Liverpool	40	1208305	2025-02-19T19:30:00+00:00
303467	I. Fatawu	Missing Fixture	Knee Injury	Leicester	Leicester	46	1208279	2025-02-21T20:00:00+00:00
405905	N. Opoku	Missing Fixture	Broken Leg	Leicester	Leicester	46	1208279	2025-02-21T20:00:00+00:00
18771	R. Pereira	Missing Fixture	Thigh Injury	Leicester	Leicester	46	1208279	2025-02-21T20:00:00+00:00
20079	H. Souttar	Missing Fixture	Ankle Injury	Leicester	Leicester	46	1208279	2025-02-21T20:00:00+00:00
19760	J. Justin	Questionable	Injury	Leicester	Leicester	46	1208279	2025-02-21T20:00:00+00:00
19362	J. Dasilva	Missing Fixture	Knee Injury	Brentford	Brentford	55	1208279	2025-02-21T20:00:00+00:00
19346	R. Henry	Missing Fixture	Thigh Injury	Brentford	Brentford	55	1208279	2025-02-21T20:00:00+00:00
44871	A. Hickey	Missing Fixture	Hamstring Injury	Brentford	Brentford	55	1208279	2025-02-21T20:00:00+00:00
196156	I. Thiago	Missing Fixture	Knee Injury	Brentford	Brentford	55	1208279	2025-02-21T20:00:00+00:00
36922	S. van den Berg	Missing Fixture	Knee Injury	Brentford	Brentford	55	1208279	2025-02-21T20:00:00+00:00
138822	A. Broja	Missing Fixture	Ankle Injury	Everton	Everton	45	1208276	2025-02-22T12:30:00+00:00
18766	D. Calvert-Lewin	Missing Fixture	Muscle Injury	Everton	Everton	45	1208276	2025-02-22T12:30:00+00:00
330412	Chermiti	Missing Fixture	Thigh Injury	Everton	Everton	45	1208276	2025-02-22T12:30:00+00:00
18758	S. Coleman	Missing Fixture	Calf Injury	Everton	Everton	45	1208276	2025-02-22T12:30:00+00:00
24882	O. Mangala	Missing Fixture	Knee Injury	Everton	Everton	45	1208276	2025-02-22T12:30:00+00:00
18929	D. McNeil	Missing Fixture	Knee Injury	Everton	Everton	45	1208276	2025-02-22T12:30:00+00:00
18592	I. Ndiaye	Missing Fixture	Knee Injury	Everton	Everton	45	1208276	2025-02-22T12:30:00+00:00
138417	N. Patterson	Missing Fixture	Muscle Injury	Everton	Everton	45	1208276	2025-02-22T12:30:00+00:00
50132	A. Bayindir	Missing Fixture	Injury	Manchester United	Man United	33	1208276	2025-02-22T12:30:00+00:00
284400	T. Collyer	Missing Fixture	Knock	Manchester United	Man United	33	1208276	2025-02-22T12:30:00+00:00
157997	A. Diallo	Missing Fixture	Ankle Injury	Manchester United	Man United	33	1208276	2025-02-22T12:30:00+00:00
18772	J. Evans	Missing Fixture	Muscle Injury	Manchester United	Man United	33	1208276	2025-02-22T12:30:00+00:00
2467	L. Martinez	Missing Fixture	Knee Injury	Manchester United	Man United	33	1208276	2025-02-22T12:30:00+00:00
19220	M. Mount	Missing Fixture	Leg Injury	Manchester United	Man United	33	1208276	2025-02-22T12:30:00+00:00
891	L. Shaw	Missing Fixture	Calf Injury	Manchester United	Man United	33	1208276	2025-02-22T12:30:00+00:00
643	Gabriel Jesus	Missing Fixture	Knee Injury	Arsenal	Arsenal	42	1208274	2025-02-22T15:00:00+00:00
978	K. Havertz	Missing Fixture	Hamstring Injury	Arsenal	Arsenal	42	1208274	2025-02-22T15:00:00+00:00
127769	G. Martinelli	Missing Fixture	Thigh Injury	Arsenal	Arsenal	42	1208274	2025-02-22T15:00:00+00:00
1460	B. Saka	Missing Fixture	Thigh Injury	Arsenal	Arsenal	42	1208274	2025-02-22T15:00:00+00:00
2597	T. Tomiyasu	Missing Fixture	Knee Injury	Arsenal	Arsenal	42	1208274	2025-02-22T15:00:00+00:00
18819	M. Antonio	Missing Fixture	Inactive	West Ham	West Ham	48	1208274	2025-02-22T15:00:00+00:00
25391	N. Fullkrug	Missing Fixture	Leg Injury	West Ham	West Ham	48	1208274	2025-02-22T15:00:00+00:00
1646	L. Paqueta	Missing Fixture	Ankle Injury	West Ham	West Ham	48	1208274	2025-02-22T15:00:00+00:00
37724	C. Summerville	Missing Fixture	Hamstring Injury	West Ham	West Ham	48	1208274	2025-02-22T15:00:00+00:00
1231	V. Coufal	Questionable	Thigh Injury	West Ham	West Ham	48	1208274	2025-02-22T15:00:00+00:00
51051	J. Araujo	Missing Fixture	Thigh Injury	Bournemouth	Bournemouth	35	1208273	2025-02-22T15:00:00+00:00
6610	M. Senesi	Missing Fixture	Thigh Injury	Bournemouth	Bournemouth	35	1208273	2025-02-22T15:00:00+00:00
18869	A. Smith	Missing Fixture	Leg Injury	Bournemouth	Bournemouth	35	1208273	2025-02-22T15:00:00+00:00
47499	E. Unal	Missing Fixture	Knee Injury	Bournemouth	Bournemouth	35	1208273	2025-02-22T15:00:00+00:00
135068	E. Agbadou	Missing Fixture	Injury	Wolves	Wolves	39	1208273	2025-02-22T15:00:00+00:00
380653	L. Chiwome	Missing Fixture	Knee Injury	Wolves	Wolves	39	1208273	2025-02-22T15:00:00+00:00
282770	R. Gomes	Missing Fixture	Injury	Wolves	Wolves	39	1208273	2025-02-22T15:00:00+00:00
385726	E. Gonzalez	Missing Fixture	Knee Injury	Wolves	Wolves	39	1208273	2025-02-22T15:00:00+00:00
24888	Hwang Hee-Chan	Missing Fixture	Thigh Injury	Wolves	Wolves	39	1208273	2025-02-22T15:00:00+00:00
7722	S. Kalajdzic	Missing Fixture	Knee Injury	Wolves	Wolves	39	1208273	2025-02-22T15:00:00+00:00
195717	Y. Mosquera	Missing Fixture	Knee Injury	Wolves	Wolves	39	1208273	2025-02-22T15:00:00+00:00
727	R. Nelson	Missing Fixture	Thigh Injury	Fulham	Fulham	36	1208277	2025-02-22T15:00:00+00:00
657	K. Tete	Missing Fixture	Knee Injury	Fulham	Fulham	36	1208277	2025-02-22T15:00:00+00:00
19221	H. Wilson	Missing Fixture	Injury	Fulham	Fulham	36	1208277	2025-02-22T15:00:00+00:00
3339	C. Doucoure	Missing Fixture	Knee Injury	Crystal Palace	Crystal Palace	52	1208277	2025-02-22T15:00:00+00:00
278898	C. Riad	Missing Fixture	Knee Injury	Crystal Palace	Crystal Palace	52	1208277	2025-02-22T15:00:00+00:00
18847	J. Ward	Missing Fixture	Calf Injury	Crystal Palace	Crystal Palace	52	1208277	2025-02-22T15:00:00+00:00
20089	W. Burns	Missing Fixture	Knee Injury	Ipswich	Ipswich	57	1208278	2025-02-22T15:00:00+00:00
20007	C. Chaplin	Missing Fixture	Knee Injury	Ipswich	Ipswich	57	1208278	2025-02-22T15:00:00+00:00
70747	J. Enciso	Missing Fixture	Injury	Ipswich	Ipswich	57	1208278	2025-02-22T15:00:00+00:00
19365	C. Ogbene	Missing Fixture	Calf Injury	Ipswich	Ipswich	57	1208278	2025-02-22T15:00:00+00:00
19182	A. Tuanzebe	Missing Fixture	Red Card	Ipswich	Ipswich	57	1208278	2025-02-22T15:00:00+00:00
19541	C. Walton	Missing Fixture	Muscle Injury	Ipswich	Ipswich	57	1208278	2025-02-22T15:00:00+00:00
162498	R. Dragusin	Missing Fixture	Knee Injury	Tottenham	Tottenham	47	1208278	2025-02-22T15:00:00+00:00
2413	Richarlison	Missing Fixture	Calf Injury	Tottenham	Tottenham	47	1208278	2025-02-22T15:00:00+00:00
30776	C. Romero	Missing Fixture	Thigh Injury	Tottenham	Tottenham	47	1208278	2025-02-22T15:00:00+00:00
18883	D. Solanke	Missing Fixture	Knee Injury	Tottenham	Tottenham	47	1208278	2025-02-22T15:00:00+00:00
152849	M. van de Ven	Missing Fixture	Lacking Match Fitness	Tottenham	Tottenham	47	1208278	2025-02-22T15:00:00+00:00
18873	R. Fraser	Missing Fixture	Injury	Southampton	Southampton	41	1208282	2025-02-22T15:00:00+00:00
144729	T. Harwood-Bellis	Missing Fixture	Ankle Injury	Southampton	Southampton	41	1208282	2025-02-22T15:00:00+00:00
295	A. Lallana	Missing Fixture	Thigh Injury	Southampton	Southampton	41	1208282	2025-02-22T15:00:00+00:00
45078	R. Stewart	Missing Fixture	Thigh Injury	Southampton	Southampton	41	1208282	2025-02-22T15:00:00+00:00
18963	L. Dunk	Missing Fixture	Back Injury	Brighton	Brighton	51	1208282	2025-02-22T15:00:00+00:00
7600	Igor	Missing Fixture	Thigh Injury	Brighton	Brighton	51	1208282	2025-02-22T15:00:00+00:00
1361	F. Kadioglu	Missing Fixture	Toe Injury	Brighton	Brighton	51	1208282	2025-02-22T15:00:00+00:00
296	J. Milner	Missing Fixture	Thigh Injury	Brighton	Brighton	51	1208282	2025-02-22T15:00:00+00:00
18960	J. Steele	Missing Fixture	Shoulder Injury	Brighton	Brighton	51	1208282	2025-02-22T15:00:00+00:00
2287	R. Barkley	Missing Fixture	Calf Injury	Aston Villa	Aston Villa	66	1208275	2025-02-22T17:30:00+00:00
21998	A. Disasi	Missing Fixture	Loan agreement	Aston Villa	Aston Villa	66	1208275	2025-02-22T17:30:00+00:00
1904	B. Kamara	Missing Fixture	Injury	Aston Villa	Aston Villa	66	1208275	2025-02-22T17:30:00+00:00
162714	A. Onana	Missing Fixture	Thigh Injury	Aston Villa	Aston Villa	66	1208275	2025-02-22T17:30:00+00:00
46815	P. Torres	Missing Fixture	Foot Injury	Aston Villa	Aston Villa	66	1208275	2025-02-22T17:30:00+00:00
95	B. Badiashile	Missing Fixture	Thigh Injury	Chelsea	Chelsea	49	1208275	2025-02-22T17:30:00+00:00
22094	W. Fofana	Missing Fixture	Muscle Injury	Chelsea	Chelsea	49	1208275	2025-02-22T17:30:00+00:00
392270	M. Guiu	Missing Fixture	Muscle Injury	Chelsea	Chelsea	49	1208275	2025-02-22T17:30:00+00:00
283058	N. Jackson	Missing Fixture	Thigh Injury	Chelsea	Chelsea	49	1208275	2025-02-22T17:30:00+00:00
329347	O. Kellyman	Missing Fixture	Muscle Injury	Chelsea	Chelsea	49	1208275	2025-02-22T17:30:00+00:00
282125	R. Lavia	Missing Fixture	Thigh Injury	Chelsea	Chelsea	49	1208275	2025-02-22T17:30:00+00:00
136723	N. Madueke	Missing Fixture	Muscle Injury	Chelsea	Chelsea	49	1208275	2025-02-22T17:30:00+00:00
63577	M. Mudryk	Missing Fixture	Suspended	Chelsea	Chelsea	49	1208275	2025-02-22T17:30:00+00:00
723	Joelinton	Missing Fixture	Knee Injury	Newcastle	Newcastle	34	1208281	2025-02-23T14:00:00+00:00
18894	J. Lascelles	Missing Fixture	Knee Injury	Newcastle	Newcastle	34	1208281	2025-02-23T14:00:00+00:00
38734	S. Botman	Questionable	Knee Injury	Newcastle	Newcastle	34	1208281	2025-02-23T14:00:00+00:00
10373	Carlos Miguel	Missing Fixture	Thigh Injury	Nottingham Forest	Nott'm Forest	65	1208281	2025-02-23T14:00:00+00:00
5	M. Akanji	Missing Fixture	Muscle Injury	Manchester City	Man City	50	1208280	2025-02-23T16:30:00+00:00
278133	O. Bobb	Missing Fixture	Leg Injury	Manchester City	Man City	50	1208280	2025-02-23T16:30:00+00:00
44	Rodri	Missing Fixture	Knee Injury	Manchester City	Man City	50	1208280	2025-02-23T16:30:00+00:00
626	J. Stones	Missing Fixture	Thigh Injury	Manchester City	Man City	50	1208280	2025-02-23T16:30:00+00:00
1100	E. Haaland	Questionable	Knee Injury	Manchester City	Man City	50	1208280	2025-02-23T16:30:00+00:00
180317	C. Bradley	Missing Fixture	Thigh Injury	Liverpool	Liverpool	40	1208280	2025-02-23T16:30:00+00:00
284	J. Gomez	Missing Fixture	Thigh Injury	Liverpool	Liverpool	40	1208280	2025-02-23T16:30:00+00:00
18963	L. Dunk	Missing Fixture	Back Injury	Brighton	Brighton	51	1208284	2025-02-25T19:30:00+00:00
7600	Igor	Missing Fixture	Thigh Injury	Brighton	Brighton	51	1208284	2025-02-25T19:30:00+00:00
1361	F. Kadioglu	Missing Fixture	Toe Injury	Brighton	Brighton	51	1208284	2025-02-25T19:30:00+00:00
296	J. Milner	Missing Fixture	Thigh Injury	Brighton	Brighton	51	1208284	2025-02-25T19:30:00+00:00
18960	J. Steele	Missing Fixture	Shoulder Injury	Brighton	Brighton	51	1208284	2025-02-25T19:30:00+00:00
537	J. Veltman	Questionable	Injury	Brighton	Brighton	51	1208284	2025-02-25T19:30:00+00:00
51051	J. Araujo	Missing Fixture	Thigh Injury	Bournemouth	Bournemouth	35	1208284	2025-02-25T19:30:00+00:00
6610	M. Senesi	Missing Fixture	Thigh Injury	Bournemouth	Bournemouth	35	1208284	2025-02-25T19:30:00+00:00
18869	A. Smith	Missing Fixture	Leg Injury	Bournemouth	Bournemouth	35	1208284	2025-02-25T19:30:00+00:00
47499	E. Unal	Missing Fixture	Knee Injury	Bournemouth	Bournemouth	35	1208284	2025-02-25T19:30:00+00:00
161671	I. Zabarnyi	Missing Fixture	Red Card	Bournemouth	Bournemouth	35	1208284	2025-02-25T19:30:00+00:00
3339	C. Doucoure	Missing Fixture	Knee Injury	Crystal Palace	Crystal Palace	52	1208289	2025-02-25T19:30:00+00:00
278898	C. Riad	Missing Fixture	Knee Injury	Crystal Palace	Crystal Palace	52	1208289	2025-02-25T19:30:00+00:00
18847	J. Ward	Missing Fixture	Calf Injury	Crystal Palace	Crystal Palace	52	1208289	2025-02-25T19:30:00+00:00
2287	R. Barkley	Missing Fixture	Calf Injury	Aston Villa	Aston Villa	66	1208289	2025-02-25T19:30:00+00:00
1904	B. Kamara	Missing Fixture	Injury	Aston Villa	Aston Villa	66	1208289	2025-02-25T19:30:00+00:00
162714	A. Onana	Missing Fixture	Thigh Injury	Aston Villa	Aston Villa	66	1208289	2025-02-25T19:30:00+00:00
46815	P. Torres	Missing Fixture	Foot Injury	Aston Villa	Aston Villa	66	1208289	2025-02-25T19:30:00+00:00
135068	E. Agbadou	Missing Fixture	Thigh Injury	Wolves	Wolves	39	1208288	2025-02-25T19:30:00+00:00
380653	L. Chiwome	Missing Fixture	Knee Injury	Wolves	Wolves	39	1208288	2025-02-25T19:30:00+00:00
282770	R. Gomes	Missing Fixture	Groin Injury	Wolves	Wolves	39	1208288	2025-02-25T19:30:00+00:00
385726	E. Gonzalez	Missing Fixture	Knee Injury	Wolves	Wolves	39	1208288	2025-02-25T19:30:00+00:00
925	G. Guedes	Missing Fixture	Knee Injury	Wolves	Wolves	39	1208288	2025-02-25T19:30:00+00:00
24888	Hwang Hee-Chan	Missing Fixture	Thigh Injury	Wolves	Wolves	39	1208288	2025-02-25T19:30:00+00:00
7722	S. Kalajdzic	Missing Fixture	Knee Injury	Wolves	Wolves	39	1208288	2025-02-25T19:30:00+00:00
195717	Y. Mosquera	Missing Fixture	Knee Injury	Wolves	Wolves	39	1208288	2025-02-25T19:30:00+00:00
727	R. Nelson	Missing Fixture	Thigh Injury	Fulham	Fulham	36	1208288	2025-02-25T19:30:00+00:00
657	K. Tete	Missing Fixture	Knee Injury	Fulham	Fulham	36	1208288	2025-02-25T19:30:00+00:00
19221	H. Wilson	Missing Fixture	Injury	Fulham	Fulham	36	1208288	2025-02-25T19:30:00+00:00
1161	E. Smith Rowe	Questionable	Ankle Injury	Fulham	Fulham	36	1208288	2025-02-25T19:30:00+00:00
95	B. Badiashile	Missing Fixture	Thigh Injury	Chelsea	Chelsea	49	1208290	2025-02-25T20:15:00+00:00
392270	M. Guiu	Missing Fixture	Muscle Injury	Chelsea	Chelsea	49	1208290	2025-02-25T20:15:00+00:00
283058	N. Jackson	Missing Fixture	Thigh Injury	Chelsea	Chelsea	49	1208290	2025-02-25T20:15:00+00:00
329347	O. Kellyman	Missing Fixture	Muscle Injury	Chelsea	Chelsea	49	1208290	2025-02-25T20:15:00+00:00
282125	R. Lavia	Missing Fixture	Thigh Injury	Chelsea	Chelsea	49	1208290	2025-02-25T20:15:00+00:00
136723	N. Madueke	Missing Fixture	Muscle Injury	Chelsea	Chelsea	49	1208290	2025-02-25T20:15:00+00:00
63577	M. Mudryk	Missing Fixture	Suspended	Chelsea	Chelsea	49	1208290	2025-02-25T20:15:00+00:00
19720	T. Chalobah	Questionable	Back Injury	Chelsea	Chelsea	49	1208290	2025-02-25T20:15:00+00:00
2999	J. Bednarek	Missing Fixture	Lacking Match Fitness	Southampton	Southampton	41	1208290	2025-02-25T20:15:00+00:00
18873	R. Fraser	Missing Fixture	Injury	Southampton	Southampton	41	1208290	2025-02-25T20:15:00+00:00
295	A. Lallana	Missing Fixture	Thigh Injury	Southampton	Southampton	41	1208290	2025-02-25T20:15:00+00:00
45078	R. Stewart	Missing Fixture	Thigh Injury	Southampton	Southampton	41	1208290	2025-02-25T20:15:00+00:00
270508	L. Ugochukwu	Missing Fixture	Loan agreement	Southampton	Southampton	41	1208290	2025-02-25T20:15:00+00:00
284264	J. Larios	Questionable	Lacking Match Fitness	Southampton	Southampton	41	1208290	2025-02-25T20:15:00+00:00
19362	J. Dasilva	Missing Fixture	Knee Injury	Brentford	Brentford	55	1208283	2025-02-26T19:30:00+00:00
19346	R. Henry	Missing Fixture	Thigh Injury	Brentford	Brentford	55	1208283	2025-02-26T19:30:00+00:00
44871	A. Hickey	Missing Fixture	Hamstring Injury	Brentford	Brentford	55	1208283	2025-02-26T19:30:00+00:00
47438	M. Jensen	Missing Fixture	Groin Injury	Brentford	Brentford	55	1208283	2025-02-26T19:30:00+00:00
30407	C. Norgaard	Missing Fixture	Concussion	Brentford	Brentford	55	1208283	2025-02-26T19:30:00+00:00
196156	I. Thiago	Missing Fixture	Knee Injury	Brentford	Brentford	55	1208283	2025-02-26T19:30:00+00:00
36922	S. van den Berg	Missing Fixture	Knee Injury	Brentford	Brentford	55	1208283	2025-02-26T19:30:00+00:00
138822	A. Broja	Missing Fixture	Ankle Injury	Everton	Everton	45	1208283	2025-02-26T19:30:00+00:00
18766	D. Calvert-Lewin	Missing Fixture	Muscle Injury	Everton	Everton	45	1208283	2025-02-26T19:30:00+00:00
18758	S. Coleman	Missing Fixture	Calf Injury	Everton	Everton	45	1208283	2025-02-26T19:30:00+00:00
24882	O. Mangala	Missing Fixture	Knee Injury	Everton	Everton	45	1208283	2025-02-26T19:30:00+00:00
18929	D. McNeil	Missing Fixture	Knee Injury	Everton	Everton	45	1208283	2025-02-26T19:30:00+00:00
18592	I. Ndiaye	Missing Fixture	Knee Injury	Everton	Everton	45	1208283	2025-02-26T19:30:00+00:00
50132	A. Bayindir	Missing Fixture	Injury	Manchester United	Man United	33	1208292	2025-02-26T19:30:00+00:00
284400	T. Collyer	Missing Fixture	Knock	Manchester United	Man United	33	1208292	2025-02-26T19:30:00+00:00
157997	A. Diallo	Missing Fixture	Ankle Injury	Manchester United	Man United	33	1208292	2025-02-26T19:30:00+00:00
18772	J. Evans	Missing Fixture	Muscle Injury	Manchester United	Man United	33	1208292	2025-02-26T19:30:00+00:00
284322	K. Mainoo	Missing Fixture	Injury	Manchester United	Man United	33	1208292	2025-02-26T19:30:00+00:00
2467	L. Martinez	Missing Fixture	Knee Injury	Manchester United	Man United	33	1208292	2025-02-26T19:30:00+00:00
19220	M. Mount	Missing Fixture	Leg Injury	Manchester United	Man United	33	1208292	2025-02-26T19:30:00+00:00
891	L. Shaw	Missing Fixture	Calf Injury	Manchester United	Man United	33	1208292	2025-02-26T19:30:00+00:00
20089	W. Burns	Missing Fixture	Knee Injury	Ipswich	Ipswich	57	1208292	2025-02-26T19:30:00+00:00
70747	J. Enciso	Missing Fixture	Knee Injury	Ipswich	Ipswich	57	1208292	2025-02-26T19:30:00+00:00
19365	C. Ogbene	Missing Fixture	Calf Injury	Ipswich	Ipswich	57	1208292	2025-02-26T19:30:00+00:00
19541	C. Walton	Missing Fixture	Muscle Injury	Ipswich	Ipswich	57	1208292	2025-02-26T19:30:00+00:00
20007	C. Chaplin	Questionable	Knee Injury	Ipswich	Ipswich	57	1208292	2025-02-26T19:30:00+00:00
19130	K. Phillips	Questionable	Calf Injury	Ipswich	Ipswich	57	1208292	2025-02-26T19:30:00+00:00
10373	Carlos Miguel	Missing Fixture	Thigh Injury	Nottingham Forest	Nott'm Forest	65	1208285	2025-02-26T19:30:00+00:00
643	Gabriel Jesus	Missing Fixture	Knee Injury	Arsenal	Arsenal	42	1208285	2025-02-26T19:30:00+00:00
978	K. Havertz	Missing Fixture	Hamstring Injury	Arsenal	Arsenal	42	1208285	2025-02-26T19:30:00+00:00
313245	M. Lewis-Skelly	Missing Fixture	Red Card	Arsenal	Arsenal	42	1208285	2025-02-26T19:30:00+00:00
127769	G. Martinelli	Missing Fixture	Thigh Injury	Arsenal	Arsenal	42	1208285	2025-02-26T19:30:00+00:00
1460	B. Saka	Missing Fixture	Thigh Injury	Arsenal	Arsenal	42	1208285	2025-02-26T19:30:00+00:00
2597	T. Tomiyasu	Missing Fixture	Knee Injury	Arsenal	Arsenal	42	1208285	2025-02-26T19:30:00+00:00
164	B. Davies	Missing Fixture	Muscle Injury	Tottenham	Tottenham	47	1208286	2025-02-26T19:30:00+00:00
162498	R. Dragusin	Missing Fixture	Knee Injury	Tottenham	Tottenham	47	1208286	2025-02-26T19:30:00+00:00
2413	Richarlison	Missing Fixture	Calf Injury	Tottenham	Tottenham	47	1208286	2025-02-26T19:30:00+00:00
30776	C. Romero	Missing Fixture	Thigh Injury	Tottenham	Tottenham	47	1208286	2025-02-26T19:30:00+00:00
18883	D. Solanke	Missing Fixture	Knee Injury	Tottenham	Tottenham	47	1208286	2025-02-26T19:30:00+00:00
152849	M. van de Ven	Missing Fixture	Lacking Match Fitness	Tottenham	Tottenham	47	1208286	2025-02-26T19:30:00+00:00
5	M. Akanji	Missing Fixture	Muscle Injury	Manchester City	Man City	50	1208286	2025-02-26T19:30:00+00:00
278133	O. Bobb	Missing Fixture	Leg Injury	Manchester City	Man City	50	1208286	2025-02-26T19:30:00+00:00
44	Rodri	Missing Fixture	Knee Injury	Manchester City	Man City	50	1208286	2025-02-26T19:30:00+00:00
626	J. Stones	Missing Fixture	Thigh Injury	Manchester City	Man City	50	1208286	2025-02-26T19:30:00+00:00
180317	C. Bradley	Missing Fixture	Thigh Injury	Liverpool	Liverpool	40	1208291	2025-02-26T20:15:00+00:00
284	J. Gomez	Missing Fixture	Thigh Injury	Liverpool	Liverpool	40	1208291	2025-02-26T20:15:00+00:00
723	Joelinton	Missing Fixture	Knee Injury	Newcastle	Newcastle	34	1208291	2025-02-26T20:15:00+00:00
18894	J. Lascelles	Missing Fixture	Knee Injury	Newcastle	Newcastle	34	1208291	2025-02-26T20:15:00+00:00
38734	S. Botman	Questionable	Knee Injury	Newcastle	Newcastle	34	1208291	2025-02-26T20:15:00+00:00
18819	M. Antonio	Missing Fixture	Inactive	West Ham	West Ham	48	1208287	2025-02-27T20:00:00+00:00
1231	V. Coufal	Missing Fixture	Thigh Injury	West Ham	West Ham	48	1208287	2025-02-27T20:00:00+00:00
25391	N. Fullkrug	Missing Fixture	Leg Injury	West Ham	West Ham	48	1208287	2025-02-27T20:00:00+00:00
1646	L. Paqueta	Missing Fixture	Ankle Injury	West Ham	West Ham	48	1208287	2025-02-27T20:00:00+00:00
37724	C. Summerville	Missing Fixture	Hamstring Injury	West Ham	West Ham	48	1208287	2025-02-27T20:00:00+00:00
303467	I. Fatawu	Missing Fixture	Knee Injury	Leicester	Leicester	46	1208287	2025-02-27T20:00:00+00:00
405905	N. Opoku	Missing Fixture	Broken Leg	Leicester	Leicester	46	1208287	2025-02-27T20:00:00+00:00
18771	R. Pereira	Missing Fixture	Thigh Injury	Leicester	Leicester	46	1208287	2025-02-27T20:00:00+00:00
20079	H. Souttar	Missing Fixture	Ankle Injury	Leicester	Leicester	46	1208287	2025-02-27T20:00:00+00:00
10373	Carlos Miguel	Missing Fixture	Thigh Injury	Nottingham Forest	Nott'm Forest	65	1208299	2025-03-08T12:30:00+00:00
5	M. Akanji	Missing Fixture	Muscle Injury	Manchester City	Man City	50	1208299	2025-03-08T12:30:00+00:00
18861	N. Ake	Missing Fixture	Ankle Injury	Manchester City	Man City	50	1208299	2025-03-08T12:30:00+00:00
278133	O. Bobb	Missing Fixture	Leg Injury	Manchester City	Man City	50	1208299	2025-03-08T12:30:00+00:00
44	Rodri	Missing Fixture	Knee Injury	Manchester City	Man City	50	1208299	2025-03-08T12:30:00+00:00
626	J. Stones	Missing Fixture	Thigh Injury	Manchester City	Man City	50	1208299	2025-03-08T12:30:00+00:00
18963	L. Dunk	Missing Fixture	Back Injury	Brighton	Brighton	51	1208294	2025-03-08T15:00:00+00:00
7600	Igor	Missing Fixture	Thigh Injury	Brighton	Brighton	51	1208294	2025-03-08T15:00:00+00:00
1361	F. Kadioglu	Missing Fixture	Toe Injury	Brighton	Brighton	51	1208294	2025-03-08T15:00:00+00:00
138815	T. Lamptey	Missing Fixture	Red Card	Brighton	Brighton	51	1208294	2025-03-08T15:00:00+00:00
296	J. Milner	Missing Fixture	Thigh Injury	Brighton	Brighton	51	1208294	2025-03-08T15:00:00+00:00
18960	J. Steele	Missing Fixture	Shoulder Injury	Brighton	Brighton	51	1208294	2025-03-08T15:00:00+00:00
537	J. Veltman	Missing Fixture	Ankle Injury	Brighton	Brighton	51	1208294	2025-03-08T15:00:00+00:00
19030	M. O'Riley	Questionable	Knee Injury	Brighton	Brighton	51	1208294	2025-03-08T15:00:00+00:00
727	R. Nelson	Missing Fixture	Thigh Injury	Fulham	Fulham	36	1208294	2025-03-08T15:00:00+00:00
657	K. Tete	Missing Fixture	Knee Injury	Fulham	Fulham	36	1208294	2025-03-08T15:00:00+00:00
19221	H. Wilson	Missing Fixture	Injury	Fulham	Fulham	36	1208294	2025-03-08T15:00:00+00:00
18753	A. Traore	Questionable	Ankle Injury	Fulham	Fulham	36	1208294	2025-03-08T15:00:00+00:00
3339	C. Doucoure	Missing Fixture	Knee Injury	Crystal Palace	Crystal Palace	52	1208296	2025-03-08T15:00:00+00:00
18806	W. Hughes	Missing Fixture	Yellow Cards	Crystal Palace	Crystal Palace	52	1208296	2025-03-08T15:00:00+00:00
25927	J. Mateta	Missing Fixture	Injury	Crystal Palace	Crystal Palace	52	1208296	2025-03-08T15:00:00+00:00
278898	C. Riad	Missing Fixture	Knee Injury	Crystal Palace	Crystal Palace	52	1208296	2025-03-08T15:00:00+00:00
18847	J. Ward	Missing Fixture	Calf Injury	Crystal Palace	Crystal Palace	52	1208296	2025-03-08T15:00:00+00:00
20089	W. Burns	Missing Fixture	Knee Injury	Ipswich	Ipswich	57	1208296	2025-03-08T15:00:00+00:00
20007	C. Chaplin	Missing Fixture	Knee Injury	Ipswich	Ipswich	57	1208296	2025-03-08T15:00:00+00:00
616	A. Muric	Missing Fixture	Shoulder Injury	Ipswich	Ipswich	57	1208296	2025-03-08T15:00:00+00:00
19365	C. Ogbene	Missing Fixture	Calf Injury	Ipswich	Ipswich	57	1208296	2025-03-08T15:00:00+00:00
17579	S. Szmodics	Missing Fixture	Ankle Injury	Ipswich	Ipswich	57	1208296	2025-03-08T15:00:00+00:00
19182	A. Tuanzebe	Missing Fixture	Thigh Injury	Ipswich	Ipswich	57	1208296	2025-03-08T15:00:00+00:00
180317	C. Bradley	Missing Fixture	Thigh Injury	Liverpool	Liverpool	40	1208297	2025-03-08T15:00:00+00:00
284	J. Gomez	Missing Fixture	Thigh Injury	Liverpool	Liverpool	40	1208297	2025-03-08T15:00:00+00:00
162590	T. Morton	Missing Fixture	Shoulder Injury	Liverpool	Liverpool	40	1208297	2025-03-08T15:00:00+00:00
247	C. Gakpo	Questionable	Knock	Liverpool	Liverpool	40	1208297	2025-03-08T15:00:00+00:00
19719	J. Bree	Missing Fixture	Thigh Injury	Southampton	Southampton	41	1208297	2025-03-08T15:00:00+00:00
18873	R. Fraser	Missing Fixture	Calf Injury	Southampton	Southampton	41	1208297	2025-03-08T15:00:00+00:00
284264	J. Larios	Questionable	Lacking Match Fitness	Southampton	Southampton	41	1208297	2025-03-08T15:00:00+00:00
45078	R. Stewart	Questionable	Thigh Injury	Southampton	Southampton	41	1208297	2025-03-08T15:00:00+00:00
19362	J. Dasilva	Missing Fixture	Knee Injury	Brentford	Brentford	55	1208293	2025-03-08T17:30:00+00:00
44871	A. Hickey	Missing Fixture	Thigh Injury	Brentford	Brentford	55	1208293	2025-03-08T17:30:00+00:00
196156	I. Thiago	Missing Fixture	Knee Injury	Brentford	Brentford	55	1208293	2025-03-08T17:30:00+00:00
36922	S. van den Berg	Missing Fixture	Knee Injury	Brentford	Brentford	55	1208293	2025-03-08T17:30:00+00:00
746	M. Asensio	Missing Fixture	Injury	Aston Villa	Aston Villa	66	1208293	2025-03-08T17:30:00+00:00
2287	R. Barkley	Missing Fixture	Calf Injury	Aston Villa	Aston Villa	66	1208293	2025-03-08T17:30:00+00:00
19599	E. Martinez	Missing Fixture	Injury	Aston Villa	Aston Villa	66	1208293	2025-03-08T17:30:00+00:00
162714	A. Onana	Missing Fixture	Thigh Injury	Aston Villa	Aston Villa	66	1208293	2025-03-08T17:30:00+00:00
380653	L. Chiwome	Missing Fixture	Knee Injury	Wolves	Wolves	39	1208302	2025-03-08T20:00:00+00:00
1165	M. Cunha	Missing Fixture	Red Card	Wolves	Wolves	39	1208302	2025-03-08T20:00:00+00:00
385726	E. Gonzalez	Missing Fixture	Knee Injury	Wolves	Wolves	39	1208302	2025-03-08T20:00:00+00:00
7722	S. Kalajdzic	Missing Fixture	Knee Injury	Wolves	Wolves	39	1208302	2025-03-08T20:00:00+00:00
195717	Y. Mosquera	Missing Fixture	Knee Injury	Wolves	Wolves	39	1208302	2025-03-08T20:00:00+00:00
138822	A. Broja	Missing Fixture	Ankle Injury	Everton	Everton	45	1208302	2025-03-08T20:00:00+00:00
18766	D. Calvert-Lewin	Missing Fixture	Muscle Injury	Everton	Everton	45	1208302	2025-03-08T20:00:00+00:00
24882	O. Mangala	Missing Fixture	Knee Injury	Everton	Everton	45	1208302	2025-03-08T20:00:00+00:00
18929	D. McNeil	Missing Fixture	Knee Injury	Everton	Everton	45	1208302	2025-03-08T20:00:00+00:00
18592	I. Ndiaye	Missing Fixture	Knee Injury	Everton	Everton	45	1208302	2025-03-08T20:00:00+00:00
422780	A. Anselmino	Missing Fixture	Injury	Chelsea	Chelsea	49	1208295	2025-03-09T14:00:00+00:00
392270	M. Guiu	Missing Fixture	Muscle Injury	Chelsea	Chelsea	49	1208295	2025-03-09T14:00:00+00:00
283058	N. Jackson	Missing Fixture	Thigh Injury	Chelsea	Chelsea	49	1208295	2025-03-09T14:00:00+00:00
19545	R. James	Missing Fixture	Illness	Chelsea	Chelsea	49	1208295	2025-03-09T14:00:00+00:00
329347	O. Kellyman	Missing Fixture	Muscle Injury	Chelsea	Chelsea	49	1208295	2025-03-09T14:00:00+00:00
136723	N. Madueke	Missing Fixture	Muscle Injury	Chelsea	Chelsea	49	1208295	2025-03-09T14:00:00+00:00
63577	M. Mudryk	Missing Fixture	Suspended	Chelsea	Chelsea	49	1208295	2025-03-09T14:00:00+00:00
161907	M. Gusto	Questionable	Injury	Chelsea	Chelsea	49	1208295	2025-03-09T14:00:00+00:00
303467	I. Fatawu	Missing Fixture	Knee Injury	Leicester	Leicester	46	1208295	2025-03-09T14:00:00+00:00
405905	N. Opoku	Missing Fixture	Broken Leg	Leicester	Leicester	46	1208295	2025-03-09T14:00:00+00:00
20079	H. Souttar	Missing Fixture	Ankle Injury	Leicester	Leicester	46	1208295	2025-03-09T14:00:00+00:00
162498	R. Dragusin	Missing Fixture	Knee Injury	Tottenham	Tottenham	47	1208300	2025-03-09T14:00:00+00:00
30435	D. Kulusevski	Missing Fixture	Foot Injury	Tottenham	Tottenham	47	1208300	2025-03-09T14:00:00+00:00
2413	Richarlison	Missing Fixture	Calf Injury	Tottenham	Tottenham	47	1208300	2025-03-09T14:00:00+00:00
164	B. Davies	Questionable	Muscle Injury	Tottenham	Tottenham	47	1208300	2025-03-09T14:00:00+00:00
51051	J. Araujo	Missing Fixture	Hamstring Injury	Bournemouth	Bournemouth	35	1208300	2025-03-09T14:00:00+00:00
6610	M. Senesi	Missing Fixture	Thigh Injury	Bournemouth	Bournemouth	35	1208300	2025-03-09T14:00:00+00:00
18869	A. Smith	Missing Fixture	Leg Injury	Bournemouth	Bournemouth	35	1208300	2025-03-09T14:00:00+00:00
47499	E. Unal	Missing Fixture	Knee Injury	Bournemouth	Bournemouth	35	1208300	2025-03-09T14:00:00+00:00
161671	I. Zabarnyi	Missing Fixture	Red Card	Bournemouth	Bournemouth	35	1208300	2025-03-09T14:00:00+00:00
50132	A. Bayindir	Missing Fixture	Injury	Manchester United	Man United	33	1208298	2025-03-09T16:30:00+00:00
157997	A. Diallo	Missing Fixture	Ankle Injury	Manchester United	Man United	33	1208298	2025-03-09T16:30:00+00:00
382452	P. Dorgu	Missing Fixture	Red Card	Manchester United	Man United	33	1208298	2025-03-09T16:30:00+00:00
18772	J. Evans	Missing Fixture	Muscle Injury	Manchester United	Man United	33	1208298	2025-03-09T16:30:00+00:00
2931	T. Heaton	Missing Fixture	Injury	Manchester United	Man United	33	1208298	2025-03-09T16:30:00+00:00
284322	K. Mainoo	Missing Fixture	Injury	Manchester United	Man United	33	1208298	2025-03-09T16:30:00+00:00
2467	L. Martinez	Missing Fixture	Knee Injury	Manchester United	Man United	33	1208298	2025-03-09T16:30:00+00:00
19220	M. Mount	Missing Fixture	Leg Injury	Manchester United	Man United	33	1208298	2025-03-09T16:30:00+00:00
891	L. Shaw	Missing Fixture	Calf Injury	Manchester United	Man United	33	1208298	2025-03-09T16:30:00+00:00
2935	H. Maguire	Questionable	Hamstring Injury	Manchester United	Man United	33	1208298	2025-03-09T16:30:00+00:00
51494	M. Ugarte	Questionable	Knock	Manchester United	Man United	33	1208298	2025-03-09T16:30:00+00:00
643	Gabriel Jesus	Missing Fixture	Knee Injury	Arsenal	Arsenal	42	1208298	2025-03-09T16:30:00+00:00
978	K. Havertz	Missing Fixture	Hamstring Injury	Arsenal	Arsenal	42	1208298	2025-03-09T16:30:00+00:00
1460	B. Saka	Missing Fixture	Thigh Injury	Arsenal	Arsenal	42	1208298	2025-03-09T16:30:00+00:00
2597	T. Tomiyasu	Missing Fixture	Knee Injury	Arsenal	Arsenal	42	1208298	2025-03-09T16:30:00+00:00
18819	M. Antonio	Missing Fixture	Inactive	West Ham	West Ham	48	1208301	2025-03-10T20:00:00+00:00
25391	N. Fullkrug	Missing Fixture	Leg Injury	West Ham	West Ham	48	1208301	2025-03-10T20:00:00+00:00
37724	C. Summerville	Missing Fixture	Hamstring Injury	West Ham	West Ham	48	1208301	2025-03-10T20:00:00+00:00
1231	V. Coufal	Questionable	Thigh Injury	West Ham	West Ham	48	1208301	2025-03-10T20:00:00+00:00
38734	S. Botman	Missing Fixture	Knee Injury	Newcastle	Newcastle	34	1208301	2025-03-10T20:00:00+00:00
138787	A. Gordon	Missing Fixture	Red Card	Newcastle	Newcastle	34	1208301	2025-03-10T20:00:00+00:00
284492	L. Hall	Missing Fixture	Foot Injury	Newcastle	Newcastle	34	1208301	2025-03-10T20:00:00+00:00
18894	J. Lascelles	Missing Fixture	Knee Injury	Newcastle	Newcastle	34	1208301	2025-03-10T20:00:00+00:00
18766	D. Calvert-Lewin	Missing Fixture	Muscle Injury	Everton	Everton	45	1208306	2025-03-15T15:00:00+00:00
24882	O. Mangala	Missing Fixture	Knee Injury	Everton	Everton	45	1208306	2025-03-15T15:00:00+00:00
18929	D. McNeil	Missing Fixture	Knee Injury	Everton	Everton	45	1208306	2025-03-15T15:00:00+00:00
18592	I. Ndiaye	Missing Fixture	Knee Injury	Everton	Everton	45	1208306	2025-03-15T15:00:00+00:00
18819	M. Antonio	Missing Fixture	Inactive	West Ham	West Ham	48	1208306	2025-03-15T15:00:00+00:00
37724	C. Summerville	Missing Fixture	Hamstring Injury	West Ham	West Ham	48	1208306	2025-03-15T15:00:00+00:00
1231	V. Coufal	Questionable	Thigh Injury	West Ham	West Ham	48	1208306	2025-03-15T15:00:00+00:00
25391	N. Fullkrug	Questionable	Leg Injury	West Ham	West Ham	48	1208306	2025-03-15T15:00:00+00:00
20089	W. Burns	Missing Fixture	Knee Injury	Ipswich	Ipswich	57	1208308	2025-03-15T15:00:00+00:00
20007	C. Chaplin	Missing Fixture	Knee Injury	Ipswich	Ipswich	57	1208308	2025-03-15T15:00:00+00:00
616	A. Muric	Missing Fixture	Shoulder Injury	Ipswich	Ipswich	57	1208308	2025-03-15T15:00:00+00:00
19365	C. Ogbene	Missing Fixture	Calf Injury	Ipswich	Ipswich	57	1208308	2025-03-15T15:00:00+00:00
17579	S. Szmodics	Missing Fixture	Ankle Injury	Ipswich	Ipswich	57	1208308	2025-03-15T15:00:00+00:00
19182	A. Tuanzebe	Missing Fixture	Thigh Injury	Ipswich	Ipswich	57	1208308	2025-03-15T15:00:00+00:00
10373	Carlos Miguel	Missing Fixture	Thigh Injury	Nottingham Forest	Nott'm Forest	65	1208308	2025-03-15T15:00:00+00:00
5	M. Akanji	Missing Fixture	Muscle Injury	Manchester City	Man City	50	1208310	2025-03-15T15:00:00+00:00
18861	N. Ake	Missing Fixture	Ankle Injury	Manchester City	Man City	50	1208310	2025-03-15T15:00:00+00:00
278133	O. Bobb	Missing Fixture	Leg Injury	Manchester City	Man City	50	1208310	2025-03-15T15:00:00+00:00
44	Rodri	Missing Fixture	Knee Injury	Manchester City	Man City	50	1208310	2025-03-15T15:00:00+00:00
626	J. Stones	Missing Fixture	Thigh Injury	Manchester City	Man City	50	1208310	2025-03-15T15:00:00+00:00
18963	L. Dunk	Missing Fixture	Back Injury	Brighton	Brighton	51	1208310	2025-03-15T15:00:00+00:00
7600	Igor	Missing Fixture	Thigh Injury	Brighton	Brighton	51	1208310	2025-03-15T15:00:00+00:00
1361	F. Kadioglu	Missing Fixture	Toe Injury	Brighton	Brighton	51	1208310	2025-03-15T15:00:00+00:00
296	J. Milner	Missing Fixture	Thigh Injury	Brighton	Brighton	51	1208310	2025-03-15T15:00:00+00:00
19030	M. O'Riley	Missing Fixture	Knee Injury	Brighton	Brighton	51	1208310	2025-03-15T15:00:00+00:00
18960	J. Steele	Missing Fixture	Shoulder Injury	Brighton	Brighton	51	1208310	2025-03-15T15:00:00+00:00
537	J. Veltman	Missing Fixture	Ankle Injury	Brighton	Brighton	51	1208310	2025-03-15T15:00:00+00:00
2999	J. Bednarek	Missing Fixture	Concussion	Southampton	Southampton	41	1208312	2025-03-15T15:00:00+00:00
19719	J. Bree	Missing Fixture	Thigh Injury	Southampton	Southampton	41	1208312	2025-03-15T15:00:00+00:00
18873	R. Fraser	Missing Fixture	Calf Injury	Southampton	Southampton	41	1208312	2025-03-15T15:00:00+00:00
130421	W. Smallbone	Missing Fixture	Groin Injury	Southampton	Southampton	41	1208312	2025-03-15T15:00:00+00:00
284264	J. Larios	Questionable	Lacking Match Fitness	Southampton	Southampton	41	1208312	2025-03-15T15:00:00+00:00
45078	R. Stewart	Questionable	Thigh Injury	Southampton	Southampton	41	1208312	2025-03-15T15:00:00+00:00
380653	L. Chiwome	Missing Fixture	Knee Injury	Wolves	Wolves	39	1208312	2025-03-15T15:00:00+00:00
1165	M. Cunha	Missing Fixture	Red Card	Wolves	Wolves	39	1208312	2025-03-15T15:00:00+00:00
385726	E. Gonzalez	Missing Fixture	Knee Injury	Wolves	Wolves	39	1208312	2025-03-15T15:00:00+00:00
7722	S. Kalajdzic	Missing Fixture	Knee Injury	Wolves	Wolves	39	1208312	2025-03-15T15:00:00+00:00
195717	Y. Mosquera	Missing Fixture	Knee Injury	Wolves	Wolves	39	1208312	2025-03-15T15:00:00+00:00
51051	J. Araujo	Missing Fixture	Thigh Injury	Bournemouth	Bournemouth	35	1208303	2025-03-15T17:30:00+00:00
6610	M. Senesi	Missing Fixture	Thigh Injury	Bournemouth	Bournemouth	35	1208303	2025-03-15T17:30:00+00:00
18869	A. Smith	Missing Fixture	Calf Injury	Bournemouth	Bournemouth	35	1208303	2025-03-15T17:30:00+00:00
47499	E. Unal	Missing Fixture	Knee Injury	Bournemouth	Bournemouth	35	1208303	2025-03-15T17:30:00+00:00
153066	F. Carvalho	Missing Fixture	Shoulder Injury	Brentford	Brentford	55	1208303	2025-03-15T17:30:00+00:00
19362	J. Dasilva	Missing Fixture	Knee Injury	Brentford	Brentford	55	1208303	2025-03-15T17:30:00+00:00
19346	R. Henry	Missing Fixture	Thigh Injury	Brentford	Brentford	55	1208303	2025-03-15T17:30:00+00:00
44871	A. Hickey	Missing Fixture	Inactive	Brentford	Brentford	55	1208303	2025-03-15T17:30:00+00:00
342022	M. Kayode	Missing Fixture	Inactive	Brentford	Brentford	55	1208303	2025-03-15T17:30:00+00:00
196156	I. Thiago	Missing Fixture	Knee Injury	Brentford	Brentford	55	1208303	2025-03-15T17:30:00+00:00
643	Gabriel Jesus	Missing Fixture	Knee Injury	Arsenal	Arsenal	42	1208304	2025-03-16T13:30:00+00:00
978	K. Havertz	Missing Fixture	Hamstring Injury	Arsenal	Arsenal	42	1208304	2025-03-16T13:30:00+00:00
1460	B. Saka	Missing Fixture	Thigh Injury	Arsenal	Arsenal	42	1208304	2025-03-16T13:30:00+00:00
645	R. Sterling	Missing Fixture	Loan agreement	Arsenal	Arsenal	42	1208304	2025-03-16T13:30:00+00:00
2597	T. Tomiyasu	Missing Fixture	Knee Injury	Arsenal	Arsenal	42	1208304	2025-03-16T13:30:00+00:00
422780	A. Anselmino	Missing Fixture	Injury	Chelsea	Chelsea	49	1208304	2025-03-16T13:30:00+00:00
392270	M. Guiu	Missing Fixture	Muscle Injury	Chelsea	Chelsea	49	1208304	2025-03-16T13:30:00+00:00
283058	N. Jackson	Missing Fixture	Thigh Injury	Chelsea	Chelsea	49	1208304	2025-03-16T13:30:00+00:00
136723	N. Madueke	Missing Fixture	Muscle Injury	Chelsea	Chelsea	49	1208304	2025-03-16T13:30:00+00:00
63577	M. Mudryk	Missing Fixture	Suspended	Chelsea	Chelsea	49	1208304	2025-03-16T13:30:00+00:00
152982	C. Palmer	Missing Fixture	Illness	Chelsea	Chelsea	49	1208304	2025-03-16T13:30:00+00:00
2823	S. Lukic	Missing Fixture	Yellow Cards	Fulham	Fulham	36	1208307	2025-03-16T13:30:00+00:00
727	R. Nelson	Missing Fixture	Thigh Injury	Fulham	Fulham	36	1208307	2025-03-16T13:30:00+00:00
657	K. Tete	Missing Fixture	Knee Injury	Fulham	Fulham	36	1208307	2025-03-16T13:30:00+00:00
19221	H. Wilson	Missing Fixture	Injury	Fulham	Fulham	36	1208307	2025-03-16T13:30:00+00:00
25287	K. Danso	Missing Fixture	Thigh Injury	Tottenham	Tottenham	47	1208307	2025-03-16T13:30:00+00:00
162498	R. Dragusin	Missing Fixture	Knee Injury	Tottenham	Tottenham	47	1208307	2025-03-16T13:30:00+00:00
30435	D. Kulusevski	Missing Fixture	Foot Injury	Tottenham	Tottenham	47	1208307	2025-03-16T13:30:00+00:00
2413	Richarlison	Missing Fixture	Calf Injury	Tottenham	Tottenham	47	1208307	2025-03-16T13:30:00+00:00
303467	I. Fatawu	Missing Fixture	Knee Injury	Leicester	Leicester	46	1208309	2025-03-16T19:00:00+00:00
405905	N. Opoku	Missing Fixture	Broken Leg	Leicester	Leicester	46	1208309	2025-03-16T19:00:00+00:00
20079	H. Souttar	Missing Fixture	Ankle Injury	Leicester	Leicester	46	1208309	2025-03-16T19:00:00+00:00
50132	A. Bayindir	Missing Fixture	Injury	Manchester United	Man United	33	1208309	2025-03-16T19:00:00+00:00
157997	A. Diallo	Missing Fixture	Ankle Injury	Manchester United	Man United	33	1208309	2025-03-16T19:00:00+00:00
382452	P. Dorgu	Missing Fixture	Red Card	Manchester United	Man United	33	1208309	2025-03-16T19:00:00+00:00
18772	J. Evans	Missing Fixture	Lower Back Injury	Manchester United	Man United	33	1208309	2025-03-16T19:00:00+00:00
284322	K. Mainoo	Missing Fixture	Injury	Manchester United	Man United	33	1208309	2025-03-16T19:00:00+00:00
2467	L. Martinez	Missing Fixture	Knee Injury	Manchester United	Man United	33	1208309	2025-03-16T19:00:00+00:00
891	L. Shaw	Missing Fixture	Calf Injury	Manchester United	Man United	33	1208309	2025-03-16T19:00:00+00:00
342970	L. Yoro	Missing Fixture	Foot Injury	Manchester United	Man United	33	1208309	2025-03-16T19:00:00+00:00
2935	H. Maguire	Questionable	Hamstring Injury	Manchester United	Man United	33	1208309	2025-03-16T19:00:00+00:00
157052	R. Calafiori	Missing Fixture	Knee Injury	Arsenal	Arsenal	42	1208314	2025-04-01T18:45:00+00:00
643	Gabriel Jesus	Missing Fixture	Knee Injury	Arsenal	Arsenal	42	1208314	2025-04-01T18:45:00+00:00
978	K. Havertz	Missing Fixture	Hamstring Injury	Arsenal	Arsenal	42	1208314	2025-04-01T18:45:00+00:00
2597	T. Tomiyasu	Missing Fixture	Knee Injury	Arsenal	Arsenal	42	1208314	2025-04-01T18:45:00+00:00
727	R. Nelson	Missing Fixture	Hamstring Injury	Fulham	Fulham	36	1208314	2025-04-01T18:45:00+00:00
657	K. Tete	Missing Fixture	Knee Injury	Fulham	Fulham	36	1208314	2025-04-01T18:45:00+00:00
19221	H. Wilson	Missing Fixture	Ankle Injury	Fulham	Fulham	36	1208314	2025-04-01T18:45:00+00:00
380653	L. Chiwome	Missing Fixture	Knee Injury	Wolves	Wolves	39	1208317	2025-04-01T18:45:00+00:00
385726	E. Gonzalez	Missing Fixture	Knee Injury	Wolves	Wolves	39	1208317	2025-04-01T18:45:00+00:00
7722	S. Kalajdzic	Missing Fixture	Knee Injury	Wolves	Wolves	39	1208317	2025-04-01T18:45:00+00:00
195717	Y. Mosquera	Missing Fixture	Knee Injury	Wolves	Wolves	39	1208317	2025-04-01T18:45:00+00:00
18819	M. Antonio	Missing Fixture	Inactive	West Ham	West Ham	48	1208317	2025-04-01T18:45:00+00:00
37724	C. Summerville	Missing Fixture	Hamstring Injury	West Ham	West Ham	48	1208317	2025-04-01T18:45:00+00:00
18931	C. Wood	Questionable	Hip Injury	Nottingham Forest	Nott'm Forest	65	1208316	2025-04-01T19:00:00+00:00
157997	A. Diallo	Missing Fixture	Ankle Injury	Manchester United	Man United	33	1208316	2025-04-01T19:00:00+00:00
18772	J. Evans	Missing Fixture	Lower Back Injury	Manchester United	Man United	33	1208316	2025-04-01T19:00:00+00:00
402329	A. Heaven	Missing Fixture	Ankle Injury	Manchester United	Man United	33	1208316	2025-04-01T19:00:00+00:00
284322	K. Mainoo	Missing Fixture	Injury	Manchester United	Man United	33	1208316	2025-04-01T19:00:00+00:00
2467	L. Martinez	Missing Fixture	Knee Injury	Manchester United	Man United	33	1208316	2025-04-01T19:00:00+00:00
891	L. Shaw	Missing Fixture	Calf Injury	Manchester United	Man United	33	1208316	2025-04-01T19:00:00+00:00
792	J. Kluivert	Missing Fixture	Injury	Bournemouth	Bournemouth	35	1208313	2025-04-02T18:45:00+00:00
37161	L. Sinisterra	Missing Fixture	Hamstring Injury	Bournemouth	Bournemouth	35	1208313	2025-04-02T18:45:00+00:00
19245	M. Tavernier	Missing Fixture	Ankle Injury	Bournemouth	Bournemouth	35	1208313	2025-04-02T18:45:00+00:00
47499	E. Unal	Missing Fixture	Knee Injury	Bournemouth	Bournemouth	35	1208313	2025-04-02T18:45:00+00:00
51051	J. Araujo	Questionable	Thigh Injury	Bournemouth	Bournemouth	35	1208313	2025-04-02T18:45:00+00:00
20089	W. Burns	Missing Fixture	Knee Injury	Ipswich	Ipswich	57	1208313	2025-04-02T18:45:00+00:00
19119	L. Davis	Missing Fixture	Inactive	Ipswich	Ipswich	57	1208313	2025-04-02T18:45:00+00:00
284428	O. Hutchinson	Missing Fixture	Inactive	Ipswich	Ipswich	57	1208313	2025-04-02T18:45:00+00:00
616	A. Muric	Missing Fixture	Shoulder Injury	Ipswich	Ipswich	57	1208313	2025-04-02T18:45:00+00:00
19365	C. Ogbene	Missing Fixture	Calf Injury	Ipswich	Ipswich	57	1208313	2025-04-02T18:45:00+00:00
17579	S. Szmodics	Missing Fixture	Ankle Injury	Ipswich	Ipswich	57	1208313	2025-04-02T18:45:00+00:00
7600	Igor	Missing Fixture	Thigh Injury	Brighton	Brighton	51	1208315	2025-04-02T18:45:00+00:00
1361	F. Kadioglu	Missing Fixture	Toe Injury	Brighton	Brighton	51	1208315	2025-04-02T18:45:00+00:00
138815	T. Lamptey	Missing Fixture	Ankle Injury	Brighton	Brighton	51	1208315	2025-04-02T18:45:00+00:00
296	J. Milner	Missing Fixture	Thigh Injury	Brighton	Brighton	51	1208315	2025-04-02T18:45:00+00:00
90590	G. Rutter	Missing Fixture	Ankle Injury	Brighton	Brighton	51	1208315	2025-04-02T18:45:00+00:00
18960	J. Steele	Missing Fixture	Shoulder Injury	Brighton	Brighton	51	1208315	2025-04-02T18:45:00+00:00
537	J. Veltman	Missing Fixture	Ankle Injury	Brighton	Brighton	51	1208315	2025-04-02T18:45:00+00:00
19265	A. Webster	Missing Fixture	Thigh Injury	Brighton	Brighton	51	1208315	2025-04-02T18:45:00+00:00
983	L. Bailey	Questionable	Knock	Aston Villa	Aston Villa	66	1208315	2025-04-02T18:45:00+00:00
2287	R. Barkley	Questionable	Knee Injury	Aston Villa	Aston Villa	66	1208315	2025-04-02T18:45:00+00:00
5	M. Akanji	Missing Fixture	Muscle Injury	Manchester City	Man City	50	1208319	2025-04-02T18:45:00+00:00
18861	N. Ake	Missing Fixture	Ankle Injury	Manchester City	Man City	50	1208319	2025-04-02T18:45:00+00:00
1100	E. Haaland	Missing Fixture	Ankle Injury	Manchester City	Man City	50	1208319	2025-04-02T18:45:00+00:00
44	Rodri	Missing Fixture	Knee Injury	Manchester City	Man City	50	1208319	2025-04-02T18:45:00+00:00
626	J. Stones	Missing Fixture	Thigh Injury	Manchester City	Man City	50	1208319	2025-04-02T18:45:00+00:00
303467	I. Fatawu	Missing Fixture	Knee Injury	Leicester	Leicester	46	1208319	2025-04-02T18:45:00+00:00
405905	N. Opoku	Missing Fixture	Broken Leg	Leicester	Leicester	46	1208319	2025-04-02T18:45:00+00:00
20079	H. Souttar	Missing Fixture	Ankle Injury	Leicester	Leicester	46	1208319	2025-04-02T18:45:00+00:00
38734	S. Botman	Missing Fixture	Knee Injury	Newcastle	Newcastle	34	1208320	2025-04-02T18:45:00+00:00
138787	A. Gordon	Missing Fixture	Red Card	Newcastle	Newcastle	34	1208320	2025-04-02T18:45:00+00:00
284492	L. Hall	Missing Fixture	Foot Injury	Newcastle	Newcastle	34	1208320	2025-04-02T18:45:00+00:00
18894	J. Lascelles	Missing Fixture	Knee Injury	Newcastle	Newcastle	34	1208320	2025-04-02T18:45:00+00:00
153066	F. Carvalho	Missing Fixture	Shoulder Injury	Brentford	Brentford	55	1208320	2025-04-02T18:45:00+00:00
19362	J. Dasilva	Missing Fixture	Knee Injury	Brentford	Brentford	55	1208320	2025-04-02T18:45:00+00:00
19346	R. Henry	Missing Fixture	Thigh Injury	Brentford	Brentford	55	1208320	2025-04-02T18:45:00+00:00
44871	A. Hickey	Missing Fixture	Inactive	Brentford	Brentford	55	1208320	2025-04-02T18:45:00+00:00
47438	M. Jensen	Missing Fixture	Illness	Brentford	Brentford	55	1208320	2025-04-02T18:45:00+00:00
196156	I. Thiago	Missing Fixture	Knee Injury	Brentford	Brentford	55	1208320	2025-04-02T18:45:00+00:00
18873	R. Fraser	Missing Fixture	Calf Injury	Southampton	Southampton	41	1208321	2025-04-02T18:45:00+00:00
130421	W. Smallbone	Missing Fixture	Groin Injury	Southampton	Southampton	41	1208321	2025-04-02T18:45:00+00:00
284264	J. Larios	Questionable	Lacking Match Fitness	Southampton	Southampton	41	1208321	2025-04-02T18:45:00+00:00
45078	R. Stewart	Questionable	Thigh Injury	Southampton	Southampton	41	1208321	2025-04-02T18:45:00+00:00
3339	C. Doucoure	Missing Fixture	Knee Injury	Crystal Palace	Crystal Palace	52	1208321	2025-04-02T18:45:00+00:00
18806	W. Hughes	Missing Fixture	Yellow Cards	Crystal Palace	Crystal Palace	52	1208321	2025-04-02T18:45:00+00:00
278898	C. Riad	Missing Fixture	Knee Injury	Crystal Palace	Crystal Palace	52	1208321	2025-04-02T18:45:00+00:00
126949	C. Richards	Missing Fixture	Calf Injury	Crystal Palace	Crystal Palace	52	1208321	2025-04-02T18:45:00+00:00
283	T. Alexander-Arnold	Missing Fixture	Ankle Injury	Liverpool	Liverpool	40	1208322	2025-04-02T19:00:00+00:00
280	Alisson	Missing Fixture	Concussion	Liverpool	Liverpool	40	1208322	2025-04-02T19:00:00+00:00
284	J. Gomez	Missing Fixture	Hamstring Injury	Liverpool	Liverpool	40	1208322	2025-04-02T19:00:00+00:00
162590	T. Morton	Missing Fixture	Shoulder Injury	Liverpool	Liverpool	40	1208322	2025-04-02T19:00:00+00:00
180317	C. Bradley	Questionable	Thigh Injury	Liverpool	Liverpool	40	1208322	2025-04-02T19:00:00+00:00
18766	D. Calvert-Lewin	Missing Fixture	Muscle Injury	Everton	Everton	45	1208322	2025-04-02T19:00:00+00:00
15884	J. Lindstrom	Missing Fixture	Groin Injury	Everton	Everton	45	1208322	2025-04-02T19:00:00+00:00
24882	O. Mangala	Missing Fixture	Knee Injury	Everton	Everton	45	1208322	2025-04-02T19:00:00+00:00
18929	D. McNeil	Questionable	Knee Injury	Everton	Everton	45	1208322	2025-04-02T19:00:00+00:00
329347	O. Kellyman	Missing Fixture	Hamstring Injury	Chelsea	Chelsea	49	1208318	2025-04-03T19:00:00+00:00
282125	R. Lavia	Missing Fixture	Health problems	Chelsea	Chelsea	49	1208318	2025-04-03T19:00:00+00:00
63577	M. Mudryk	Missing Fixture	Suspended	Chelsea	Chelsea	49	1208318	2025-04-03T19:00:00+00:00
392270	M. Guiu	Questionable	Muscle Injury	Chelsea	Chelsea	49	1208318	2025-04-03T19:00:00+00:00
25287	K. Danso	Missing Fixture	Thigh Injury	Tottenham	Tottenham	47	1208318	2025-04-03T19:00:00+00:00
162498	R. Dragusin	Missing Fixture	Knee Injury	Tottenham	Tottenham	47	1208318	2025-04-03T19:00:00+00:00
30435	D. Kulusevski	Missing Fixture	Foot Injury	Tottenham	Tottenham	47	1208318	2025-04-03T19:00:00+00:00
2413	Richarlison	Missing Fixture	Calf Injury	Tottenham	Tottenham	47	1208318	2025-04-03T19:00:00+00:00
18766	D. Calvert-Lewin	Missing Fixture	Muscle Injury	Everton	Everton	45	1208326	2025-04-05T11:30:00+00:00
15884	J. Lindstrom	Missing Fixture	Groin Injury	Everton	Everton	45	1208326	2025-04-05T11:30:00+00:00
24882	O. Mangala	Missing Fixture	Knee Injury	Everton	Everton	45	1208326	2025-04-05T11:30:00+00:00
157052	R. Calafiori	Missing Fixture	Knee Injury	Arsenal	Arsenal	42	1208326	2025-04-05T11:30:00+00:00
22224	Gabriel	Missing Fixture	Hamstring Injury	Arsenal	Arsenal	42	1208326	2025-04-05T11:30:00+00:00
643	Gabriel Jesus	Missing Fixture	Knee Injury	Arsenal	Arsenal	42	1208326	2025-04-05T11:30:00+00:00
978	K. Havertz	Missing Fixture	Hamstring Injury	Arsenal	Arsenal	42	1208326	2025-04-05T11:30:00+00:00
2597	T. Tomiyasu	Missing Fixture	Knee Injury	Arsenal	Arsenal	42	1208326	2025-04-05T11:30:00+00:00
3339	C. Doucoure	Missing Fixture	Knee Injury	Crystal Palace	Crystal Palace	52	1208325	2025-04-05T14:00:00+00:00
278898	C. Riad	Missing Fixture	Knee Injury	Crystal Palace	Crystal Palace	52	1208325	2025-04-05T14:00:00+00:00
126949	C. Richards	Questionable	Calf Injury	Crystal Palace	Crystal Palace	52	1208325	2025-04-05T14:00:00+00:00
7600	Igor	Missing Fixture	Thigh Injury	Brighton	Brighton	51	1208325	2025-04-05T14:00:00+00:00
1361	F. Kadioglu	Missing Fixture	Toe Injury	Brighton	Brighton	51	1208325	2025-04-05T14:00:00+00:00
138815	T. Lamptey	Missing Fixture	Ankle Injury	Brighton	Brighton	51	1208325	2025-04-05T14:00:00+00:00
296	J. Milner	Missing Fixture	Thigh Injury	Brighton	Brighton	51	1208325	2025-04-05T14:00:00+00:00
90590	G. Rutter	Missing Fixture	Ankle Injury	Brighton	Brighton	51	1208325	2025-04-05T14:00:00+00:00
18960	J. Steele	Missing Fixture	Shoulder Injury	Brighton	Brighton	51	1208325	2025-04-05T14:00:00+00:00
537	J. Veltman	Missing Fixture	Ankle Injury	Brighton	Brighton	51	1208325	2025-04-05T14:00:00+00:00
19265	A. Webster	Missing Fixture	Thigh Injury	Brighton	Brighton	51	1208325	2025-04-05T14:00:00+00:00
20089	W. Burns	Missing Fixture	Knee Injury	Ipswich	Ipswich	57	1208328	2025-04-05T14:00:00+00:00
284428	O. Hutchinson	Missing Fixture	Thigh Injury	Ipswich	Ipswich	57	1208328	2025-04-05T14:00:00+00:00
616	A. Muric	Missing Fixture	Shoulder Injury	Ipswich	Ipswich	57	1208328	2025-04-05T14:00:00+00:00
19365	C. Ogbene	Missing Fixture	Calf Injury	Ipswich	Ipswich	57	1208328	2025-04-05T14:00:00+00:00
17579	S. Szmodics	Missing Fixture	Ankle Injury	Ipswich	Ipswich	57	1208328	2025-04-05T14:00:00+00:00
380653	L. Chiwome	Missing Fixture	Knee Injury	Wolves	Wolves	39	1208328	2025-04-05T14:00:00+00:00
1165	M. Cunha	Missing Fixture	Red Card	Wolves	Wolves	39	1208328	2025-04-05T14:00:00+00:00
385726	E. Gonzalez	Missing Fixture	Knee Injury	Wolves	Wolves	39	1208328	2025-04-05T14:00:00+00:00
7722	S. Kalajdzic	Missing Fixture	Knee Injury	Wolves	Wolves	39	1208328	2025-04-05T14:00:00+00:00
195717	Y. Mosquera	Missing Fixture	Knee Injury	Wolves	Wolves	39	1208328	2025-04-05T14:00:00+00:00
18819	M. Antonio	Missing Fixture	Inactive	West Ham	West Ham	48	1208332	2025-04-05T14:00:00+00:00
37724	C. Summerville	Missing Fixture	Hamstring Injury	West Ham	West Ham	48	1208332	2025-04-05T14:00:00+00:00
1125	R. Christie	Missing Fixture	Groin Injury	Bournemouth	Bournemouth	35	1208332	2025-04-05T14:00:00+00:00
37161	L. Sinisterra	Missing Fixture	Hamstring Injury	Bournemouth	Bournemouth	35	1208332	2025-04-05T14:00:00+00:00
19245	M. Tavernier	Missing Fixture	Ankle Injury	Bournemouth	Bournemouth	35	1208332	2025-04-05T14:00:00+00:00
47499	E. Unal	Missing Fixture	Knee Injury	Bournemouth	Bournemouth	35	1208332	2025-04-05T14:00:00+00:00
792	J. Kluivert	Questionable	Injury	Bournemouth	Bournemouth	35	1208332	2025-04-05T14:00:00+00:00
983	L. Bailey	Questionable	Knock	Aston Villa	Aston Villa	66	1208323	2025-04-05T16:30:00+00:00
2287	R. Barkley	Questionable	Knee Injury	Aston Villa	Aston Villa	66	1208323	2025-04-05T16:30:00+00:00
2771	O. Aina	Missing Fixture	Calf Injury	Nottingham Forest	Nott'm Forest	65	1208323	2025-04-05T16:30:00+00:00
18931	C. Wood	Questionable	Hip Injury	Nottingham Forest	Nott'm Forest	65	1208323	2025-04-05T16:30:00+00:00
153066	F. Carvalho	Missing Fixture	Shoulder Injury	Brentford	Brentford	55	1208324	2025-04-06T13:00:00+00:00
19362	J. Dasilva	Missing Fixture	Knee Injury	Brentford	Brentford	55	1208324	2025-04-06T13:00:00+00:00
196156	I. Thiago	Missing Fixture	Knee Injury	Brentford	Brentford	55	1208324	2025-04-06T13:00:00+00:00
44871	A. Hickey	Questionable	Inactive	Brentford	Brentford	55	1208324	2025-04-06T13:00:00+00:00
329347	O. Kellyman	Missing Fixture	Hamstring Injury	Chelsea	Chelsea	49	1208324	2025-04-06T13:00:00+00:00
282125	R. Lavia	Missing Fixture	Health problems	Chelsea	Chelsea	49	1208324	2025-04-06T13:00:00+00:00
63577	M. Mudryk	Missing Fixture	Suspended	Chelsea	Chelsea	49	1208324	2025-04-06T13:00:00+00:00
727	R. Nelson	Missing Fixture	Hamstring Injury	Fulham	Fulham	36	1208327	2025-04-06T13:00:00+00:00
19221	H. Wilson	Missing Fixture	Ankle Injury	Fulham	Fulham	36	1208327	2025-04-06T13:00:00+00:00
283	T. Alexander-Arnold	Missing Fixture	Ankle Injury	Liverpool	Liverpool	40	1208327	2025-04-06T13:00:00+00:00
284	J. Gomez	Missing Fixture	Hamstring Injury	Liverpool	Liverpool	40	1208327	2025-04-06T13:00:00+00:00
280	Alisson	Questionable	Concussion	Liverpool	Liverpool	40	1208327	2025-04-06T13:00:00+00:00
25287	K. Danso	Missing Fixture	Thigh Injury	Tottenham	Tottenham	47	1208331	2025-04-06T13:00:00+00:00
162498	R. Dragusin	Missing Fixture	Knee Injury	Tottenham	Tottenham	47	1208331	2025-04-06T13:00:00+00:00
30435	D. Kulusevski	Missing Fixture	Foot Injury	Tottenham	Tottenham	47	1208331	2025-04-06T13:00:00+00:00
19733	F. Downes	Missing Fixture	Yellow Cards	Southampton	Southampton	41	1208331	2025-04-06T13:00:00+00:00
18873	R. Fraser	Missing Fixture	Calf Injury	Southampton	Southampton	41	1208331	2025-04-06T13:00:00+00:00
284264	J. Larios	Questionable	Lacking Match Fitness	Southampton	Southampton	41	1208331	2025-04-06T13:00:00+00:00
157997	A. Diallo	Missing Fixture	Ankle Injury	Manchester United	Man United	33	1208330	2025-04-06T15:30:00+00:00
18772	J. Evans	Missing Fixture	Lower Back Injury	Manchester United	Man United	33	1208330	2025-04-06T15:30:00+00:00
402329	A. Heaven	Missing Fixture	Ankle Injury	Manchester United	Man United	33	1208330	2025-04-06T15:30:00+00:00
2467	L. Martinez	Missing Fixture	Knee Injury	Manchester United	Man United	33	1208330	2025-04-06T15:30:00+00:00
284322	K. Mainoo	Questionable	Injury	Manchester United	Man United	33	1208330	2025-04-06T15:30:00+00:00
532	M. de Ligt	Questionable	Injury	Manchester United	Man United	33	1208330	2025-04-06T15:30:00+00:00
5	M. Akanji	Missing Fixture	Muscle Injury	Manchester City	Man City	50	1208330	2025-04-06T15:30:00+00:00
18861	N. Ake	Missing Fixture	Ankle Injury	Manchester City	Man City	50	1208330	2025-04-06T15:30:00+00:00
1100	E. Haaland	Missing Fixture	Ankle Injury	Manchester City	Man City	50	1208330	2025-04-06T15:30:00+00:00
44	Rodri	Missing Fixture	Knee Injury	Manchester City	Man City	50	1208330	2025-04-06T15:30:00+00:00
626	J. Stones	Missing Fixture	Thigh Injury	Manchester City	Man City	50	1208330	2025-04-06T15:30:00+00:00
303467	I. Fatawu	Missing Fixture	Knee Injury	Leicester	Leicester	46	1208329	2025-04-07T19:00:00+00:00
405905	N. Opoku	Missing Fixture	Broken Leg	Leicester	Leicester	46	1208329	2025-04-07T19:00:00+00:00
20079	H. Souttar	Missing Fixture	Ankle Injury	Leicester	Leicester	46	1208329	2025-04-07T19:00:00+00:00
38734	S. Botman	Missing Fixture	Knee Injury	Newcastle	Newcastle	34	1208329	2025-04-07T19:00:00+00:00
284492	L. Hall	Missing Fixture	Foot Injury	Newcastle	Newcastle	34	1208329	2025-04-07T19:00:00+00:00
18894	J. Lascelles	Missing Fixture	Knee Injury	Newcastle	Newcastle	34	1208329	2025-04-07T19:00:00+00:00
138787	A. Gordon	Questionable	Groin Injury	Newcastle	Newcastle	34	1208329	2025-04-07T19:00:00+00:00
5	M. Akanji	Missing Fixture	Muscle Injury	Manchester City	Man City	50	1208338	2025-04-12T11:30:00+00:00
18861	N. Ake	Missing Fixture	Ankle Injury	Manchester City	Man City	50	1208338	2025-04-12T11:30:00+00:00
631	P. Foden	Missing Fixture	Injury	Manchester City	Man City	50	1208338	2025-04-12T11:30:00+00:00
1100	E. Haaland	Missing Fixture	Ankle Injury	Manchester City	Man City	50	1208338	2025-04-12T11:30:00+00:00
44	Rodri	Missing Fixture	Knee Injury	Manchester City	Man City	50	1208338	2025-04-12T11:30:00+00:00
626	J. Stones	Missing Fixture	Thigh Injury	Manchester City	Man City	50	1208338	2025-04-12T11:30:00+00:00
3339	C. Doucoure	Missing Fixture	Knee Injury	Crystal Palace	Crystal Palace	52	1208338	2025-04-12T11:30:00+00:00
402640	R. Esse	Missing Fixture	Illness	Crystal Palace	Crystal Palace	52	1208338	2025-04-12T11:30:00+00:00
67971	M. Guehi	Missing Fixture	Red Card	Crystal Palace	Crystal Palace	52	1208338	2025-04-12T11:30:00+00:00
1468	E. Nketiah	Missing Fixture	Red Card	Crystal Palace	Crystal Palace	52	1208338	2025-04-12T11:30:00+00:00
278898	C. Riad	Missing Fixture	Knee Injury	Crystal Palace	Crystal Palace	52	1208338	2025-04-12T11:30:00+00:00
50999	M. Turner	Missing Fixture	Illness	Crystal Palace	Crystal Palace	52	1208338	2025-04-12T11:30:00+00:00
7600	Igor	Missing Fixture	Thigh Injury	Brighton	Brighton	51	1208335	2025-04-12T14:00:00+00:00
1361	F. Kadioglu	Missing Fixture	Toe Injury	Brighton	Brighton	51	1208335	2025-04-12T14:00:00+00:00
138815	T. Lamptey	Missing Fixture	Ankle Injury	Brighton	Brighton	51	1208335	2025-04-12T14:00:00+00:00
296	J. Milner	Missing Fixture	Thigh Injury	Brighton	Brighton	51	1208335	2025-04-12T14:00:00+00:00
90590	G. Rutter	Missing Fixture	Ankle Injury	Brighton	Brighton	51	1208335	2025-04-12T14:00:00+00:00
18960	J. Steele	Missing Fixture	Shoulder Injury	Brighton	Brighton	51	1208335	2025-04-12T14:00:00+00:00
537	J. Veltman	Missing Fixture	Ankle Injury	Brighton	Brighton	51	1208335	2025-04-12T14:00:00+00:00
19265	A. Webster	Missing Fixture	Thigh Injury	Brighton	Brighton	51	1208335	2025-04-12T14:00:00+00:00
38695	J. P. van Hecke	Missing Fixture	Red Card	Brighton	Brighton	51	1208335	2025-04-12T14:00:00+00:00
311334	F. Buonanotte	Missing Fixture	Loan agreement	Leicester	Leicester	46	1208335	2025-04-12T14:00:00+00:00
303467	I. Fatawu	Missing Fixture	Knee Injury	Leicester	Leicester	46	1208335	2025-04-12T14:00:00+00:00
20079	H. Souttar	Missing Fixture	Ankle Injury	Leicester	Leicester	46	1208335	2025-04-12T14:00:00+00:00
182	H. Winks	Missing Fixture	Coach's decision	Leicester	Leicester	46	1208335	2025-04-12T14:00:00+00:00
8694	W. Faes	Questionable	Injury	Leicester	Leicester	46	1208335	2025-04-12T14:00:00+00:00
2771	O. Aina	Missing Fixture	Calf Injury	Nottingham Forest	Nott'm Forest	65	1208340	2025-04-12T14:00:00+00:00
8598	T. Awoniyi	Questionable	Hamstring Injury	Nottingham Forest	Nott'm Forest	65	1208340	2025-04-12T14:00:00+00:00
18766	D. Calvert-Lewin	Missing Fixture	Muscle Injury	Everton	Everton	45	1208340	2025-04-12T14:00:00+00:00
15884	J. Lindstrom	Missing Fixture	Groin Injury	Everton	Everton	45	1208340	2025-04-12T14:00:00+00:00
24882	O. Mangala	Missing Fixture	Knee Injury	Everton	Everton	45	1208340	2025-04-12T14:00:00+00:00
19733	F. Downes	Missing Fixture	Yellow Cards	Southampton	Southampton	41	1208341	2025-04-12T14:00:00+00:00
263177	A. Gronbaek	Missing Fixture	Muscle Injury	Southampton	Southampton	41	1208341	2025-04-12T14:00:00+00:00
18918	C. Taylor	Questionable	Knock	Southampton	Southampton	41	1208341	2025-04-12T14:00:00+00:00
983	L. Bailey	Questionable	Knock	Aston Villa	Aston Villa	66	1208341	2025-04-12T14:00:00+00:00
157052	R. Calafiori	Missing Fixture	Knee Injury	Arsenal	Arsenal	42	1208334	2025-04-12T16:30:00+00:00
22224	Gabriel	Missing Fixture	Hamstring Injury	Arsenal	Arsenal	42	1208334	2025-04-12T16:30:00+00:00
643	Gabriel Jesus	Missing Fixture	Knee Injury	Arsenal	Arsenal	42	1208334	2025-04-12T16:30:00+00:00
978	K. Havertz	Missing Fixture	Hamstring Injury	Arsenal	Arsenal	42	1208334	2025-04-12T16:30:00+00:00
2597	T. Tomiyasu	Missing Fixture	Knee Injury	Arsenal	Arsenal	42	1208334	2025-04-12T16:30:00+00:00
153066	F. Carvalho	Missing Fixture	Shoulder Injury	Brentford	Brentford	55	1208334	2025-04-12T16:30:00+00:00
19362	J. Dasilva	Missing Fixture	Knee Injury	Brentford	Brentford	55	1208334	2025-04-12T16:30:00+00:00
44871	A. Hickey	Missing Fixture	Hamstring Injury	Brentford	Brentford	55	1208334	2025-04-12T16:30:00+00:00
196156	I. Thiago	Missing Fixture	Knee Injury	Brentford	Brentford	55	1208334	2025-04-12T16:30:00+00:00
291476	D. D. Fofana	Missing Fixture	Knee Injury	Chelsea	Chelsea	49	1208336	2025-04-13T13:00:00+00:00
22094	W. Fofana	Missing Fixture	Hamstring Injury	Chelsea	Chelsea	49	1208336	2025-04-13T13:00:00+00:00
392270	M. Guiu	Missing Fixture	Muscle Injury	Chelsea	Chelsea	49	1208336	2025-04-13T13:00:00+00:00
329347	O. Kellyman	Missing Fixture	Hamstring Injury	Chelsea	Chelsea	49	1208336	2025-04-13T13:00:00+00:00
282125	R. Lavia	Missing Fixture	Thigh Injury	Chelsea	Chelsea	49	1208336	2025-04-13T13:00:00+00:00
63577	M. Mudryk	Missing Fixture	Suspended	Chelsea	Chelsea	49	1208336	2025-04-13T13:00:00+00:00
20089	W. Burns	Missing Fixture	Knee Injury	Ipswich	Ipswich	57	1208336	2025-04-13T13:00:00+00:00
616	A. Muric	Missing Fixture	Shoulder Injury	Ipswich	Ipswich	57	1208336	2025-04-13T13:00:00+00:00
19365	C. Ogbene	Missing Fixture	Calf Injury	Ipswich	Ipswich	57	1208336	2025-04-13T13:00:00+00:00
17579	S. Szmodics	Missing Fixture	Ankle Injury	Ipswich	Ipswich	57	1208336	2025-04-13T13:00:00+00:00
284428	O. Hutchinson	Questionable	Hamstring Injury	Ipswich	Ipswich	57	1208336	2025-04-13T13:00:00+00:00
283	T. Alexander-Arnold	Missing Fixture	Ankle Injury	Liverpool	Liverpool	40	1208337	2025-04-13T13:00:00+00:00
284	J. Gomez	Missing Fixture	Hamstring Injury	Liverpool	Liverpool	40	1208337	2025-04-13T13:00:00+00:00
18819	M. Antonio	Missing Fixture	Inactive	West Ham	West Ham	48	1208337	2025-04-13T13:00:00+00:00
18813	A. Cresswell	Missing Fixture	Muscle Injury	West Ham	West Ham	48	1208337	2025-04-13T13:00:00+00:00
37724	C. Summerville	Missing Fixture	Hamstring Injury	West Ham	West Ham	48	1208337	2025-04-13T13:00:00+00:00
380653	L. Chiwome	Missing Fixture	Knee Injury	Wolves	Wolves	39	1208342	2025-04-13T13:00:00+00:00
385726	E. Gonzalez	Missing Fixture	Knee Injury	Wolves	Wolves	39	1208342	2025-04-13T13:00:00+00:00
7722	S. Kalajdzic	Missing Fixture	Knee Injury	Wolves	Wolves	39	1208342	2025-04-13T13:00:00+00:00
195717	Y. Mosquera	Missing Fixture	Knee Injury	Wolves	Wolves	39	1208342	2025-04-13T13:00:00+00:00
449245	Pedro Lima	Missing Fixture	Ankle Injury	Wolves	Wolves	39	1208342	2025-04-13T13:00:00+00:00
25287	K. Danso	Missing Fixture	Thigh Injury	Tottenham	Tottenham	47	1208342	2025-04-13T13:00:00+00:00
162498	R. Dragusin	Missing Fixture	Knee Injury	Tottenham	Tottenham	47	1208342	2025-04-13T13:00:00+00:00
38734	S. Botman	Missing Fixture	Knee Injury	Newcastle	Newcastle	34	1208339	2025-04-13T15:30:00+00:00
284492	L. Hall	Missing Fixture	Foot Injury	Newcastle	Newcastle	34	1208339	2025-04-13T15:30:00+00:00
18894	J. Lascelles	Missing Fixture	Knee Injury	Newcastle	Newcastle	34	1208339	2025-04-13T15:30:00+00:00
1463	J. Willock	Missing Fixture	Contusion	Newcastle	Newcastle	34	1208339	2025-04-13T15:30:00+00:00
284400	T. Collyer	Missing Fixture	Knock	Manchester United	Man United	33	1208339	2025-04-13T15:30:00+00:00
157997	A. Diallo	Missing Fixture	Ankle Injury	Manchester United	Man United	33	1208339	2025-04-13T15:30:00+00:00
18772	J. Evans	Missing Fixture	Lower Back Injury	Manchester United	Man United	33	1208339	2025-04-13T15:30:00+00:00
2467	L. Martinez	Missing Fixture	Knee Injury	Manchester United	Man United	33	1208339	2025-04-13T15:30:00+00:00
526	A. Onana	Missing Fixture	Coach's decision	Manchester United	Man United	33	1208339	2025-04-13T15:30:00+00:00
532	M. de Ligt	Missing Fixture	Injury	Manchester United	Man United	33	1208339	2025-04-13T15:30:00+00:00
1125	R. Christie	Missing Fixture	Groin Injury	Bournemouth	Bournemouth	35	1208333	2025-04-14T19:00:00+00:00
47499	E. Unal	Missing Fixture	Knee Injury	Bournemouth	Bournemouth	35	1208333	2025-04-14T19:00:00+00:00
792	J. Kluivert	Questionable	Injury	Bournemouth	Bournemouth	35	1208333	2025-04-14T19:00:00+00:00
37161	L. Sinisterra	Questionable	Hamstring Injury	Bournemouth	Bournemouth	35	1208333	2025-04-14T19:00:00+00:00
727	R. Nelson	Missing Fixture	Hamstring Injury	Fulham	Fulham	36	1208333	2025-04-14T19:00:00+00:00
19221	H. Wilson	Questionable	Ankle Injury	Fulham	Fulham	36	1208333	2025-04-14T19:00:00+00:00
38734	S. Botman	Missing Fixture	Knee Injury	Newcastle	Newcastle	34	1208311	2025-04-16T18:30:00+00:00
284492	L. Hall	Missing Fixture	Foot Injury	Newcastle	Newcastle	34	1208311	2025-04-16T18:30:00+00:00
18894	J. Lascelles	Missing Fixture	Knee Injury	Newcastle	Newcastle	34	1208311	2025-04-16T18:30:00+00:00
3339	C. Doucoure	Missing Fixture	Knee Injury	Crystal Palace	Crystal Palace	52	1208311	2025-04-16T18:30:00+00:00
278898	C. Riad	Missing Fixture	Knee Injury	Crystal Palace	Crystal Palace	52	1208311	2025-04-16T18:30:00+00:00
153066	F. Carvalho	Missing Fixture	Shoulder Injury	Brentford	Brentford	55	1208344	2025-04-19T14:00:00+00:00
19362	J. Dasilva	Missing Fixture	Knee Injury	Brentford	Brentford	55	1208344	2025-04-19T14:00:00+00:00
44871	A. Hickey	Missing Fixture	Hamstring Injury	Brentford	Brentford	55	1208344	2025-04-19T14:00:00+00:00
196156	I. Thiago	Missing Fixture	Knee Injury	Brentford	Brentford	55	1208344	2025-04-19T14:00:00+00:00
7600	Igor	Missing Fixture	Thigh Injury	Brighton	Brighton	51	1208344	2025-04-19T14:00:00+00:00
1361	F. Kadioglu	Missing Fixture	Toe Injury	Brighton	Brighton	51	1208344	2025-04-19T14:00:00+00:00
138815	T. Lamptey	Missing Fixture	Ankle Injury	Brighton	Brighton	51	1208344	2025-04-19T14:00:00+00:00
296	J. Milner	Missing Fixture	Thigh Injury	Brighton	Brighton	51	1208344	2025-04-19T14:00:00+00:00
90590	G. Rutter	Missing Fixture	Ankle Injury	Brighton	Brighton	51	1208344	2025-04-19T14:00:00+00:00
537	J. Veltman	Missing Fixture	Ankle Injury	Brighton	Brighton	51	1208344	2025-04-19T14:00:00+00:00
19265	A. Webster	Missing Fixture	Thigh Injury	Brighton	Brighton	51	1208344	2025-04-19T14:00:00+00:00
3339	C. Doucoure	Missing Fixture	Knee Injury	Crystal Palace	Crystal Palace	52	1208345	2025-04-19T14:00:00+00:00
278898	C. Riad	Missing Fixture	Knee Injury	Crystal Palace	Crystal Palace	52	1208345	2025-04-19T14:00:00+00:00
1125	R. Christie	Missing Fixture	Groin Injury	Bournemouth	Bournemouth	35	1208345	2025-04-19T14:00:00+00:00
37161	L. Sinisterra	Missing Fixture	Hamstring Injury	Bournemouth	Bournemouth	35	1208345	2025-04-19T14:00:00+00:00
47499	E. Unal	Missing Fixture	Knee Injury	Bournemouth	Bournemouth	35	1208345	2025-04-19T14:00:00+00:00
18766	D. Calvert-Lewin	Missing Fixture	Muscle Injury	Everton	Everton	45	1208346	2025-04-19T14:00:00+00:00
15884	J. Lindstrom	Missing Fixture	Groin Injury	Everton	Everton	45	1208346	2025-04-19T14:00:00+00:00
24882	O. Mangala	Missing Fixture	Knee Injury	Everton	Everton	45	1208346	2025-04-19T14:00:00+00:00
18861	N. Ake	Missing Fixture	Ankle Injury	Manchester City	Man City	50	1208346	2025-04-19T14:00:00+00:00
617	Ederson	Missing Fixture	Groin Injury	Manchester City	Man City	50	1208346	2025-04-19T14:00:00+00:00
1100	E. Haaland	Missing Fixture	Ankle Injury	Manchester City	Man City	50	1208346	2025-04-19T14:00:00+00:00
44	Rodri	Missing Fixture	Knee Injury	Manchester City	Man City	50	1208346	2025-04-19T14:00:00+00:00
626	J. Stones	Missing Fixture	Thigh Injury	Manchester City	Man City	50	1208346	2025-04-19T14:00:00+00:00
18819	M. Antonio	Missing Fixture	Inactive	West Ham	West Ham	48	1208352	2025-04-19T14:00:00+00:00
37724	C. Summerville	Missing Fixture	Hamstring Injury	West Ham	West Ham	48	1208352	2025-04-19T14:00:00+00:00
263177	A. Gronbaek	Missing Fixture	Muscle Injury	Southampton	Southampton	41	1208352	2025-04-19T14:00:00+00:00
18918	C. Taylor	Questionable	Knock	Southampton	Southampton	41	1208352	2025-04-19T14:00:00+00:00
46815	P. Torres	Missing Fixture	Coach's decision	Aston Villa	Aston Villa	66	1208343	2025-04-19T16:30:00+00:00
38734	S. Botman	Missing Fixture	Knee Injury	Newcastle	Newcastle	34	1208343	2025-04-19T16:30:00+00:00
284492	L. Hall	Missing Fixture	Foot Injury	Newcastle	Newcastle	34	1208343	2025-04-19T16:30:00+00:00
18894	J. Lascelles	Missing Fixture	Knee Injury	Newcastle	Newcastle	34	1208343	2025-04-19T16:30:00+00:00
727	R. Nelson	Missing Fixture	Hamstring Injury	Fulham	Fulham	36	1208347	2025-04-20T13:00:00+00:00
291476	D. D. Fofana	Missing Fixture	Knee Injury	Chelsea	Chelsea	49	1208347	2025-04-20T13:00:00+00:00
22094	W. Fofana	Missing Fixture	Hamstring Injury	Chelsea	Chelsea	49	1208347	2025-04-20T13:00:00+00:00
392270	M. Guiu	Missing Fixture	Muscle Injury	Chelsea	Chelsea	49	1208347	2025-04-20T13:00:00+00:00
329347	O. Kellyman	Missing Fixture	Hamstring Injury	Chelsea	Chelsea	49	1208347	2025-04-20T13:00:00+00:00
63577	M. Mudryk	Missing Fixture	Suspended	Chelsea	Chelsea	49	1208347	2025-04-20T13:00:00+00:00
20089	W. Burns	Missing Fixture	Knee Injury	Ipswich	Ipswich	57	1208348	2025-04-20T13:00:00+00:00
284428	O. Hutchinson	Missing Fixture	Hamstring Injury	Ipswich	Ipswich	57	1208348	2025-04-20T13:00:00+00:00
616	A. Muric	Missing Fixture	Shoulder Injury	Ipswich	Ipswich	57	1208348	2025-04-20T13:00:00+00:00
19365	C. Ogbene	Missing Fixture	Calf Injury	Ipswich	Ipswich	57	1208348	2025-04-20T13:00:00+00:00
19130	K. Phillips	Missing Fixture	Injury	Ipswich	Ipswich	57	1208348	2025-04-20T13:00:00+00:00
138931	J. Philogene	Missing Fixture	Knee Injury	Ipswich	Ipswich	57	1208348	2025-04-20T13:00:00+00:00
17579	S. Szmodics	Missing Fixture	Ankle Injury	Ipswich	Ipswich	57	1208348	2025-04-20T13:00:00+00:00
157052	R. Calafiori	Missing Fixture	Knee Injury	Arsenal	Arsenal	42	1208348	2025-04-20T13:00:00+00:00
22224	Gabriel	Missing Fixture	Hamstring Injury	Arsenal	Arsenal	42	1208348	2025-04-20T13:00:00+00:00
643	Gabriel Jesus	Missing Fixture	Knee Injury	Arsenal	Arsenal	42	1208348	2025-04-20T13:00:00+00:00
978	K. Havertz	Missing Fixture	Hamstring Injury	Arsenal	Arsenal	42	1208348	2025-04-20T13:00:00+00:00
2289	Jorginho	Missing Fixture	Chest Injury	Arsenal	Arsenal	42	1208348	2025-04-20T13:00:00+00:00
2597	T. Tomiyasu	Missing Fixture	Knee Injury	Arsenal	Arsenal	42	1208348	2025-04-20T13:00:00+00:00
284400	T. Collyer	Missing Fixture	Knock	Manchester United	Man United	33	1208350	2025-04-20T13:00:00+00:00
157997	A. Diallo	Missing Fixture	Ankle Injury	Manchester United	Man United	33	1208350	2025-04-20T13:00:00+00:00
402329	A. Heaven	Missing Fixture	Ankle Injury	Manchester United	Man United	33	1208350	2025-04-20T13:00:00+00:00
2467	L. Martinez	Missing Fixture	Knee Injury	Manchester United	Man United	33	1208350	2025-04-20T13:00:00+00:00
70100	J. Zirkzee	Missing Fixture	Hamstring Injury	Manchester United	Man United	33	1208350	2025-04-20T13:00:00+00:00
532	M. de Ligt	Missing Fixture	Injury	Manchester United	Man United	33	1208350	2025-04-20T13:00:00+00:00
380653	L. Chiwome	Missing Fixture	Knee Injury	Wolves	Wolves	39	1208350	2025-04-20T13:00:00+00:00
385726	E. Gonzalez	Missing Fixture	Knee Injury	Wolves	Wolves	39	1208350	2025-04-20T13:00:00+00:00
19143	S. Johnstone	Missing Fixture	Injury	Wolves	Wolves	39	1208350	2025-04-20T13:00:00+00:00
7722	S. Kalajdzic	Missing Fixture	Knee Injury	Wolves	Wolves	39	1208350	2025-04-20T13:00:00+00:00
195717	Y. Mosquera	Missing Fixture	Knee Injury	Wolves	Wolves	39	1208350	2025-04-20T13:00:00+00:00
20665	J. Bellegarde	Questionable	Knock	Wolves	Wolves	39	1208350	2025-04-20T13:00:00+00:00
24888	Hwang Hee-Chan	Questionable	Muscle Injury	Wolves	Wolves	39	1208350	2025-04-20T13:00:00+00:00
449245	Pedro Lima	Questionable	Ankle Injury	Wolves	Wolves	39	1208350	2025-04-20T13:00:00+00:00
303467	I. Fatawu	Missing Fixture	Knee Injury	Leicester	Leicester	46	1208349	2025-04-20T15:30:00+00:00
20079	H. Souttar	Missing Fixture	Ankle Injury	Leicester	Leicester	46	1208349	2025-04-20T15:30:00+00:00
182	H. Winks	Missing Fixture	Coach's decision	Leicester	Leicester	46	1208349	2025-04-20T15:30:00+00:00
284	J. Gomez	Missing Fixture	Hamstring Injury	Liverpool	Liverpool	40	1208349	2025-04-20T15:30:00+00:00
162498	R. Dragusin	Missing Fixture	Knee Injury	Tottenham	Tottenham	47	1208351	2025-04-21T19:00:00+00:00
186	Son Heung-Min	Questionable	Foot Injury	Tottenham	Tottenham	47	1208351	2025-04-21T19:00:00+00:00
2771	O. Aina	Questionable	Calf Injury	Nottingham Forest	Nott'm Forest	65	1208351	2025-04-21T19:00:00+00:00
18861	N. Ake	Missing Fixture	Ankle Injury	Manchester City	Man City	50	1208358	2025-04-22T19:00:00+00:00
617	Ederson	Missing Fixture	Groin Injury	Manchester City	Man City	50	1208358	2025-04-22T19:00:00+00:00
1100	E. Haaland	Missing Fixture	Ankle Injury	Manchester City	Man City	50	1208358	2025-04-22T19:00:00+00:00
44	Rodri	Missing Fixture	Knee Injury	Manchester City	Man City	50	1208358	2025-04-22T19:00:00+00:00
626	J. Stones	Missing Fixture	Thigh Injury	Manchester City	Man City	50	1208358	2025-04-22T19:00:00+00:00
157052	R. Calafiori	Missing Fixture	Knee Injury	Arsenal	Arsenal	42	1208354	2025-04-23T19:00:00+00:00
22224	Gabriel	Missing Fixture	Hamstring Injury	Arsenal	Arsenal	42	1208354	2025-04-23T19:00:00+00:00
643	Gabriel Jesus	Missing Fixture	Knee Injury	Arsenal	Arsenal	42	1208354	2025-04-23T19:00:00+00:00
978	K. Havertz	Missing Fixture	Hamstring Injury	Arsenal	Arsenal	42	1208354	2025-04-23T19:00:00+00:00
2289	Jorginho	Missing Fixture	Chest Injury	Arsenal	Arsenal	42	1208354	2025-04-23T19:00:00+00:00
2597	T. Tomiyasu	Missing Fixture	Knee Injury	Arsenal	Arsenal	42	1208354	2025-04-23T19:00:00+00:00
2933	B. Chilwell	Missing Fixture	Illness	Crystal Palace	Crystal Palace	52	1208354	2025-04-23T19:00:00+00:00
3339	C. Doucoure	Missing Fixture	Knee Injury	Crystal Palace	Crystal Palace	52	1208354	2025-04-23T19:00:00+00:00
278898	C. Riad	Missing Fixture	Knee Injury	Crystal Palace	Crystal Palace	52	1208354	2025-04-23T19:00:00+00:00
126949	C. Richards	Missing Fixture	Red Card	Crystal Palace	Crystal Palace	52	1208354	2025-04-23T19:00:00+00:00
291476	D. D. Fofana	Missing Fixture	Knee Injury	Chelsea	Chelsea	49	1208356	2025-04-26T11:30:00+00:00
22094	W. Fofana	Missing Fixture	Hamstring Injury	Chelsea	Chelsea	49	1208356	2025-04-26T11:30:00+00:00
392270	M. Guiu	Missing Fixture	Muscle Injury	Chelsea	Chelsea	49	1208356	2025-04-26T11:30:00+00:00
161907	M. Gusto	Missing Fixture	Thigh Injury	Chelsea	Chelsea	49	1208356	2025-04-26T11:30:00+00:00
329347	O. Kellyman	Missing Fixture	Hamstring Injury	Chelsea	Chelsea	49	1208356	2025-04-26T11:30:00+00:00
63577	M. Mudryk	Missing Fixture	Suspended	Chelsea	Chelsea	49	1208356	2025-04-26T11:30:00+00:00
138822	A. Broja	Missing Fixture	Loan agreement	Everton	Everton	45	1208356	2025-04-26T11:30:00+00:00
18766	D. Calvert-Lewin	Missing Fixture	Muscle Injury	Everton	Everton	45	1208356	2025-04-26T11:30:00+00:00
15884	J. Lindstrom	Missing Fixture	Groin Injury	Everton	Everton	45	1208356	2025-04-26T11:30:00+00:00
24882	O. Mangala	Missing Fixture	Knee Injury	Everton	Everton	45	1208356	2025-04-26T11:30:00+00:00
2936	J. Tarkowski	Missing Fixture	Thigh Injury	Everton	Everton	45	1208356	2025-04-26T11:30:00+00:00
7600	Igor	Missing Fixture	Thigh Injury	Brighton	Brighton	51	1208355	2025-04-26T14:00:00+00:00
10329	Joao Pedro	Missing Fixture	Red Card	Brighton	Brighton	51	1208355	2025-04-26T14:00:00+00:00
1361	F. Kadioglu	Missing Fixture	Toe Injury	Brighton	Brighton	51	1208355	2025-04-26T14:00:00+00:00
296	J. Milner	Missing Fixture	Thigh Injury	Brighton	Brighton	51	1208355	2025-04-26T14:00:00+00:00
90590	G. Rutter	Missing Fixture	Ankle Injury	Brighton	Brighton	51	1208355	2025-04-26T14:00:00+00:00
19265	A. Webster	Missing Fixture	Thigh Injury	Brighton	Brighton	51	1208355	2025-04-26T14:00:00+00:00
38695	J. P. van Hecke	Missing Fixture	Head Injury	Brighton	Brighton	51	1208355	2025-04-26T14:00:00+00:00
18819	M. Antonio	Missing Fixture	Inactive	West Ham	West Ham	48	1208355	2025-04-26T14:00:00+00:00
129643	E. Ferguson	Missing Fixture	Loan agreement	West Ham	West Ham	48	1208355	2025-04-26T14:00:00+00:00
37724	C. Summerville	Missing Fixture	Hamstring Injury	West Ham	West Ham	48	1208355	2025-04-26T14:00:00+00:00
2869	E. Alvarez	Questionable	Back Injury	West Ham	West Ham	48	1208355	2025-04-26T14:00:00+00:00
284492	L. Hall	Missing Fixture	Foot Injury	Newcastle	Newcastle	34	1208359	2025-04-26T14:00:00+00:00
18894	J. Lascelles	Missing Fixture	Knee Injury	Newcastle	Newcastle	34	1208359	2025-04-26T14:00:00+00:00
20089	W. Burns	Missing Fixture	Knee Injury	Ipswich	Ipswich	57	1208359	2025-04-26T14:00:00+00:00
19119	L. Davis	Missing Fixture	Red Card	Ipswich	Ipswich	57	1208359	2025-04-26T14:00:00+00:00
616	A. Muric	Missing Fixture	Shoulder Injury	Ipswich	Ipswich	57	1208359	2025-04-26T14:00:00+00:00
19365	C. Ogbene	Missing Fixture	Calf Injury	Ipswich	Ipswich	57	1208359	2025-04-26T14:00:00+00:00
19130	K. Phillips	Missing Fixture	Injury	Ipswich	Ipswich	57	1208359	2025-04-26T14:00:00+00:00
138931	J. Philogene	Missing Fixture	Knee Injury	Ipswich	Ipswich	57	1208359	2025-04-26T14:00:00+00:00
17579	S. Szmodics	Missing Fixture	Ankle Injury	Ipswich	Ipswich	57	1208359	2025-04-26T14:00:00+00:00
126791	N. Broadhead	Questionable	Thigh Injury	Ipswich	Ipswich	57	1208359	2025-04-26T14:00:00+00:00
19152	C. Townsend	Questionable	Thigh Injury	Ipswich	Ipswich	57	1208359	2025-04-26T14:00:00+00:00
263177	A. Gronbaek	Missing Fixture	Muscle Injury	Southampton	Southampton	41	1208361	2025-04-26T14:00:00+00:00
18918	C. Taylor	Questionable	Knock	Southampton	Southampton	41	1208361	2025-04-26T14:00:00+00:00
727	R. Nelson	Missing Fixture	Hamstring Injury	Fulham	Fulham	36	1208361	2025-04-26T14:00:00+00:00
195106	Rodrigo Muniz	Missing Fixture	Inactive	Fulham	Fulham	36	1208361	2025-04-26T14:00:00+00:00
380653	L. Chiwome	Missing Fixture	Knee Injury	Wolves	Wolves	39	1208362	2025-04-26T14:00:00+00:00
385726	E. Gonzalez	Missing Fixture	Knee Injury	Wolves	Wolves	39	1208362	2025-04-26T14:00:00+00:00
19143	S. Johnstone	Missing Fixture	Injury	Wolves	Wolves	39	1208362	2025-04-26T14:00:00+00:00
7722	S. Kalajdzic	Missing Fixture	Knee Injury	Wolves	Wolves	39	1208362	2025-04-26T14:00:00+00:00
195717	Y. Mosquera	Missing Fixture	Knee Injury	Wolves	Wolves	39	1208362	2025-04-26T14:00:00+00:00
449245	Pedro Lima	Questionable	Ankle Injury	Wolves	Wolves	39	1208362	2025-04-26T14:00:00+00:00
303467	I. Fatawu	Missing Fixture	Knee Injury	Leicester	Leicester	46	1208362	2025-04-26T14:00:00+00:00
879	S. Mavididi	Missing Fixture	Muscle Injury	Leicester	Leicester	46	1208362	2025-04-26T14:00:00+00:00
20079	H. Souttar	Missing Fixture	Ankle Injury	Leicester	Leicester	46	1208362	2025-04-26T14:00:00+00:00
182	H. Winks	Missing Fixture	Coach's decision	Leicester	Leicester	46	1208362	2025-04-26T14:00:00+00:00
1125	R. Christie	Missing Fixture	Groin Injury	Bournemouth	Bournemouth	35	1208353	2025-04-27T13:00:00+00:00
37161	L. Sinisterra	Missing Fixture	Hamstring Injury	Bournemouth	Bournemouth	35	1208353	2025-04-27T13:00:00+00:00
47499	E. Unal	Missing Fixture	Knee Injury	Bournemouth	Bournemouth	35	1208353	2025-04-27T13:00:00+00:00
284400	T. Collyer	Missing Fixture	Knock	Manchester United	Man United	33	1208353	2025-04-27T13:00:00+00:00
886	D. Dalot	Missing Fixture	Calf Injury	Manchester United	Man United	33	1208353	2025-04-27T13:00:00+00:00
157997	A. Diallo	Missing Fixture	Ankle Injury	Manchester United	Man United	33	1208353	2025-04-27T13:00:00+00:00
402329	A. Heaven	Missing Fixture	Ankle Injury	Manchester United	Man United	33	1208353	2025-04-27T13:00:00+00:00
2467	L. Martinez	Missing Fixture	Knee Injury	Manchester United	Man United	33	1208353	2025-04-27T13:00:00+00:00
70100	J. Zirkzee	Missing Fixture	Hamstring Injury	Manchester United	Man United	33	1208353	2025-04-27T13:00:00+00:00
532	M. de Ligt	Missing Fixture	Injury	Manchester United	Man United	33	1208353	2025-04-27T13:00:00+00:00
284	J. Gomez	Missing Fixture	Hamstring Injury	Liverpool	Liverpool	40	1208357	2025-04-27T15:30:00+00:00
162498	R. Dragusin	Missing Fixture	Knee Injury	Tottenham	Tottenham	47	1208357	2025-04-27T15:30:00+00:00
186	Son Heung-Min	Questionable	Foot Injury	Tottenham	Tottenham	47	1208357	2025-04-27T15:30:00+00:00
380492	E. da Silva Moreira	Questionable	Ankle Injury	Nottingham Forest	Nott'm Forest	65	1208360	2025-05-01T18:30:00+00:00
153066	F. Carvalho	Missing Fixture	Shoulder Injury	Brentford	Brentford	55	1208360	2025-05-01T18:30:00+00:00
19362	J. Dasilva	Missing Fixture	Knee Injury	Brentford	Brentford	55	1208360	2025-05-01T18:30:00+00:00
44871	A. Hickey	Missing Fixture	Hamstring Injury	Brentford	Brentford	55	1208360	2025-05-01T18:30:00+00:00
25073	V. Janelt	Missing Fixture	Ankle Injury	Brentford	Brentford	55	1208360	2025-05-01T18:30:00+00:00
196156	I. Thiago	Missing Fixture	Knee Injury	Brentford	Brentford	55	1208360	2025-05-01T18:30:00+00:00
18861	N. Ake	Missing Fixture	Ankle Injury	Manchester City	Man City	50	1208371	2025-05-02T19:00:00+00:00
44	Rodri	Missing Fixture	Knee Injury	Manchester City	Man City	50	1208371	2025-05-02T19:00:00+00:00
626	J. Stones	Missing Fixture	Thigh Injury	Manchester City	Man City	50	1208371	2025-05-02T19:00:00+00:00
380653	L. Chiwome	Missing Fixture	Knee Injury	Wolves	Wolves	39	1208371	2025-05-02T19:00:00+00:00
385726	E. Gonzalez	Missing Fixture	Knee Injury	Wolves	Wolves	39	1208371	2025-05-02T19:00:00+00:00
7722	S. Kalajdzic	Missing Fixture	Knee Injury	Wolves	Wolves	39	1208371	2025-05-02T19:00:00+00:00
195717	Y. Mosquera	Missing Fixture	Knee Injury	Wolves	Wolves	39	1208371	2025-05-02T19:00:00+00:00
19143	S. Johnstone	Questionable	Injury	Wolves	Wolves	39	1208371	2025-05-02T19:00:00+00:00
909	M. Rashford	Missing Fixture	Hamstring Injury	Aston Villa	Aston Villa	66	1208364	2025-05-03T11:30:00+00:00
727	R. Nelson	Missing Fixture	Hamstring Injury	Fulham	Fulham	36	1208364	2025-05-03T11:30:00+00:00
195106	Rodrigo Muniz	Missing Fixture	Achilles Tendon Injury	Fulham	Fulham	36	1208364	2025-05-03T11:30:00+00:00
15884	J. Lindstrom	Missing Fixture	Groin Injury	Everton	Everton	45	1208369	2025-05-03T14:00:00+00:00
24882	O. Mangala	Missing Fixture	Knee Injury	Everton	Everton	45	1208369	2025-05-03T14:00:00+00:00
2936	J. Tarkowski	Missing Fixture	Thigh Injury	Everton	Everton	45	1208369	2025-05-03T14:00:00+00:00
20089	W. Burns	Missing Fixture	Knee Injury	Ipswich	Ipswich	57	1208369	2025-05-03T14:00:00+00:00
19119	L. Davis	Missing Fixture	Red Card	Ipswich	Ipswich	57	1208369	2025-05-03T14:00:00+00:00
18823	B. Johnson	Missing Fixture	Red Card	Ipswich	Ipswich	57	1208369	2025-05-03T14:00:00+00:00
616	A. Muric	Missing Fixture	Shoulder Injury	Ipswich	Ipswich	57	1208369	2025-05-03T14:00:00+00:00
19365	C. Ogbene	Missing Fixture	Calf Injury	Ipswich	Ipswich	57	1208369	2025-05-03T14:00:00+00:00
138931	J. Philogene	Missing Fixture	Knee Injury	Ipswich	Ipswich	57	1208369	2025-05-03T14:00:00+00:00
17579	S. Szmodics	Missing Fixture	Ankle Injury	Ipswich	Ipswich	57	1208369	2025-05-03T14:00:00+00:00
19152	C. Townsend	Missing Fixture	Thigh Injury	Ipswich	Ipswich	57	1208369	2025-05-03T14:00:00+00:00
126791	N. Broadhead	Questionable	Thigh Injury	Ipswich	Ipswich	57	1208369	2025-05-03T14:00:00+00:00
311334	F. Buonanotte	Missing Fixture	Head Injury	Leicester	Leicester	46	1208370	2025-05-03T14:00:00+00:00
19004	B. De Cordova-Reid	Missing Fixture	Injury	Leicester	Leicester	46	1208370	2025-05-03T14:00:00+00:00
303467	I. Fatawu	Missing Fixture	Knee Injury	Leicester	Leicester	46	1208370	2025-05-03T14:00:00+00:00
15870	M. Hermansen	Missing Fixture	Groin Injury	Leicester	Leicester	46	1208370	2025-05-03T14:00:00+00:00
879	S. Mavididi	Missing Fixture	Muscle Injury	Leicester	Leicester	46	1208370	2025-05-03T14:00:00+00:00
18771	R. Pereira	Missing Fixture	Muscle Injury	Leicester	Leicester	46	1208370	2025-05-03T14:00:00+00:00
20079	H. Souttar	Missing Fixture	Ankle Injury	Leicester	Leicester	46	1208370	2025-05-03T14:00:00+00:00
182	H. Winks	Missing Fixture	Coach's decision	Leicester	Leicester	46	1208370	2025-05-03T14:00:00+00:00
157052	R. Calafiori	Missing Fixture	Knee Injury	Arsenal	Arsenal	42	1208363	2025-05-03T16:30:00+00:00
22224	Gabriel	Missing Fixture	Hamstring Injury	Arsenal	Arsenal	42	1208363	2025-05-03T16:30:00+00:00
643	Gabriel Jesus	Missing Fixture	Knee Injury	Arsenal	Arsenal	42	1208363	2025-05-03T16:30:00+00:00
978	K. Havertz	Missing Fixture	Hamstring Injury	Arsenal	Arsenal	42	1208363	2025-05-03T16:30:00+00:00
2289	Jorginho	Missing Fixture	Chest Injury	Arsenal	Arsenal	42	1208363	2025-05-03T16:30:00+00:00
912	Neto	Missing Fixture	Loan agreement	Arsenal	Arsenal	42	1208363	2025-05-03T16:30:00+00:00
2597	T. Tomiyasu	Missing Fixture	Knee Injury	Arsenal	Arsenal	42	1208363	2025-05-03T16:30:00+00:00
1125	R. Christie	Missing Fixture	Groin Injury	Bournemouth	Bournemouth	35	1208363	2025-05-03T16:30:00+00:00
37161	L. Sinisterra	Missing Fixture	Hamstring Injury	Bournemouth	Bournemouth	35	1208363	2025-05-03T16:30:00+00:00
47499	E. Unal	Missing Fixture	Knee Injury	Bournemouth	Bournemouth	35	1208363	2025-05-03T16:30:00+00:00
153066	F. Carvalho	Missing Fixture	Shoulder Injury	Brentford	Brentford	55	1208365	2025-05-04T13:00:00+00:00
19362	J. Dasilva	Missing Fixture	Knee Injury	Brentford	Brentford	55	1208365	2025-05-04T13:00:00+00:00
44871	A. Hickey	Missing Fixture	Hamstring Injury	Brentford	Brentford	55	1208365	2025-05-04T13:00:00+00:00
25073	V. Janelt	Missing Fixture	Ankle Injury	Brentford	Brentford	55	1208365	2025-05-04T13:00:00+00:00
284400	T. Collyer	Missing Fixture	Knock	Manchester United	Man United	33	1208365	2025-05-04T13:00:00+00:00
886	D. Dalot	Missing Fixture	Calf Injury	Manchester United	Man United	33	1208365	2025-05-04T13:00:00+00:00
402329	A. Heaven	Missing Fixture	Ankle Injury	Manchester United	Man United	33	1208365	2025-05-04T13:00:00+00:00
2467	L. Martinez	Missing Fixture	Knee Injury	Manchester United	Man United	33	1208365	2025-05-04T13:00:00+00:00
70100	J. Zirkzee	Missing Fixture	Hamstring Injury	Manchester United	Man United	33	1208365	2025-05-04T13:00:00+00:00
1361	F. Kadioglu	Missing Fixture	Toe Injury	Brighton	Brighton	51	1208366	2025-05-04T13:00:00+00:00
296	J. Milner	Missing Fixture	Thigh Injury	Brighton	Brighton	51	1208366	2025-05-04T13:00:00+00:00
90590	G. Rutter	Missing Fixture	Ankle Injury	Brighton	Brighton	51	1208366	2025-05-04T13:00:00+00:00
284492	L. Hall	Missing Fixture	Foot Injury	Newcastle	Newcastle	34	1208366	2025-05-04T13:00:00+00:00
723	Joelinton	Missing Fixture	Knee Injury	Newcastle	Newcastle	34	1208366	2025-05-04T13:00:00+00:00
18894	J. Lascelles	Missing Fixture	Knee Injury	Newcastle	Newcastle	34	1208366	2025-05-04T13:00:00+00:00
18941	M. Targett	Missing Fixture	Thigh Injury	Newcastle	Newcastle	34	1208366	2025-05-04T13:00:00+00:00
18819	M. Antonio	Missing Fixture	Broken Leg	West Ham	West Ham	48	1208372	2025-05-04T13:00:00+00:00
37724	C. Summerville	Missing Fixture	Hamstring Injury	West Ham	West Ham	48	1208372	2025-05-04T13:00:00+00:00
2869	E. Alvarez	Questionable	Back Injury	West Ham	West Ham	48	1208372	2025-05-04T13:00:00+00:00
347316	L. Bergvall	Missing Fixture	Ankle Injury	Tottenham	Tottenham	47	1208372	2025-05-04T13:00:00+00:00
162498	R. Dragusin	Missing Fixture	Knee Injury	Tottenham	Tottenham	47	1208372	2025-05-04T13:00:00+00:00
186	Son Heung-Min	Missing Fixture	Foot Injury	Tottenham	Tottenham	47	1208372	2025-05-04T13:00:00+00:00
18784	J. Maddison	Questionable	Knee Injury	Tottenham	Tottenham	47	1208372	2025-05-04T13:00:00+00:00
18883	D. Solanke	Questionable	Thigh Injury	Tottenham	Tottenham	47	1208372	2025-05-04T13:00:00+00:00
291476	D. D. Fofana	Missing Fixture	Knee Injury	Chelsea	Chelsea	49	1208367	2025-05-04T15:30:00+00:00
22094	W. Fofana	Missing Fixture	Hamstring Injury	Chelsea	Chelsea	49	1208367	2025-05-04T15:30:00+00:00
392270	M. Guiu	Missing Fixture	Muscle Injury	Chelsea	Chelsea	49	1208367	2025-05-04T15:30:00+00:00
329347	O. Kellyman	Missing Fixture	Hamstring Injury	Chelsea	Chelsea	49	1208367	2025-05-04T15:30:00+00:00
63577	M. Mudryk	Missing Fixture	Suspended	Chelsea	Chelsea	49	1208367	2025-05-04T15:30:00+00:00
269	C. Nkunku	Questionable	Knock	Chelsea	Chelsea	49	1208367	2025-05-04T15:30:00+00:00
284	J. Gomez	Missing Fixture	Hamstring Injury	Liverpool	Liverpool	40	1208367	2025-05-04T15:30:00+00:00
3339	C. Doucoure	Missing Fixture	Knee Injury	Crystal Palace	Crystal Palace	52	1208368	2025-05-05T19:00:00+00:00
278898	C. Riad	Missing Fixture	Knee Injury	Crystal Palace	Crystal Palace	52	1208368	2025-05-05T19:00:00+00:00
50999	M. Turner	Missing Fixture	Loan agreement	Crystal Palace	Crystal Palace	52	1208368	2025-05-05T19:00:00+00:00
2298	C. Hudson-Odoi	Questionable	Thigh Injury	Nottingham Forest	Nott'm Forest	65	1208368	2025-05-05T19:00:00+00:00
380492	E. da Silva Moreira	Questionable	Ankle Injury	Nottingham Forest	Nott'm Forest	65	1208368	2025-05-05T19:00:00+00:00
2920	T. Castagne	Missing Fixture	Ankle Injury	Fulham	Fulham	36	1208374	2025-05-10T14:00:00+00:00
2823	S. Lukic	Missing Fixture	Injury	Fulham	Fulham	36	1208374	2025-05-10T14:00:00+00:00
727	R. Nelson	Missing Fixture	Hamstring Injury	Fulham	Fulham	36	1208374	2025-05-10T14:00:00+00:00
19480	H. Reed	Missing Fixture	Calf Injury	Fulham	Fulham	36	1208374	2025-05-10T14:00:00+00:00
195106	Rodrigo Muniz	Missing Fixture	Achilles Tendon Injury	Fulham	Fulham	36	1208374	2025-05-10T14:00:00+00:00
15884	J. Lindstrom	Missing Fixture	Groin Injury	Everton	Everton	45	1208374	2025-05-10T14:00:00+00:00
24882	O. Mangala	Missing Fixture	Knee Injury	Everton	Everton	45	1208374	2025-05-10T14:00:00+00:00
2936	J. Tarkowski	Missing Fixture	Hamstring Injury	Everton	Everton	45	1208374	2025-05-10T14:00:00+00:00
126791	N. Broadhead	Missing Fixture	Thigh Injury	Ipswich	Ipswich	57	1208375	2025-05-10T14:00:00+00:00
20089	W. Burns	Missing Fixture	Knee Injury	Ipswich	Ipswich	57	1208375	2025-05-10T14:00:00+00:00
19119	L. Davis	Missing Fixture	Red Card	Ipswich	Ipswich	57	1208375	2025-05-10T14:00:00+00:00
616	A. Muric	Missing Fixture	Shoulder Injury	Ipswich	Ipswich	57	1208375	2025-05-10T14:00:00+00:00
19365	C. Ogbene	Missing Fixture	Calf Injury	Ipswich	Ipswich	57	1208375	2025-05-10T14:00:00+00:00
138931	J. Philogene	Missing Fixture	Knee Injury	Ipswich	Ipswich	57	1208375	2025-05-10T14:00:00+00:00
17579	S. Szmodics	Missing Fixture	Ankle Injury	Ipswich	Ipswich	57	1208375	2025-05-10T14:00:00+00:00
19152	C. Townsend	Missing Fixture	Thigh Injury	Ipswich	Ipswich	57	1208375	2025-05-10T14:00:00+00:00
153066	F. Carvalho	Missing Fixture	Shoulder Injury	Brentford	Brentford	55	1208375	2025-05-10T14:00:00+00:00
19362	J. Dasilva	Missing Fixture	Knee Injury	Brentford	Brentford	55	1208375	2025-05-10T14:00:00+00:00
44871	A. Hickey	Missing Fixture	Hamstring Injury	Brentford	Brentford	55	1208375	2025-05-10T14:00:00+00:00
18861	N. Ake	Missing Fixture	Ankle Injury	Manchester City	Man City	50	1208380	2025-05-10T14:00:00+00:00
278133	O. Bobb	Missing Fixture	Thigh Injury	Manchester City	Man City	50	1208380	2025-05-10T14:00:00+00:00
44	Rodri	Missing Fixture	Knee Injury	Manchester City	Man City	50	1208380	2025-05-10T14:00:00+00:00
626	J. Stones	Missing Fixture	Thigh Injury	Manchester City	Man City	50	1208380	2025-05-10T14:00:00+00:00
380653	L. Chiwome	Missing Fixture	Knee Injury	Wolves	Wolves	39	1208382	2025-05-10T14:00:00+00:00
385726	E. Gonzalez	Missing Fixture	Knee Injury	Wolves	Wolves	39	1208382	2025-05-10T14:00:00+00:00
19143	S. Johnstone	Missing Fixture	Injury	Wolves	Wolves	39	1208382	2025-05-10T14:00:00+00:00
7722	S. Kalajdzic	Missing Fixture	Knee Injury	Wolves	Wolves	39	1208382	2025-05-10T14:00:00+00:00
195717	Y. Mosquera	Missing Fixture	Knee Injury	Wolves	Wolves	39	1208382	2025-05-10T14:00:00+00:00
24888	Hwang Hee-Chan	Questionable	Muscle Injury	Wolves	Wolves	39	1208382	2025-05-10T14:00:00+00:00
10329	Joao Pedro	Missing Fixture	Red Card	Brighton	Brighton	51	1208382	2025-05-10T14:00:00+00:00
1361	F. Kadioglu	Missing Fixture	Toe Injury	Brighton	Brighton	51	1208382	2025-05-10T14:00:00+00:00
18973	S. March	Missing Fixture	Knee Injury	Brighton	Brighton	51	1208382	2025-05-10T14:00:00+00:00
296	J. Milner	Missing Fixture	Thigh Injury	Brighton	Brighton	51	1208382	2025-05-10T14:00:00+00:00
90590	G. Rutter	Missing Fixture	Ankle Injury	Brighton	Brighton	51	1208382	2025-05-10T14:00:00+00:00
1125	R. Christie	Missing Fixture	Groin Injury	Bournemouth	Bournemouth	35	1208373	2025-05-10T16:30:00+00:00
284797	D. Ouattara	Missing Fixture	Groin Injury	Bournemouth	Bournemouth	35	1208373	2025-05-10T16:30:00+00:00
37161	L. Sinisterra	Missing Fixture	Hamstring Injury	Bournemouth	Bournemouth	35	1208373	2025-05-10T16:30:00+00:00
47499	E. Unal	Missing Fixture	Knee Injury	Bournemouth	Bournemouth	35	1208373	2025-05-10T16:30:00+00:00
909	M. Rashford	Missing Fixture	Hamstring Injury	Aston Villa	Aston Villa	66	1208373	2025-05-10T16:30:00+00:00
2926	Y. Tielemans	Missing Fixture	Injury	Aston Villa	Aston Villa	66	1208373	2025-05-10T16:30:00+00:00
284492	L. Hall	Missing Fixture	Foot Injury	Newcastle	Newcastle	34	1208378	2025-05-11T11:00:00+00:00
723	Joelinton	Missing Fixture	Knee Injury	Newcastle	Newcastle	34	1208378	2025-05-11T11:00:00+00:00
18941	M. Targett	Missing Fixture	Thigh Injury	Newcastle	Newcastle	34	1208378	2025-05-11T11:00:00+00:00
422780	A. Anselmino	Missing Fixture	Muscle Injury	Chelsea	Chelsea	49	1208378	2025-05-11T11:00:00+00:00
291476	D. D. Fofana	Missing Fixture	Knee Injury	Chelsea	Chelsea	49	1208378	2025-05-11T11:00:00+00:00
22094	W. Fofana	Missing Fixture	Hamstring Injury	Chelsea	Chelsea	49	1208378	2025-05-11T11:00:00+00:00
329347	O. Kellyman	Missing Fixture	Hamstring Injury	Chelsea	Chelsea	49	1208378	2025-05-11T11:00:00+00:00
63577	M. Mudryk	Missing Fixture	Suspended	Chelsea	Chelsea	49	1208378	2025-05-11T11:00:00+00:00
269	C. Nkunku	Missing Fixture	Knock	Chelsea	Chelsea	49	1208378	2025-05-11T11:00:00+00:00
392270	M. Guiu	Questionable	Muscle Injury	Chelsea	Chelsea	49	1208378	2025-05-11T11:00:00+00:00
284400	T. Collyer	Missing Fixture	Leg Injury	Manchester United	Man United	33	1208377	2025-05-11T13:15:00+00:00
886	D. Dalot	Missing Fixture	Calf Injury	Manchester United	Man United	33	1208377	2025-05-11T13:15:00+00:00
402329	A. Heaven	Missing Fixture	Ankle Injury	Manchester United	Man United	33	1208377	2025-05-11T13:15:00+00:00
2467	L. Martinez	Missing Fixture	Knee Injury	Manchester United	Man United	33	1208377	2025-05-11T13:15:00+00:00
70100	J. Zirkzee	Missing Fixture	Hamstring Injury	Manchester United	Man United	33	1208377	2025-05-11T13:15:00+00:00
532	M. de Ligt	Missing Fixture	Knee Injury	Manchester United	Man United	33	1208377	2025-05-11T13:15:00+00:00
18819	M. Antonio	Missing Fixture	Broken Leg	West Ham	West Ham	48	1208377	2025-05-11T13:15:00+00:00
37724	C. Summerville	Missing Fixture	Hamstring Injury	West Ham	West Ham	48	1208377	2025-05-11T13:15:00+00:00
2298	C. Hudson-Odoi	Missing Fixture	Thigh Injury	Nottingham Forest	Nott'm Forest	65	1208379	2025-05-11T13:15:00+00:00
363695	Murillo	Questionable	Thigh Injury	Nottingham Forest	Nott'm Forest	65	1208379	2025-05-11T13:15:00+00:00
380492	E. da Silva Moreira	Questionable	Ankle Injury	Nottingham Forest	Nott'm Forest	65	1208379	2025-05-11T13:15:00+00:00
19004	B. De Cordova-Reid	Missing Fixture	Injury	Leicester	Leicester	46	1208379	2025-05-11T13:15:00+00:00
303467	I. Fatawu	Missing Fixture	Knee Injury	Leicester	Leicester	46	1208379	2025-05-11T13:15:00+00:00
15870	M. Hermansen	Missing Fixture	Groin Injury	Leicester	Leicester	46	1208379	2025-05-11T13:15:00+00:00
879	S. Mavididi	Missing Fixture	Muscle Injury	Leicester	Leicester	46	1208379	2025-05-11T13:15:00+00:00
18771	R. Pereira	Missing Fixture	Muscle Injury	Leicester	Leicester	46	1208379	2025-05-11T13:15:00+00:00
20079	H. Souttar	Missing Fixture	Ankle Injury	Leicester	Leicester	46	1208379	2025-05-11T13:15:00+00:00
182	H. Winks	Missing Fixture	Coach's decision	Leicester	Leicester	46	1208379	2025-05-11T13:15:00+00:00
347316	L. Bergvall	Missing Fixture	Ankle Injury	Tottenham	Tottenham	47	1208381	2025-05-11T13:15:00+00:00
162498	R. Dragusin	Missing Fixture	Knee Injury	Tottenham	Tottenham	47	1208381	2025-05-11T13:15:00+00:00
18784	J. Maddison	Missing Fixture	Knee Injury	Tottenham	Tottenham	47	1208381	2025-05-11T13:15:00+00:00
3339	C. Doucoure	Missing Fixture	Knee Injury	Crystal Palace	Crystal Palace	52	1208381	2025-05-11T13:15:00+00:00
278898	C. Riad	Missing Fixture	Knee Injury	Crystal Palace	Crystal Palace	52	1208381	2025-05-11T13:15:00+00:00
288102	A. Wharton	Questionable	Ankle Injury	Crystal Palace	Crystal Palace	52	1208381	2025-05-11T13:15:00+00:00
284	J. Gomez	Missing Fixture	Hamstring Injury	Liverpool	Liverpool	40	1208376	2025-05-11T15:30:00+00:00
22224	Gabriel	Missing Fixture	Hamstring Injury	Arsenal	Arsenal	42	1208376	2025-05-11T15:30:00+00:00
643	Gabriel Jesus	Missing Fixture	Knee Injury	Arsenal	Arsenal	42	1208376	2025-05-11T15:30:00+00:00
978	K. Havertz	Missing Fixture	Hamstring Injury	Arsenal	Arsenal	42	1208376	2025-05-11T15:30:00+00:00
2597	T. Tomiyasu	Missing Fixture	Knee Injury	Arsenal	Arsenal	42	1208376	2025-05-11T15:30:00+00:00
19192	J. Ramsey	Missing Fixture	Red Card	Aston Villa	Aston Villa	66	1208384	2025-05-16T18:30:00+00:00
909	M. Rashford	Missing Fixture	Hamstring Injury	Aston Villa	Aston Villa	66	1208384	2025-05-16T18:30:00+00:00
2926	Y. Tielemans	Missing Fixture	Muscle Injury	Aston Villa	Aston Villa	66	1208384	2025-05-16T18:30:00+00:00
347316	L. Bergvall	Missing Fixture	Ankle Injury	Tottenham	Tottenham	47	1208384	2025-05-16T18:30:00+00:00
162498	R. Dragusin	Missing Fixture	Knee Injury	Tottenham	Tottenham	47	1208384	2025-05-16T18:30:00+00:00
30435	D. Kulusevski	Missing Fixture	Knee Injury	Tottenham	Tottenham	47	1208384	2025-05-16T18:30:00+00:00
18784	J. Maddison	Missing Fixture	Knee Injury	Tottenham	Tottenham	47	1208384	2025-05-16T18:30:00+00:00
162552	D. Scarlett	Missing Fixture	Groin Injury	Tottenham	Tottenham	47	1208384	2025-05-16T18:30:00+00:00
1166	T. Werner	Missing Fixture	Hamstring Injury	Tottenham	Tottenham	47	1208384	2025-05-16T18:30:00+00:00
291476	D. D. Fofana	Missing Fixture	Knee Injury	Chelsea	Chelsea	49	1208387	2025-05-16T19:15:00+00:00
22094	W. Fofana	Missing Fixture	Hamstring Injury	Chelsea	Chelsea	49	1208387	2025-05-16T19:15:00+00:00
283058	N. Jackson	Missing Fixture	Red Card	Chelsea	Chelsea	49	1208387	2025-05-16T19:15:00+00:00
329347	O. Kellyman	Missing Fixture	Hamstring Injury	Chelsea	Chelsea	49	1208387	2025-05-16T19:15:00+00:00
63577	M. Mudryk	Missing Fixture	Suspended	Chelsea	Chelsea	49	1208387	2025-05-16T19:15:00+00:00
269	C. Nkunku	Missing Fixture	Knock	Chelsea	Chelsea	49	1208387	2025-05-16T19:15:00+00:00
18	J. Sancho	Missing Fixture	Loan agreement	Chelsea	Chelsea	49	1208387	2025-05-16T19:15:00+00:00
392270	M. Guiu	Questionable	Muscle Injury	Chelsea	Chelsea	49	1208387	2025-05-16T19:15:00+00:00
886	D. Dalot	Missing Fixture	Calf Injury	Manchester United	Man United	33	1208387	2025-05-16T19:15:00+00:00
2467	L. Martinez	Missing Fixture	Knee Injury	Manchester United	Man United	33	1208387	2025-05-16T19:15:00+00:00
342970	L. Yoro	Missing Fixture	Injury	Manchester United	Man United	33	1208387	2025-05-16T19:15:00+00:00
70100	J. Zirkzee	Missing Fixture	Hamstring Injury	Manchester United	Man United	33	1208387	2025-05-16T19:15:00+00:00
532	M. de Ligt	Missing Fixture	Knee Injury	Manchester United	Man United	33	1208387	2025-05-16T19:15:00+00:00
18772	J. Evans	Questionable	Muscle Injury	Manchester United	Man United	33	1208387	2025-05-16T19:15:00+00:00
15884	J. Lindstrom	Missing Fixture	Groin Injury	Everton	Everton	45	1208389	2025-05-18T11:00:00+00:00
24882	O. Mangala	Missing Fixture	Knee Injury	Everton	Everton	45	1208389	2025-05-18T11:00:00+00:00
2936	J. Tarkowski	Missing Fixture	Hamstring Injury	Everton	Everton	45	1208389	2025-05-18T11:00:00+00:00
18873	R. Fraser	Missing Fixture	Injury	Southampton	Southampton	41	1208389	2025-05-18T11:00:00+00:00
263177	A. Gronbaek	Missing Fixture	Achilles Tendon Injury	Southampton	Southampton	41	1208389	2025-05-18T11:00:00+00:00
18918	C. Taylor	Missing Fixture	Groin Injury	Southampton	Southampton	41	1208389	2025-05-18T11:00:00+00:00
171	K. Walker-Peters	Questionable	Illness	Southampton	Southampton	41	1208389	2025-05-18T11:00:00+00:00
18819	M. Antonio	Missing Fixture	Broken Leg	West Ham	West Ham	48	1208392	2025-05-18T13:15:00+00:00
37724	C. Summerville	Missing Fixture	Hamstring Injury	West Ham	West Ham	48	1208392	2025-05-18T13:15:00+00:00
8598	T. Awoniyi	Missing Fixture	Surgery	Nottingham Forest	Nott'm Forest	65	1208392	2025-05-18T13:15:00+00:00
380492	E. da Silva Moreira	Questionable	Ankle Injury	Nottingham Forest	Nott'm Forest	65	1208392	2025-05-18T13:15:00+00:00
153066	F. Carvalho	Missing Fixture	Shoulder Injury	Brentford	Brentford	55	1208385	2025-05-18T14:00:00+00:00
19362	J. Dasilva	Missing Fixture	Knee Injury	Brentford	Brentford	55	1208385	2025-05-18T14:00:00+00:00
25073	V. Janelt	Missing Fixture	Ankle Injury	Brentford	Brentford	55	1208385	2025-05-18T14:00:00+00:00
44871	A. Hickey	Questionable	Hamstring Injury	Brentford	Brentford	55	1208385	2025-05-18T14:00:00+00:00
2920	T. Castagne	Missing Fixture	Ankle Injury	Fulham	Fulham	36	1208385	2025-05-18T14:00:00+00:00
727	R. Nelson	Missing Fixture	Hamstring Injury	Fulham	Fulham	36	1208385	2025-05-18T14:00:00+00:00
19480	H. Reed	Missing Fixture	Calf Injury	Fulham	Fulham	36	1208385	2025-05-18T14:00:00+00:00
195106	Rodrigo Muniz	Missing Fixture	Achilles Tendon Injury	Fulham	Fulham	36	1208385	2025-05-18T14:00:00+00:00
19004	B. De Cordova-Reid	Missing Fixture	Muscle Injury	Leicester	Leicester	46	1208390	2025-05-18T14:00:00+00:00
303467	I. Fatawu	Missing Fixture	Knee Injury	Leicester	Leicester	46	1208390	2025-05-18T14:00:00+00:00
15870	M. Hermansen	Missing Fixture	Groin Injury	Leicester	Leicester	46	1208390	2025-05-18T14:00:00+00:00
879	S. Mavididi	Missing Fixture	Muscle Injury	Leicester	Leicester	46	1208390	2025-05-18T14:00:00+00:00
20079	H. Souttar	Missing Fixture	Ankle Injury	Leicester	Leicester	46	1208390	2025-05-18T14:00:00+00:00
182	H. Winks	Missing Fixture	Coach's decision	Leicester	Leicester	46	1208390	2025-05-18T14:00:00+00:00
20089	W. Burns	Missing Fixture	Knee Injury	Ipswich	Ipswich	57	1208390	2025-05-18T14:00:00+00:00
616	A. Muric	Missing Fixture	Shoulder Injury	Ipswich	Ipswich	57	1208390	2025-05-18T14:00:00+00:00
19365	C. Ogbene	Missing Fixture	Calf Injury	Ipswich	Ipswich	57	1208390	2025-05-18T14:00:00+00:00
19130	K. Phillips	Missing Fixture	Calf Injury	Ipswich	Ipswich	57	1208390	2025-05-18T14:00:00+00:00
138931	J. Philogene	Missing Fixture	Knee Injury	Ipswich	Ipswich	57	1208390	2025-05-18T14:00:00+00:00
17579	S. Szmodics	Questionable	Ankle Injury	Ipswich	Ipswich	57	1208390	2025-05-18T14:00:00+00:00
19152	C. Townsend	Questionable	Thigh Injury	Ipswich	Ipswich	57	1208390	2025-05-18T14:00:00+00:00
22224	Gabriel	Missing Fixture	Hamstring Injury	Arsenal	Arsenal	42	1208383	2025-05-18T15:30:00+00:00
643	Gabriel Jesus	Missing Fixture	Knee Injury	Arsenal	Arsenal	42	1208383	2025-05-18T15:30:00+00:00
47311	M. Merino	Missing Fixture	Red Card	Arsenal	Arsenal	42	1208383	2025-05-18T15:30:00+00:00
2597	T. Tomiyasu	Missing Fixture	Knee Injury	Arsenal	Arsenal	42	1208383	2025-05-18T15:30:00+00:00
284492	L. Hall	Missing Fixture	Foot Injury	Newcastle	Newcastle	34	1208383	2025-05-18T15:30:00+00:00
723	Joelinton	Missing Fixture	Knee Injury	Newcastle	Newcastle	34	1208383	2025-05-18T15:30:00+00:00
18941	M. Targett	Missing Fixture	Thigh Injury	Newcastle	Newcastle	34	1208383	2025-05-18T15:30:00+00:00
169	K. Trippier	Missing Fixture	Calf Injury	Newcastle	Newcastle	34	1208383	2025-05-18T15:30:00+00:00
1361	F. Kadioglu	Missing Fixture	Toe Injury	Brighton	Brighton	51	1208386	2025-05-19T19:00:00+00:00
18973	S. March	Missing Fixture	Knee Injury	Brighton	Brighton	51	1208386	2025-05-19T19:00:00+00:00
296	J. Milner	Missing Fixture	Thigh Injury	Brighton	Brighton	51	1208386	2025-05-19T19:00:00+00:00
90590	G. Rutter	Missing Fixture	Ankle Injury	Brighton	Brighton	51	1208386	2025-05-19T19:00:00+00:00
3339	C. Doucoure	Missing Fixture	Knee Injury	Crystal Palace	Crystal Palace	52	1208388	2025-05-20T19:00:00+00:00
67971	M. Guehi	Missing Fixture	Concussion	Crystal Palace	Crystal Palace	52	1208388	2025-05-20T19:00:00+00:00
278898	C. Riad	Missing Fixture	Knee Injury	Crystal Palace	Crystal Palace	52	1208388	2025-05-20T19:00:00+00:00
288102	A. Wharton	Missing Fixture	Head Injury	Crystal Palace	Crystal Palace	52	1208388	2025-05-20T19:00:00+00:00
380653	L. Chiwome	Missing Fixture	Knee Injury	Wolves	Wolves	39	1208388	2025-05-20T19:00:00+00:00
385726	E. Gonzalez	Missing Fixture	Knee Injury	Wolves	Wolves	39	1208388	2025-05-20T19:00:00+00:00
19143	S. Johnstone	Missing Fixture	Injury	Wolves	Wolves	39	1208388	2025-05-20T19:00:00+00:00
7722	S. Kalajdzic	Missing Fixture	Knee Injury	Wolves	Wolves	39	1208388	2025-05-20T19:00:00+00:00
195717	Y. Mosquera	Missing Fixture	Knee Injury	Wolves	Wolves	39	1208388	2025-05-20T19:00:00+00:00
1590	J. Sa	Missing Fixture	Coach's decision	Wolves	Wolves	39	1208388	2025-05-20T19:00:00+00:00
144732	T. Doyle	Questionable	Knock	Wolves	Wolves	39	1208388	2025-05-20T19:00:00+00:00
266657	Savinho	Missing Fixture	Coach's decision	Manchester City	Man City	50	1208391	2025-05-20T19:00:00+00:00
626	J. Stones	Missing Fixture	Thigh Injury	Manchester City	Man City	50	1208391	2025-05-20T19:00:00+00:00
1125	R. Christie	Missing Fixture	Groin Injury	Bournemouth	Bournemouth	35	1208391	2025-05-20T19:00:00+00:00
284797	D. Ouattara	Missing Fixture	Groin Injury	Bournemouth	Bournemouth	35	1208391	2025-05-20T19:00:00+00:00
304853	A. Scott	Missing Fixture	Jaw injury	Bournemouth	Bournemouth	35	1208391	2025-05-20T19:00:00+00:00
37161	L. Sinisterra	Missing Fixture	Hamstring Injury	Bournemouth	Bournemouth	35	1208391	2025-05-20T19:00:00+00:00
47499	E. Unal	Missing Fixture	Knee Injury	Bournemouth	Bournemouth	35	1208391	2025-05-20T19:00:00+00:00
1125	R. Christie	Missing Fixture	Groin Injury	Bournemouth	Bournemouth	35	1208393	2025-05-25T15:00:00+00:00
18872	L. Cook	Missing Fixture	Red Card	Bournemouth	Bournemouth	35	1208393	2025-05-25T15:00:00+00:00
284797	D. Ouattara	Missing Fixture	Groin Injury	Bournemouth	Bournemouth	35	1208393	2025-05-25T15:00:00+00:00
37161	L. Sinisterra	Missing Fixture	Hamstring Injury	Bournemouth	Bournemouth	35	1208393	2025-05-25T15:00:00+00:00
47499	E. Unal	Missing Fixture	Knee Injury	Bournemouth	Bournemouth	35	1208393	2025-05-25T15:00:00+00:00
19004	B. De Cordova-Reid	Missing Fixture	Muscle Injury	Leicester	Leicester	46	1208393	2025-05-25T15:00:00+00:00
303467	I. Fatawu	Missing Fixture	Knee Injury	Leicester	Leicester	46	1208393	2025-05-25T15:00:00+00:00
15870	M. Hermansen	Missing Fixture	Groin Injury	Leicester	Leicester	46	1208393	2025-05-25T15:00:00+00:00
879	S. Mavididi	Missing Fixture	Muscle Injury	Leicester	Leicester	46	1208393	2025-05-25T15:00:00+00:00
182	H. Winks	Missing Fixture	Coach's decision	Leicester	Leicester	46	1208393	2025-05-25T15:00:00+00:00
2920	T. Castagne	Missing Fixture	Ankle Injury	Fulham	Fulham	36	1208394	2025-05-25T15:00:00+00:00
727	R. Nelson	Missing Fixture	Hamstring Injury	Fulham	Fulham	36	1208394	2025-05-25T15:00:00+00:00
19480	H. Reed	Missing Fixture	Calf Injury	Fulham	Fulham	36	1208394	2025-05-25T15:00:00+00:00
195106	Rodrigo Muniz	Missing Fixture	Achilles Tendon Injury	Fulham	Fulham	36	1208394	2025-05-25T15:00:00+00:00
19187	J. Grealish	Missing Fixture	Coach's decision	Manchester City	Man City	50	1208394	2025-05-25T15:00:00+00:00
2291	M. Kovacic	Missing Fixture	Red Card	Manchester City	Man City	50	1208394	2025-05-25T15:00:00+00:00
626	J. Stones	Missing Fixture	Thigh Injury	Manchester City	Man City	50	1208394	2025-05-25T15:00:00+00:00
20089	W. Burns	Missing Fixture	Knee Injury	Ipswich	Ipswich	57	1208395	2025-05-25T15:00:00+00:00
616	A. Muric	Missing Fixture	Shoulder Injury	Ipswich	Ipswich	57	1208395	2025-05-25T15:00:00+00:00
19365	C. Ogbene	Missing Fixture	Calf Injury	Ipswich	Ipswich	57	1208395	2025-05-25T15:00:00+00:00
19130	K. Phillips	Missing Fixture	Calf Injury	Ipswich	Ipswich	57	1208395	2025-05-25T15:00:00+00:00
138931	J. Philogene	Missing Fixture	Knee Injury	Ipswich	Ipswich	57	1208395	2025-05-25T15:00:00+00:00
19152	C. Townsend	Missing Fixture	Thigh Injury	Ipswich	Ipswich	57	1208395	2025-05-25T15:00:00+00:00
18819	M. Antonio	Missing Fixture	Broken Leg	West Ham	West Ham	48	1208395	2025-05-25T15:00:00+00:00
37724	C. Summerville	Missing Fixture	Hamstring Injury	West Ham	West Ham	48	1208395	2025-05-25T15:00:00+00:00
6716	A. Mac Allister	Missing Fixture	Rest	Liverpool	Liverpool	40	1208396	2025-05-25T15:00:00+00:00
3339	C. Doucoure	Missing Fixture	Knee Injury	Crystal Palace	Crystal Palace	52	1208396	2025-05-25T15:00:00+00:00
67971	M. Guehi	Missing Fixture	Concussion	Crystal Palace	Crystal Palace	52	1208396	2025-05-25T15:00:00+00:00
278898	C. Riad	Missing Fixture	Knee Injury	Crystal Palace	Crystal Palace	52	1208396	2025-05-25T15:00:00+00:00
288102	A. Wharton	Missing Fixture	Head Injury	Crystal Palace	Crystal Palace	52	1208396	2025-05-25T15:00:00+00:00
2933	B. Chilwell	Questionable	Illness	Crystal Palace	Crystal Palace	52	1208396	2025-05-25T15:00:00+00:00
18862	N. Clyne	Questionable	Illness	Crystal Palace	Crystal Palace	52	1208396	2025-05-25T15:00:00+00:00
2467	L. Martinez	Missing Fixture	Knee Injury	Manchester United	Man United	33	1208397	2025-05-25T15:00:00+00:00
342970	L. Yoro	Missing Fixture	Knock	Manchester United	Man United	33	1208397	2025-05-25T15:00:00+00:00
532	M. de Ligt	Missing Fixture	Knee Injury	Manchester United	Man United	33	1208397	2025-05-25T15:00:00+00:00
909	M. Rashford	Missing Fixture	Hamstring Injury	Aston Villa	Aston Villa	66	1208397	2025-05-25T15:00:00+00:00
284492	L. Hall	Missing Fixture	Foot Injury	Newcastle	Newcastle	34	1208398	2025-05-25T15:00:00+00:00
723	Joelinton	Missing Fixture	Knee Injury	Newcastle	Newcastle	34	1208398	2025-05-25T15:00:00+00:00
18941	M. Targett	Missing Fixture	Thigh Injury	Newcastle	Newcastle	34	1208398	2025-05-25T15:00:00+00:00
17661	J. Branthwaite	Missing Fixture	Hamstring Injury	Everton	Everton	45	1208398	2025-05-25T15:00:00+00:00
18758	S. Coleman	Missing Fixture	Thigh Injury	Everton	Everton	45	1208398	2025-05-25T15:00:00+00:00
15884	J. Lindstrom	Missing Fixture	Groin Injury	Everton	Everton	45	1208398	2025-05-25T15:00:00+00:00
24882	O. Mangala	Missing Fixture	Knee Injury	Everton	Everton	45	1208398	2025-05-25T15:00:00+00:00
2936	J. Tarkowski	Missing Fixture	Hamstring Injury	Everton	Everton	45	1208398	2025-05-25T15:00:00+00:00
8598	T. Awoniyi	Missing Fixture	Surgery	Nottingham Forest	Nott'm Forest	65	1208399	2025-05-25T15:00:00+00:00
380492	E. da Silva Moreira	Missing Fixture	Ankle Injury	Nottingham Forest	Nott'm Forest	65	1208399	2025-05-25T15:00:00+00:00
422780	A. Anselmino	Missing Fixture	Thigh Injury	Chelsea	Chelsea	49	1208399	2025-05-25T15:00:00+00:00
22094	W. Fofana	Missing Fixture	Hamstring Injury	Chelsea	Chelsea	49	1208399	2025-05-25T15:00:00+00:00
283058	N. Jackson	Missing Fixture	Red Card	Chelsea	Chelsea	49	1208399	2025-05-25T15:00:00+00:00
329347	O. Kellyman	Missing Fixture	Hamstring Injury	Chelsea	Chelsea	49	1208399	2025-05-25T15:00:00+00:00
63577	M. Mudryk	Missing Fixture	Suspended	Chelsea	Chelsea	49	1208399	2025-05-25T15:00:00+00:00
2999	J. Bednarek	Missing Fixture	Knee Injury	Southampton	Southampton	41	1208400	2025-05-25T15:00:00+00:00
263177	A. Gronbaek	Missing Fixture	Achilles Tendon Injury	Southampton	Southampton	41	1208400	2025-05-25T15:00:00+00:00
144729	T. Harwood-Bellis	Missing Fixture	Ankle Injury	Southampton	Southampton	41	1208400	2025-05-25T15:00:00+00:00
171	K. Walker-Peters	Missing Fixture	Illness	Southampton	Southampton	41	1208400	2025-05-25T15:00:00+00:00
22224	Gabriel	Missing Fixture	Hamstring Injury	Arsenal	Arsenal	42	1208400	2025-05-25T15:00:00+00:00
643	Gabriel Jesus	Missing Fixture	Knee Injury	Arsenal	Arsenal	42	1208400	2025-05-25T15:00:00+00:00
22090	W. Saliba	Missing Fixture	Injury	Arsenal	Arsenal	42	1208400	2025-05-25T15:00:00+00:00
38746	J. Timber	Missing Fixture	Ankle Injury	Arsenal	Arsenal	42	1208400	2025-05-25T15:00:00+00:00
2597	T. Tomiyasu	Missing Fixture	Knee Injury	Arsenal	Arsenal	42	1208400	2025-05-25T15:00:00+00:00
347316	L. Bergvall	Missing Fixture	Ankle Injury	Tottenham	Tottenham	47	1208401	2025-05-25T15:00:00+00:00
162498	R. Dragusin	Missing Fixture	Knee Injury	Tottenham	Tottenham	47	1208401	2025-05-25T15:00:00+00:00
30435	D. Kulusevski	Missing Fixture	Knee Injury	Tottenham	Tottenham	47	1208401	2025-05-25T15:00:00+00:00
18784	J. Maddison	Missing Fixture	Knee Injury	Tottenham	Tottenham	47	1208401	2025-05-25T15:00:00+00:00
30776	C. Romero	Missing Fixture	Toe Injury	Tottenham	Tottenham	47	1208401	2025-05-25T15:00:00+00:00
162552	D. Scarlett	Missing Fixture	Groin Injury	Tottenham	Tottenham	47	1208401	2025-05-25T15:00:00+00:00
186	Son Heung-Min	Missing Fixture	Foot Injury	Tottenham	Tottenham	47	1208401	2025-05-25T15:00:00+00:00
1166	T. Werner	Missing Fixture	Thigh Injury	Tottenham	Tottenham	47	1208401	2025-05-25T15:00:00+00:00
10329	Joao Pedro	Missing Fixture	Personal Reasons	Brighton	Brighton	51	1208401	2025-05-25T15:00:00+00:00
1361	F. Kadioglu	Missing Fixture	Toe Injury	Brighton	Brighton	51	1208401	2025-05-25T15:00:00+00:00
138815	T. Lamptey	Missing Fixture	Knee Injury	Brighton	Brighton	51	1208401	2025-05-25T15:00:00+00:00
18973	S. March	Missing Fixture	Knee Injury	Brighton	Brighton	51	1208401	2025-05-25T15:00:00+00:00
90590	G. Rutter	Missing Fixture	Ankle Injury	Brighton	Brighton	51	1208401	2025-05-25T15:00:00+00:00
18960	J. Steele	Missing Fixture	Hand Injury	Brighton	Brighton	51	1208401	2025-05-25T15:00:00+00:00
380653	L. Chiwome	Missing Fixture	Knee Injury	Wolves	Wolves	39	1208402	2025-05-25T15:00:00+00:00
144732	T. Doyle	Missing Fixture	Knock	Wolves	Wolves	39	1208402	2025-05-25T15:00:00+00:00
385726	E. Gonzalez	Missing Fixture	Knee Injury	Wolves	Wolves	39	1208402	2025-05-25T15:00:00+00:00
19143	S. Johnstone	Missing Fixture	Injury	Wolves	Wolves	39	1208402	2025-05-25T15:00:00+00:00
7722	S. Kalajdzic	Missing Fixture	Knee Injury	Wolves	Wolves	39	1208402	2025-05-25T15:00:00+00:00
195717	Y. Mosquera	Missing Fixture	Knee Injury	Wolves	Wolves	39	1208402	2025-05-25T15:00:00+00:00
153066	F. Carvalho	Missing Fixture	Shoulder Injury	Brentford	Brentford	55	1208402	2025-05-25T15:00:00+00:00
19362	J. Dasilva	Missing Fixture	Knee Injury	Brentford	Brentford	55	1208402	2025-05-25T15:00:00+00:00
25073	V. Janelt	Missing Fixture	Heel Injury	Brentford	Brentford	55	1208402	2025-05-25T15:00:00+00:00
