MatchDate	HomeTeam_Understat	AwayTeam_Understat	HomeTeam	AwayTeam	HomeXG_Understat	AwayXG_Understat	Forecast_HomeWin	Forecast_Draw	Forecast_AwayWin	Season
2014-08-16	Arsenal	Crystal Palace	Arsenal	Crystal Palace	1.5541	0.1582	0.9002	0.094	0.0058	2014
2014-08-16	Leicester	Everton	Leicester	Everton	1.2783	0.6133	0.5513	0.2922	0.1565	2014
2014-08-16	Manchester United	Swansea	Man United	Swansea	1.1663	0.2781	0.6519	0.2802	0.0679	2014
2014-08-16	Queens Park Rangers	Hull	Queens Park Rangers	Hull	1.9007	1.1176	0.59	0.2449	0.1651	2014
2014-08-16	Stoke	Aston Villa	Stoke	Aston Villa	0.4234	0.9098	0.1468	0.3637	0.4895	2014
2014-08-16	West Bromwich Albion	Sunderland	West Bromwich Albion	Sunderland	1.6834	0.9919	0.5894	0.2676	0.143	2014
2014-08-16	West Ham	Tottenham	West Ham	Tottenham	1.8531	1.0171	0.5856	0.2648	0.1496	2014
2014-08-17	Newcastle United	Manchester City	Newcastle	Man City	0.9656	1.4805	0.2231	0.2729	0.504	2014
2014-08-17	Liverpool	Southampton	Liverpool	Southampton	1.3319	1.5525	0.2941	0.2954	0.4105	2014
2014-08-18	Burnley	Chelsea	Burnley	Chelsea	0.3711	2.13	0.0303	0.1173	0.8524	2014
2014-08-23	Swansea	Burnley	Swansea	Burnley	0.9142	0.8433	0.361	0.3401	0.2989	2014
2014-08-23	Aston Villa	Newcastle United	Aston Villa	Newcastle	0.5075	0.6993	0.2289	0.419	0.3521	2014
2014-08-23	Chelsea	Leicester	Chelsea	Leicester	2.0294	0.5509	0.7641	0.178	0.0579	2014
2014-08-23	Crystal Palace	West Ham	Crystal Palace	West Ham	0.6173	1.3396	0.1513	0.2899	0.5588	2014
2014-08-23	Everton	Arsenal	Everton	Arsenal	1.3343	1.4336	0.3291	0.2917	0.3792	2014
2014-08-23	Southampton	West Bromwich Albion	Southampton	West Bromwich Albion	0.6659	0.6658	0.2969	0.3865	0.3166	2014
2014-08-24	Tottenham	Queens Park Rangers	Tottenham	Queens Park Rangers	2.3889	1.0762	0.6971	0.1853	0.1176	2014
2014-08-24	Hull	Stoke	Hull	Stoke	0.8702	1.6092	0.1493	0.2787	0.572	2014
2014-08-24	Sunderland	Manchester United	Sunderland	Man United	0.6665	0.9416	0.207	0.3525	0.4405	2014
2014-08-25	Manchester City	Liverpool	Man City	Liverpool	1.3137	0.9019	0.4832	0.2945	0.2223	2014
2014-08-30	Burnley	Manchester United	Burnley	Man United	0.5137	0.4673	0.279	0.4767	0.2443	2014
2014-08-30	Everton	Chelsea	Everton	Chelsea	1.4491	2.0267	0.2489	0.2327	0.5184	2014
2014-08-30	Manchester City	Stoke	Man City	Stoke	0.8918	0.2998	0.4902	0.3909	0.1189	2014
2014-08-30	Newcastle United	Crystal Palace	Newcastle	Crystal Palace	1.6978	1.6606	0.3485	0.3099	0.3416	2014
2014-08-30	Queens Park Rangers	Sunderland	Queens Park Rangers	Sunderland	1.2728	0.9643	0.4306	0.2973	0.2721	2014
2014-08-30	Swansea	West Bromwich Albion	Swansea	West Bromwich Albion	2.0264	0.6967	0.7305	0.1799	0.0896	2014
2014-08-30	West Ham	Southampton	West Ham	Southampton	0.6352	1.5751	0.1053	0.2649	0.6298	2014
2014-08-31	Aston Villa	Hull	Aston Villa	Hull	0.6393	0.2889	0.3763	0.4786	0.1451	2014
2014-08-31	Leicester	Arsenal	Leicester	Arsenal	0.8097	2.2965	0.0802	0.1733	0.7465	2014
2014-08-31	Tottenham	Liverpool	Tottenham	Liverpool	0.4859	2.7432	0.0243	0.0855	0.8902	2014
2014-09-13	Stoke	Leicester	Stoke	Leicester	1.6478	0.5983	0.6489	0.2449	0.1062	2014
2014-09-13	West Bromwich Albion	Everton	West Bromwich Albion	Everton	0.6021	0.8075	0.2298	0.3838	0.3864	2014
2014-09-13	Southampton	Newcastle United	Southampton	Newcastle	2.1174	1.1503	0.6428	0.2179	0.1393	2014
2014-09-13	Sunderland	Tottenham	Sunderland	Tottenham	0.339	2.0369	0.0273	0.1189	0.8538	2014
2014-09-13	Crystal Palace	Burnley	Crystal Palace	Burnley	0.7805	1.2493	0.181	0.3057	0.5133	2014
2014-09-13	Arsenal	Manchester City	Arsenal	Man City	2.078	2.3083	0.3332	0.2275	0.4393	2014
2014-09-13	Liverpool	Aston Villa	Liverpool	Aston Villa	0.7281	0.7017	0.3062	0.3781	0.3157	2014
2014-09-13	Chelsea	Swansea	Chelsea	Swansea	3.5658	1.0215	0.8801	0.0805	0.0394	2014
2014-09-14	Manchester United	Queens Park Rangers	Man United	Queens Park Rangers	2.2091	0.5635	0.7954	0.1501	0.0545	2014
2014-09-15	Hull	West Ham	Hull	West Ham	0.4391	0.6617	0.2056	0.4322	0.3622	2014
2014-09-20	Swansea	Southampton	Swansea	Southampton	0.5203	0.7502	0.2318	0.4034	0.3648	2014
2014-09-20	Newcastle United	Hull	Newcastle	Hull	1.9163	0.8543	0.6543	0.2329	0.1128	2014
2014-09-20	West Ham	Liverpool	West Ham	Liverpool	1.2603	0.3784	0.658	0.2627	0.0793	2014
2014-09-20	Aston Villa	Arsenal	Aston Villa	Arsenal	0.649	1.3622	0.1284	0.306	0.5656	2014
2014-09-20	Burnley	Sunderland	Burnley	Sunderland	0.7107	0.6435	0.3224	0.3939	0.2837	2014
2014-09-20	Queens Park Rangers	Stoke	Queens Park Rangers	Stoke	1.0564	1.4585	0.2286	0.2879	0.4835	2014
2014-09-21	Everton	Crystal Palace	Everton	Crystal Palace	2.5612	1.6289	0.6149	0.2223	0.1628	2014
2014-09-21	Leicester	Manchester United	Leicester	Man United	2.5422	1.7119	0.5831	0.222	0.1949	2014
2014-09-21	Manchester City	Chelsea	Man City	Chelsea	1.0559	1.0209	0.3206	0.3432	0.3362	2014
2014-09-21	Tottenham	West Bromwich Albion	Tottenham	West Bromwich Albion	0.4386	1.084	0.1323	0.3201	0.5476	2014
2014-09-27	Liverpool	Everton	Liverpool	Everton	1.5286	0.4759	0.6695	0.2444	0.0861	2014
2014-09-27	Sunderland	Swansea	Sunderland	Swansea	1.3965	0.1564	0.7502	0.2161	0.0337	2014
2014-09-27	Southampton	Queens Park Rangers	Southampton	Queens Park Rangers	2.3446	0.4563	0.8453	0.1171	0.0376	2014
2014-09-27	Manchester United	West Ham	Man United	West Ham	0.5202	1.2745	0.1379	0.2828	0.5793	2014
2014-09-27	Hull	Manchester City	Hull	Man City	1.1237	1.7895	0.1907	0.2768	0.5325	2014
2014-09-27	Chelsea	Aston Villa	Chelsea	Aston Villa	3.1422	0.2289	0.9825	0.0153	0.0022	2014
2014-09-27	Arsenal	Tottenham	Arsenal	Tottenham	1.2647	0.6735	0.5176	0.3123	0.1701	2014
2014-09-27	Crystal Palace	Leicester	Crystal Palace	Leicester	2.1144	0.4535	0.8643	0.1139	0.0218	2014
2014-09-28	West Bromwich Albion	Burnley	West Bromwich Albion	Burnley	1.8113	0.4738	0.7628	0.1787	0.0585	2014
2014-09-29	Stoke	Newcastle United	Stoke	Newcastle	1.562	1.1399	0.4727	0.2988	0.2285	2014
2014-10-04	Swansea	Newcastle United	Swansea	Newcastle	1.5524	1.186	0.453	0.2825	0.2645	2014
2014-10-04	Sunderland	Stoke	Sunderland	Stoke	1.4055	0.4782	0.663	0.2474	0.0896	2014
2014-10-04	Liverpool	West Bromwich Albion	Liverpool	West Bromwich Albion	1.5616	1.4384	0.3724	0.2834	0.3442	2014
2014-10-04	Hull	Crystal Palace	Hull	Crystal Palace	1.0721	0.6161	0.4669	0.3387	0.1944	2014
2014-10-04	Aston Villa	Manchester City	Aston Villa	Man City	0.6903	2.3063	0.0746	0.1696	0.7558	2014
2014-10-04	Leicester	Burnley	Leicester	Burnley	1.5777	0.9577	0.5257	0.2955	0.1788	2014
2014-10-05	Chelsea	Arsenal	Chelsea	Arsenal	1.4026	0.3307	0.7402	0.2091	0.0507	2014
2014-10-05	Manchester United	Everton	Man United	Everton	1.6239	2.1356	0.2465	0.2522	0.5013	2014
2014-10-05	Tottenham	Southampton	Tottenham	Southampton	0.8987	1.1459	0.2556	0.3285	0.4159	2014
2014-10-05	West Ham	Queens Park Rangers	West Ham	Queens Park Rangers	1.6404	0.6973	0.6639	0.248	0.0881	2014
2014-10-18	Newcastle United	Leicester	Newcastle	Leicester	2.1929	0.6504	0.7764	0.1607	0.0629	2014
2014-10-18	Southampton	Sunderland	Southampton	Sunderland	3.711	0.9217	0.9196	0.0569	0.0235	2014
2014-10-18	Manchester City	Tottenham	Man City	Tottenham	3.7504	2.3231	0.7036	0.1608	0.1356	2014
2014-10-18	Burnley	West Ham	Burnley	West Ham	1.744	2.8414	0.1751	0.1868	0.6381	2014
2014-10-18	Crystal Palace	Chelsea	Crystal Palace	Chelsea	1.1678	1.0151	0.4024	0.3215	0.2761	2014
2014-10-18	Arsenal	Hull	Arsenal	Hull	2.1484	0.5521	0.7906	0.1566	0.0528	2014
2014-10-18	Everton	Aston Villa	Everton	Aston Villa	1.6702	0.372	0.7634	0.1842	0.0524	2014
2014-10-19	Queens Park Rangers	Liverpool	Queens Park Rangers	Liverpool	2.6085	1.5181	0.6523	0.1947	0.153	2014
2014-10-19	Stoke	Swansea	Stoke	Swansea	1.7584	2.2683	0.22	0.2657	0.5143	2014
2014-10-20	West Bromwich Albion	Manchester United	West Bromwich Albion	Man United	0.6166	0.934	0.2368	0.3588	0.4044	2014
2014-10-25	Liverpool	Hull	Liverpool	Hull	0.6789	0.223	0.438	0.4587	0.1033	2014
2014-10-25	Southampton	Stoke	Southampton	Stoke	1.3758	0.8676	0.4816	0.3034	0.215	2014
2014-10-25	Sunderland	Arsenal	Sunderland	Arsenal	0.4415	1.4708	0.0858	0.2344	0.6798	2014
2014-10-25	Swansea	Leicester	Swansea	Leicester	1.056	0.7734	0.4102	0.3673	0.2225	2014
2014-10-25	West Bromwich Albion	Crystal Palace	West Bromwich Albion	Crystal Palace	1.4572	1.7735	0.2317	0.3066	0.4617	2014
2014-10-25	West Ham	Manchester City	West Ham	Man City	2.6263	1.8643	0.5666	0.2249	0.2085	2014
2014-10-26	Burnley	Everton	Burnley	Everton	1.5556	1.3219	0.44	0.2695	0.2905	2014
2014-10-26	Manchester United	Chelsea	Man United	Chelsea	1.8407	0.9899	0.5939	0.2397	0.1664	2014
2014-10-26	Tottenham	Newcastle United	Tottenham	Newcastle	2.0373	0.7397	0.7147	0.1904	0.0949	2014
2014-10-27	Queens Park Rangers	Aston Villa	Queens Park Rangers	Aston Villa	0.8167	1.1871	0.2245	0.3226	0.4529	2014
2014-11-01	Stoke	West Ham	Stoke	West Ham	3.0695	0.5287	0.9172	0.064	0.0188	2014
2014-11-01	Newcastle United	Liverpool	Newcastle	Liverpool	1.5686	0.259	0.7573	0.2005	0.0422	2014
2014-11-01	Leicester	West Bromwich Albion	Leicester	West Bromwich Albion	1.41	0.5624	0.6162	0.2617	0.1221	2014
2014-11-01	Chelsea	Queens Park Rangers	Chelsea	Queens Park Rangers	2.237	0.5101	0.8323	0.1305	0.0372	2014
2014-11-01	Everton	Swansea	Everton	Swansea	1.1478	0.6944	0.4808	0.3166	0.2026	2014
2014-11-01	Hull	Southampton	Hull	Southampton	0.2567	1.9048	0.0218	0.1186	0.8596	2014
2014-11-01	Arsenal	Burnley	Arsenal	Burnley	4.3298	0.6843	0.9785	0.0185	0.003	2014
2014-11-02	Aston Villa	Tottenham	Aston Villa	Tottenham	0.8723	2.5417	0.0735	0.1434	0.7831	2014
2014-11-02	Manchester City	Manchester United	Man City	Man United	2.5672	0.7279	0.8103	0.1337	0.056	2014
2014-11-03	Crystal Palace	Sunderland	Crystal Palace	Sunderland	0.766	0.728	0.3325	0.3789	0.2886	2014
2014-11-08	West Ham	Aston Villa	West Ham	Aston Villa	1.4787	0.5609	0.6129	0.2617	0.1254	2014
2014-11-08	Burnley	Hull	Burnley	Hull	1.1032	0.5267	0.5098	0.3205	0.1697	2014
2014-11-08	Liverpool	Chelsea	Liverpool	Chelsea	0.5319	1.972	0.0558	0.1581	0.7861	2014
2014-11-08	Manchester United	Crystal Palace	Man United	Crystal Palace	0.9568	0.4008	0.4956	0.3562	0.1482	2014
2014-11-08	Queens Park Rangers	Manchester City	Queens Park Rangers	Man City	1.8649	1.7019	0.4269	0.2369	0.3362	2014
2014-11-08	Southampton	Leicester	Southampton	Leicester	1.0053	0.5404	0.4702	0.3495	0.1803	2014
2014-11-09	West Bromwich Albion	Newcastle United	West Bromwich Albion	Newcastle	0.7652	0.6944	0.3328	0.3784	0.2888	2014
2014-11-09	Tottenham	Stoke	Tottenham	Stoke	1.2838	1.2487	0.3576	0.3086	0.3338	2014
2014-11-09	Sunderland	Everton	Sunderland	Everton	0.5083	1.319	0.099	0.2675	0.6335	2014
2014-11-09	Swansea	Arsenal	Swansea	Arsenal	0.5205	1.777	0.0746	0.1953	0.7301	2014
2014-11-22	Arsenal	Manchester United	Arsenal	Man United	2.0019	1.2791	0.5502	0.2382	0.2116	2014
2014-11-22	Chelsea	West Bromwich Albion	Chelsea	West Bromwich Albion	4.3661	0.093	0.9972	0.0027	0.0001	2014
2014-11-22	Everton	West Ham	Everton	West Ham	1.8265	1.1196	0.5595	0.2532	0.1873	2014
2014-11-22	Leicester	Sunderland	Leicester	Sunderland	0.6859	0.89	0.2549	0.3538	0.3913	2014
2014-11-22	Manchester City	Swansea	Man City	Swansea	2.2631	0.957	0.6889	0.1952	0.1159	2014
2014-11-22	Newcastle United	Queens Park Rangers	Newcastle	Queens Park Rangers	1.4787	0.4023	0.6881	0.2326	0.0793	2014
2014-11-22	Stoke	Burnley	Stoke	Burnley	1.9431	1.2753	0.5312	0.2665	0.2023	2014
2014-11-23	Crystal Palace	Liverpool	Crystal Palace	Liverpool	1.4731	0.953	0.5077	0.2767	0.2156	2014
2014-11-23	Hull	Tottenham	Hull	Tottenham	0.9424	2.1644	0.1149	0.2036	0.6815	2014
2014-11-24	Aston Villa	Southampton	Aston Villa	Southampton	1.1323	0.8632	0.4408	0.3094	0.2498	2014
2014-11-29	West Ham	Newcastle United	West Ham	Newcastle	1.0998	0.2466	0.6284	0.3009	0.0707	2014
2014-11-29	West Bromwich Albion	Arsenal	West Bromwich Albion	Arsenal	0.3153	1.056	0.1034	0.3499	0.5467	2014
2014-11-29	Sunderland	Chelsea	Sunderland	Chelsea	1.0313	0.7612	0.4317	0.327	0.2413	2014
2014-11-29	Swansea	Crystal Palace	Swansea	Crystal Palace	1.4626	1.5096	0.3252	0.2902	0.3846	2014
2014-11-29	Manchester United	Hull	Man United	Hull	1.7689	0.2304	0.8741	0.112	0.0139	2014
2014-11-29	Liverpool	Stoke	Liverpool	Stoke	1.7103	0.8754	0.604	0.2659	0.1301	2014
2014-11-29	Burnley	Aston Villa	Burnley	Aston Villa	2.3058	1.0873	0.6998	0.1782	0.122	2014
2014-11-29	Queens Park Rangers	Leicester	Queens Park Rangers	Leicester	2.9819	2.1001	0.5903	0.2033	0.2064	2014
2014-11-30	Southampton	Manchester City	Southampton	Man City	0.8044	2.1321	0.0827	0.1876	0.7297	2014
2014-11-30	Tottenham	Everton	Tottenham	Everton	1.1311	0.9343	0.4026	0.3157	0.2817	2014
2014-12-02	West Bromwich Albion	West Ham	West Bromwich Albion	West Ham	1.413	1.2443	0.379	0.3093	0.3117	2014
2014-12-02	Swansea	Queens Park Rangers	Swansea	Queens Park Rangers	1.5421	0.7895	0.5564	0.276	0.1676	2014
2014-12-02	Manchester United	Stoke	Man United	Stoke	1.911	1.2909	0.5154	0.2905	0.1941	2014
2014-12-02	Crystal Palace	Aston Villa	Crystal Palace	Aston Villa	0.8017	0.1924	0.5024	0.4168	0.0808	2014
2014-12-02	Burnley	Newcastle United	Burnley	Newcastle	0.6785	1.0006	0.2281	0.3272	0.4447	2014
2014-12-02	Leicester	Liverpool	Leicester	Liverpool	1.2393	1.3012	0.3207	0.2918	0.3875	2014
2014-12-03	Arsenal	Southampton	Arsenal	Southampton	2.3733	0.571	0.817	0.1378	0.0452	2014
2014-12-03	Chelsea	Tottenham	Chelsea	Tottenham	1.7195	0.2892	0.7654	0.1874	0.0472	2014
2014-12-03	Everton	Hull	Everton	Hull	1.2796	0.2955	0.6686	0.2609	0.0705	2014
2014-12-03	Sunderland	Manchester City	Sunderland	Man City	0.412	1.0386	0.1382	0.3422	0.5196	2014
2014-12-06	Stoke	Arsenal	Stoke	Arsenal	2.5036	2.0207	0.5038	0.2407	0.2555	2014
2014-12-06	Tottenham	Crystal Palace	Tottenham	Crystal Palace	0.9588	1.1737	0.2839	0.3192	0.3969	2014
2014-12-06	Queens Park Rangers	Burnley	Queens Park Rangers	Burnley	1.6374	1.2646	0.4624	0.2668	0.2708	2014
2014-12-06	Hull	West Bromwich Albion	Hull	West Bromwich Albion	0.5863	1.0615	0.1493	0.3374	0.5133	2014
2014-12-06	Manchester City	Everton	Man City	Everton	2.2487	0.3858	0.8625	0.1088	0.0287	2014
2014-12-06	Newcastle United	Chelsea	Newcastle	Chelsea	1.4857	2.1623	0.2304	0.2394	0.5302	2014
2014-12-06	Liverpool	Sunderland	Liverpool	Sunderland	0.6639	0.2684	0.4182	0.4538	0.128	2014
2014-12-07	Aston Villa	Leicester	Aston Villa	Leicester	1.977	1.0083	0.6049	0.2428	0.1523	2014
2014-12-07	West Ham	Swansea	West Ham	Swansea	2.1151	0.9981	0.6495	0.2122	0.1383	2014
2014-12-08	Southampton	Manchester United	Southampton	Man United	1.8287	0.7993	0.6392	0.2427	0.1181	2014
2014-12-13	Arsenal	Newcastle United	Arsenal	Newcastle	2.3882	0.9388	0.7712	0.1703	0.0585	2014
2014-12-13	Burnley	Southampton	Burnley	Southampton	0.3962	1.713	0.0501	0.177	0.7729	2014
2014-12-13	Chelsea	Hull	Chelsea	Hull	1.2186	0.4351	0.5936	0.2955	0.1109	2014
2014-12-13	Crystal Palace	Stoke	Crystal Palace	Stoke	0.4981	0.8985	0.1542	0.3591	0.4867	2014
2014-12-13	Leicester	Manchester City	Leicester	Man City	0.3606	1.1341	0.0943	0.3114	0.5943	2014
2014-12-13	Sunderland	West Ham	Sunderland	West Ham	1.3356	0.8703	0.5008	0.2921	0.2071	2014
2014-12-13	West Bromwich Albion	Aston Villa	West Bromwich Albion	Aston Villa	1.4373	0.2663	0.7602	0.1995	0.0403	2014
2014-12-14	Swansea	Tottenham	Swansea	Tottenham	1.6783	0.731	0.6333	0.242	0.1247	2014
2014-12-14	Manchester United	Liverpool	Man United	Liverpool	1.7954	1.8711	0.3678	0.2515	0.3807	2014
2014-12-15	Everton	Queens Park Rangers	Everton	Queens Park Rangers	0.7477	0.9723	0.2551	0.3415	0.4034	2014
2014-12-20	Aston Villa	Manchester United	Aston Villa	Man United	0.5758	1.0685	0.1868	0.3309	0.4823	2014
2014-12-20	Hull	Swansea	Hull	Swansea	0.8259	1.4533	0.1825	0.2839	0.5336	2014
2014-12-20	Manchester City	Crystal Palace	Man City	Crystal Palace	1.4148	0.7605	0.5313	0.2929	0.1758	2014
2014-12-20	Queens Park Rangers	West Bromwich Albion	Queens Park Rangers	West Bromwich Albion	2.9286	1.3012	0.788	0.1372	0.0748	2014
2014-12-20	Southampton	Everton	Southampton	Everton	2.2127	0.598	0.8072	0.1391	0.0537	2014
2014-12-20	Tottenham	Burnley	Tottenham	Burnley	1.7735	0.6551	0.6819	0.2177	0.1004	2014
2014-12-20	West Ham	Leicester	West Ham	Leicester	1.4513	0.66	0.6072	0.2605	0.1323	2014
2014-12-21	Liverpool	Arsenal	Liverpool	Arsenal	1.3186	0.7542	0.4915	0.2984	0.2101	2014
2014-12-21	Newcastle United	Sunderland	Newcastle	Sunderland	0.9003	2.1842	0.1052	0.1833	0.7115	2014
2014-12-22	Stoke	Chelsea	Stoke	Chelsea	0.4117	1.4548	0.0946	0.2474	0.658	2014
2014-12-26	Sunderland	Hull	Sunderland	Hull	1.3555	0.8557	0.5055	0.2884	0.2061	2014
2014-12-26	West Bromwich Albion	Manchester City	West Bromwich Albion	Man City	2.6444	2.1022	0.5054	0.2343	0.2603	2014
2014-12-26	Manchester United	Newcastle United	Man United	Newcastle	1.8615	1.0315	0.6043	0.2646	0.1311	2014
2014-12-26	Leicester	Tottenham	Leicester	Tottenham	1.473	1.3572	0.3796	0.2873	0.3331	2014
2014-12-26	Swansea	Aston Villa	Swansea	Aston Villa	0.6015	1.4158	0.1363	0.2771	0.5866	2014
2014-12-26	Crystal Palace	Southampton	Crystal Palace	Southampton	0.3794	1.3029	0.0948	0.263	0.6422	2014
2014-12-26	Chelsea	West Ham	Chelsea	West Ham	3.5676	0.4594	0.977	0.0203	0.0027	2014
2014-12-26	Burnley	Liverpool	Burnley	Liverpool	0.6121	1.0671	0.187	0.3166	0.4964	2014
2014-12-26	Arsenal	Queens Park Rangers	Arsenal	Queens Park Rangers	2.1389	1.2175	0.6197	0.2439	0.1364	2014
2014-12-26	Everton	Stoke	Everton	Stoke	1.0093	1.3955	0.2297	0.2886	0.4817	2014
2014-12-28	West Ham	Arsenal	West Ham	Arsenal	1.1084	3.3589	0.0442	0.0977	0.8581	2014
2014-12-28	Tottenham	Manchester United	Tottenham	Man United	0.888	2.2613	0.0614	0.1903	0.7483	2014
2014-12-28	Stoke	West Bromwich Albion	Stoke	West Bromwich Albion	1.254	1.3581	0.2879	0.3411	0.371	2014
2014-12-28	Southampton	Chelsea	Southampton	Chelsea	0.5285	0.5218	0.2921	0.441	0.2669	2014
2014-12-28	Queens Park Rangers	Crystal Palace	Queens Park Rangers	Crystal Palace	0.4057	0.3286	0.2583	0.5482	0.1935	2014
2014-12-28	Manchester City	Burnley	Man City	Burnley	1.3859	0.9622	0.4573	0.3022	0.2405	2014
2014-12-28	Hull	Leicester	Hull	Leicester	1.7231	0.1801	0.8131	0.1602	0.0267	2014
2014-12-28	Aston Villa	Sunderland	Aston Villa	Sunderland	0.651	0.8456	0.2578	0.3651	0.3771	2014
2014-12-28	Newcastle United	Everton	Newcastle	Everton	1.7134	1.0732	0.5405	0.2531	0.2064	2014
2014-12-29	Liverpool	Swansea	Liverpool	Swansea	3.2766	1.0037	0.8746	0.0932	0.0322	2014
2015-01-01	West Ham	West Bromwich Albion	West Ham	West Bromwich Albion	1.1359	1.1226	0.348	0.3237	0.3283	2014
2015-01-01	Tottenham	Chelsea	Tottenham	Chelsea	1.8244	3.0327	0.1163	0.2032	0.6805	2014
2015-01-01	Stoke	Manchester United	Stoke	Man United	1.4082	0.9323	0.4808	0.311	0.2082	2014
2015-01-01	Southampton	Arsenal	Southampton	Arsenal	2.4144	0.8493	0.7669	0.1631	0.07	2014
2015-01-01	Queens Park Rangers	Swansea	Queens Park Rangers	Swansea	3.1621	1.6972	0.7152	0.1613	0.1235	2014
2015-01-01	Manchester City	Sunderland	Man City	Sunderland	3.6333	0.9796	0.9037	0.075	0.0213	2014
2015-01-01	Liverpool	Leicester	Liverpool	Leicester	2.3894	1.0944	0.7206	0.1794	0.1	2014
2015-01-01	Hull	Everton	Hull	Everton	1.9568	0.9577	0.6263	0.2261	0.1476	2014
2015-01-01	Aston Villa	Crystal Palace	Aston Villa	Crystal Palace	1.3871	0.576	0.5934	0.2842	0.1224	2014
2015-01-01	Newcastle United	Burnley	Newcastle	Burnley	1.2464	1.6558	0.25	0.2792	0.4708	2014
2015-01-10	West Bromwich Albion	Hull	West Bromwich Albion	Hull	0.7842	0.3958	0.4441	0.3948	0.1611	2014
2015-01-10	Swansea	West Ham	Swansea	West Ham	1.5494	0.7312	0.5942	0.2589	0.1469	2014
2015-01-10	Sunderland	Liverpool	Sunderland	Liverpool	0.2501	2.1625	0.0235	0.1126	0.8639	2014
2015-01-10	Leicester	Aston Villa	Leicester	Aston Villa	2.3652	0.6061	0.8289	0.125	0.0461	2014
2015-01-10	Crystal Palace	Tottenham	Crystal Palace	Tottenham	2.86	0.9192	0.8371	0.1207	0.0422	2014
2015-01-10	Chelsea	Newcastle United	Chelsea	Newcastle	1.0813	0.3948	0.5514	0.3263	0.1223	2014
2015-01-10	Burnley	Queens Park Rangers	Burnley	Queens Park Rangers	2.1913	1.6955	0.4786	0.2447	0.2767	2014
2015-01-10	Everton	Manchester City	Everton	Man City	0.9504	1.5072	0.2007	0.286	0.5133	2014
2015-01-11	Arsenal	Stoke	Arsenal	Stoke	2.2689	0.3984	0.8431	0.1231	0.0338	2014
2015-01-11	Manchester United	Southampton	Man United	Southampton	1.1923	1.1571	0.3599	0.3117	0.3284	2014
2015-01-17	Queens Park Rangers	Manchester United	Queens Park Rangers	Man United	0.9296	1.5564	0.2026	0.2561	0.5413	2014
2015-01-17	Swansea	Chelsea	Swansea	Chelsea	0.2142	3.1973	0.0022	0.0196	0.9782	2014
2015-01-17	Tottenham	Sunderland	Tottenham	Sunderland	0.9315	1.1958	0.2531	0.2956	0.4513	2014
2015-01-17	Leicester	Stoke	Leicester	Stoke	0.3825	0.7156	0.1744	0.4263	0.3993	2014
2015-01-17	Burnley	Crystal Palace	Burnley	Crystal Palace	1.0843	0.5284	0.5134	0.32	0.1666	2014
2015-01-17	Newcastle United	Southampton	Newcastle	Southampton	0.8567	0.432	0.4431	0.3947	0.1622	2014
2015-01-17	Aston Villa	Liverpool	Aston Villa	Liverpool	0.8453	1.5442	0.1756	0.2515	0.5729	2014
2015-01-18	Manchester City	Arsenal	Man City	Arsenal	0.562	1.4948	0.0991	0.2308	0.6701	2014
2015-01-18	West Ham	Hull	West Ham	Hull	2.6863	0.4237	0.9024	0.0777	0.0199	2014
2015-01-19	Everton	West Bromwich Albion	Everton	West Bromwich Albion	1.4927	0.1963	0.7986	0.1747	0.0267	2014
2015-01-31	Manchester United	Leicester	Man United	Leicester	1.7369	0.3809	0.7787	0.1793	0.042	2014
2015-01-31	Chelsea	Manchester City	Chelsea	Man City	0.7089	0.9072	0.2331	0.4039	0.363	2014
2015-01-31	Crystal Palace	Everton	Crystal Palace	Everton	1.2103	1.3598	0.2774	0.3545	0.3681	2014
2015-01-31	Hull	Newcastle United	Hull	Newcastle	0.9894	0.5093	0.4852	0.341	0.1738	2014
2015-01-31	Liverpool	West Ham	Liverpool	West Ham	2.282	0.3831	0.8425	0.121	0.0365	2014
2015-01-31	Stoke	Queens Park Rangers	Stoke	Queens Park Rangers	0.7826	1.1158	0.2217	0.327	0.4513	2014
2015-01-31	Sunderland	Burnley	Sunderland	Burnley	1.8999	1.3479	0.5366	0.2656	0.1978	2014
2015-01-31	West Bromwich Albion	Tottenham	West Bromwich Albion	Tottenham	0.8085	1.3443	0.1772	0.2964	0.5264	2014
2015-02-01	Southampton	Swansea	Southampton	Swansea	1.6268	0.2626	0.7672	0.1915	0.0413	2014
2015-02-01	Arsenal	Aston Villa	Arsenal	Aston Villa	2.358	0.7145	0.7999	0.1459	0.0542	2014
2015-02-07	Tottenham	Arsenal	Tottenham	Arsenal	1.2754	0.8341	0.4653	0.3126	0.2221	2014
2015-02-07	Swansea	Sunderland	Swansea	Sunderland	1.8643	0.1433	0.867	0.1184	0.0146	2014
2015-02-07	Queens Park Rangers	Southampton	Queens Park Rangers	Southampton	1.0304	0.9639	0.3559	0.3272	0.3169	2014
2015-02-07	Aston Villa	Chelsea	Aston Villa	Chelsea	0.7078	1.1166	0.2101	0.3242	0.4657	2014
2015-02-07	Leicester	Crystal Palace	Leicester	Crystal Palace	0.7797	1.0061	0.2702	0.3277	0.4021	2014
2015-02-07	Everton	Liverpool	Everton	Liverpool	0.2277	1.036	0.0771	0.3438	0.5791	2014
2015-02-07	Manchester City	Hull	Man City	Hull	0.9925	1.1335	0.2899	0.3061	0.404	2014
2015-02-08	Burnley	West Bromwich Albion	Burnley	West Bromwich Albion	1.0979	2.5544	0.099	0.1726	0.7284	2014
2015-02-08	Newcastle United	Stoke	Newcastle	Stoke	0.7899	0.2204	0.4989	0.4085	0.0926	2014
2015-02-08	West Ham	Manchester United	West Ham	Man United	0.8652	1.2134	0.2497	0.3031	0.4472	2014
2015-02-10	Arsenal	Leicester	Arsenal	Leicester	1.771	0.7998	0.6238	0.2393	0.1369	2014
2015-02-10	Hull	Aston Villa	Hull	Aston Villa	0.986	0.4238	0.5157	0.3454	0.1389	2014
2015-02-10	Liverpool	Tottenham	Liverpool	Tottenham	2.7644	1.7125	0.6536	0.2128	0.1336	2014
2015-02-10	Sunderland	Queens Park Rangers	Sunderland	Queens Park Rangers	1.8083	1.2688	0.5285	0.2397	0.2318	2014
2015-02-11	Stoke	Manchester City	Stoke	Man City	0.7456	2.1361	0.0784	0.1753	0.7463	2014
2015-02-11	West Bromwich Albion	Swansea	West Bromwich Albion	Swansea	0.686	0.439	0.3691	0.4256	0.2053	2014
2015-02-11	Southampton	West Ham	Southampton	West Ham	1.6845	0.1255	0.8117	0.1685	0.0198	2014
2015-02-11	Crystal Palace	Newcastle United	Crystal Palace	Newcastle	0.9327	0.4445	0.4803	0.3741	0.1456	2014
2015-02-11	Chelsea	Everton	Chelsea	Everton	0.8985	0.707	0.3601	0.3695	0.2704	2014
2015-02-11	Manchester United	Burnley	Man United	Burnley	1.6212	1.8507	0.3034	0.2745	0.4221	2014
2015-02-21	Aston Villa	Stoke	Aston Villa	Stoke	0.234	1.1196	0.0408	0.2489	0.7103	2014
2015-02-21	Chelsea	Burnley	Chelsea	Burnley	1.5397	0.5133	0.6802	0.2367	0.0831	2014
2015-02-21	Crystal Palace	Arsenal	Crystal Palace	Arsenal	2.2639	2.0805	0.3888	0.2963	0.3149	2014
2015-02-21	Hull	Queens Park Rangers	Hull	Queens Park Rangers	1.0926	0.1906	0.6348	0.3086	0.0566	2014
2015-02-21	Manchester City	Newcastle United	Man City	Newcastle	3.1253	0.1667	0.9728	0.0254	0.0018	2014
2015-02-21	Sunderland	West Bromwich Albion	Sunderland	West Bromwich Albion	0.6998	0.1073	0.4839	0.4622	0.0539	2014
2015-02-21	Swansea	Manchester United	Swansea	Man United	1.0422	1.4717	0.2493	0.2696	0.4811	2014
2015-02-22	Everton	Leicester	Everton	Leicester	2.0503	1.9952	0.3872	0.2481	0.3647	2014
2015-02-22	Southampton	Liverpool	Southampton	Liverpool	0.8692	0.6958	0.3656	0.3583	0.2761	2014
2015-02-22	Tottenham	West Ham	Tottenham	West Ham	2.1755	2.2083	0.3629	0.2611	0.376	2014
2015-02-28	West Ham	Crystal Palace	West Ham	Crystal Palace	1.2851	0.8514	0.4696	0.2917	0.2387	2014
2015-02-28	Stoke	Hull	Stoke	Hull	0.8956	0.3445	0.4801	0.3885	0.1314	2014
2015-02-28	West Bromwich Albion	Southampton	West Bromwich Albion	Southampton	1.0892	0.5799	0.5093	0.3214	0.1693	2014
2015-02-28	Manchester United	Sunderland	Man United	Sunderland	3.0353	0.2728	0.9554	0.0383	0.0063	2014
2015-02-28	Burnley	Swansea	Burnley	Swansea	0.8989	1.4145	0.1907	0.2822	0.5271	2014
2015-02-28	Newcastle United	Aston Villa	Newcastle	Aston Villa	0.932	0.7734	0.3831	0.3461	0.2708	2014
2015-03-01	Arsenal	Everton	Arsenal	Everton	1.393	0.3678	0.6694	0.2509	0.0797	2014
2015-03-01	Liverpool	Manchester City	Liverpool	Man City	0.769	1.1285	0.2208	0.3176	0.4616	2014
2015-03-03	Aston Villa	West Bromwich Albion	Aston Villa	West Bromwich Albion	1.9201	0.9056	0.6483	0.2451	0.1066	2014
2015-03-03	Hull	Sunderland	Hull	Sunderland	1.3938	1.2314	0.3567	0.3512	0.2921	2014
2015-03-03	Southampton	Crystal Palace	Southampton	Crystal Palace	2.2287	0.3927	0.8551	0.1168	0.0281	2014
2015-03-04	West Ham	Chelsea	West Ham	Chelsea	1.4632	2.3836	0.1839	0.2047	0.6114	2014
2015-03-04	Tottenham	Swansea	Tottenham	Swansea	2.1349	0.7082	0.747	0.1759	0.0771	2014
2015-03-04	Stoke	Everton	Stoke	Everton	1.0392	0.4183	0.5533	0.3299	0.1168	2014
2015-03-04	Manchester City	Leicester	Man City	Leicester	2.916	0.217	0.9606	0.0343	0.0051	2014
2015-03-04	Newcastle United	Manchester United	Newcastle	Man United	1.1925	1.6886	0.2113	0.2916	0.4971	2014
2015-03-04	Liverpool	Burnley	Liverpool	Burnley	1.3045	0.3192	0.6465	0.2748	0.0787	2014
2015-03-04	Queens Park Rangers	Arsenal	Queens Park Rangers	Arsenal	0.3188	2.1651	0.0265	0.1128	0.8607	2014
2015-03-07	Queens Park Rangers	Tottenham	Queens Park Rangers	Tottenham	1.4977	2.624	0.1602	0.1916	0.6482	2014
2015-03-14	Sunderland	Aston Villa	Sunderland	Aston Villa	0.4729	1.5019	0.0935	0.2324	0.6741	2014
2015-03-14	West Bromwich Albion	Stoke	West Bromwich Albion	Stoke	0.9588	0.1988	0.5527	0.3724	0.0749	2014
2015-03-14	Leicester	Hull	Leicester	Hull	0.5391	1.0475	0.1708	0.3255	0.5037	2014
2015-03-14	Crystal Palace	Queens Park Rangers	Crystal Palace	Queens Park Rangers	2.201	0.266	0.8984	0.0873	0.0143	2014
2015-03-14	Burnley	Manchester City	Burnley	Man City	0.2421	1.2576	0.0679	0.2781	0.654	2014
2015-03-14	Arsenal	West Ham	Arsenal	West Ham	3.1962	0.4782	0.9375	0.0506	0.0119	2014
2015-03-15	Chelsea	Southampton	Chelsea	Southampton	3.1932	1.828	0.7089	0.1631	0.128	2014
2015-03-15	Everton	Newcastle United	Everton	Newcastle	2.2581	0.8092	0.764	0.1589	0.0771	2014
2015-03-15	Manchester United	Tottenham	Man United	Tottenham	1.0278	0.2064	0.6034	0.33	0.0666	2014
2015-03-16	Swansea	Liverpool	Swansea	Liverpool	0.4388	1.6951	0.0689	0.2013	0.7298	2014
2015-03-21	West Ham	Sunderland	West Ham	Sunderland	0.9962	0.5366	0.4598	0.3555	0.1847	2014
2015-03-21	Tottenham	Leicester	Tottenham	Leicester	2.8293	2.722	0.4097	0.2388	0.3515	2014
2015-03-21	Stoke	Crystal Palace	Stoke	Crystal Palace	2.0785	2.1497	0.3595	0.2457	0.3948	2014
2015-03-21	Southampton	Burnley	Southampton	Burnley	1.921	1.0502	0.5956	0.2277	0.1767	2014
2015-03-21	Newcastle United	Arsenal	Newcastle	Arsenal	1.0068	0.7548	0.4074	0.3336	0.259	2014
2015-03-21	Manchester City	West Bromwich Albion	Man City	West Bromwich Albion	4.9091	0.7752	0.9905	0.0089	0.0006	2014
2015-03-21	Aston Villa	Swansea	Aston Villa	Swansea	0.7624	1.9044	0.107	0.199	0.694	2014
2015-03-22	Hull	Chelsea	Hull	Chelsea	1.3241	0.7586	0.4949	0.3057	0.1994	2014
2015-03-22	Liverpool	Manchester United	Liverpool	Man United	0.5576	1.2263	0.1104	0.3093	0.5803	2014
2015-03-22	Queens Park Rangers	Everton	Queens Park Rangers	Everton	1.3932	0.84	0.5118	0.2889	0.1993	2014
2015-04-04	West Bromwich Albion	Queens Park Rangers	West Bromwich Albion	Queens Park Rangers	2.1336	1.2094	0.5979	0.2231	0.179	2014
2015-04-04	Swansea	Hull	Swansea	Hull	1.4994	0.9193	0.5113	0.2988	0.1899	2014
2015-04-04	Manchester United	Aston Villa	Man United	Aston Villa	1.9836	0.3118	0.8246	0.1411	0.0343	2014
2015-04-04	Chelsea	Stoke	Chelsea	Stoke	3.2855	0.2773	0.9797	0.0179	0.0024	2014
2015-04-04	Everton	Southampton	Everton	Southampton	1.0205	0.5336	0.5217	0.3184	0.1599	2014
2015-04-04	Arsenal	Liverpool	Arsenal	Liverpool	1.4567	1.2141	0.4087	0.2961	0.2952	2014
2015-04-04	Leicester	West Ham	Leicester	West Ham	3.4356	1.9355	0.7116	0.156	0.1324	2014
2015-04-05	Burnley	Tottenham	Burnley	Tottenham	1.5135	0.3774	0.6986	0.2271	0.0743	2014
2015-04-05	Sunderland	Newcastle United	Sunderland	Newcastle	0.8294	0.7982	0.3179	0.3566	0.3255	2014
2015-04-06	Crystal Palace	Manchester City	Crystal Palace	Man City	1.3278	1.1129	0.4379	0.3256	0.2365	2014
2015-04-07	Aston Villa	Queens Park Rangers	Aston Villa	Queens Park Rangers	1.867	1.4306	0.4723	0.2576	0.2701	2014
2015-04-11	West Ham	Stoke	West Ham	Stoke	0.6047	0.588	0.2942	0.4216	0.2842	2014
2015-04-11	Burnley	Arsenal	Burnley	Arsenal	0.6572	1.211	0.176	0.3063	0.5177	2014
2015-04-11	Southampton	Hull	Southampton	Hull	2.3737	0.7373	0.8066	0.1348	0.0586	2014
2015-04-11	Sunderland	Crystal Palace	Sunderland	Crystal Palace	0.6171	2.3479	0.048	0.13	0.822	2014
2015-04-11	Swansea	Everton	Swansea	Everton	1.0968	0.8421	0.4279	0.3488	0.2233	2014
2015-04-11	Tottenham	Aston Villa	Tottenham	Aston Villa	0.6217	0.861	0.2232	0.3723	0.4045	2014
2015-04-11	West Bromwich Albion	Leicester	West Bromwich Albion	Leicester	0.9684	1.6874	0.1683	0.2722	0.5595	2014
2015-04-12	Queens Park Rangers	Chelsea	Queens Park Rangers	Chelsea	0.781	0.921	0.2759	0.3566	0.3675	2014
2015-04-12	Manchester United	Manchester City	Man United	Man City	2.6602	1.7584	0.6049	0.2129	0.1822	2014
2015-04-13	Liverpool	Newcastle United	Liverpool	Newcastle	1.2653	0.3633	0.627	0.2812	0.0918	2014
2015-04-18	Chelsea	Manchester United	Chelsea	Man United	1.1493	0.7446	0.488	0.3138	0.1982	2014
2015-04-18	Crystal Palace	West Bromwich Albion	Crystal Palace	West Bromwich Albion	2.0561	0.698	0.747	0.1759	0.0771	2014
2015-04-18	Everton	Burnley	Everton	Burnley	2.3611	1.0616	0.7073	0.1872	0.1055	2014
2015-04-18	Leicester	Swansea	Leicester	Swansea	2.5704	0.8735	0.8018	0.1392	0.059	2014
2015-04-18	Stoke	Southampton	Stoke	Southampton	2.2645	1.3611	0.6139	0.2387	0.1474	2014
2015-04-19	Manchester City	West Ham	Man City	West Ham	2.0514	0.7381	0.7027	0.1942	0.1031	2014
2015-04-19	Newcastle United	Tottenham	Newcastle	Tottenham	0.9389	1.9986	0.1209	0.2184	0.6607	2014
2015-04-25	Stoke	Sunderland	Stoke	Sunderland	2.1508	2.1752	0.3592	0.2617	0.3791	2014
2015-04-25	Southampton	Tottenham	Southampton	Tottenham	1.3933	0.5313	0.607	0.2783	0.1147	2014
2015-04-25	Queens Park Rangers	West Ham	Queens Park Rangers	West Ham	2.2814	0.8243	0.7598	0.1739	0.0663	2014
2015-04-25	Burnley	Leicester	Burnley	Leicester	1.9897	1.2193	0.5925	0.2708	0.1367	2014
2015-04-25	Manchester City	Aston Villa	Man City	Aston Villa	1.1892	0.9014	0.4287	0.317	0.2543	2014
2015-04-25	Crystal Palace	Hull	Crystal Palace	Hull	0.9139	2.3771	0.0647	0.1681	0.7672	2014
2015-04-25	West Bromwich Albion	Liverpool	West Bromwich Albion	Liverpool	0.5078	1.4123	0.1	0.2573	0.6427	2014
2015-04-25	Newcastle United	Swansea	Newcastle	Swansea	1.5494	1.5882	0.3482	0.2786	0.3732	2014
2015-04-26	Everton	Manchester United	Everton	Man United	1.0792	0.7505	0.4486	0.3242	0.2272	2014
2015-04-26	Arsenal	Chelsea	Arsenal	Chelsea	1.0748	0.8533	0.3946	0.3391	0.2663	2014
2015-04-28	Hull	Liverpool	Hull	Liverpool	0.731	0.5237	0.386	0.3965	0.2175	2014
2015-04-29	Leicester	Chelsea	Leicester	Chelsea	0.6001	1.5172	0.0629	0.2574	0.6797	2014
2015-05-02	Aston Villa	Everton	Aston Villa	Everton	1.5618	1.4049	0.3857	0.3162	0.2981	2014
2015-05-02	Leicester	Newcastle United	Leicester	Newcastle	4.0269	0.485	0.9718	0.0246	0.0036	2014
2015-05-02	Liverpool	Queens Park Rangers	Liverpool	Queens Park Rangers	2.2875	0.3863	0.8682	0.1051	0.0267	2014
2015-05-02	Manchester United	West Bromwich Albion	Man United	West Bromwich Albion	2.1084	0.3175	0.8551	0.1205	0.0244	2014
2015-05-02	Sunderland	Southampton	Sunderland	Southampton	1.9769	0.9064	0.6932	0.21	0.0968	2014
2015-05-02	Swansea	Stoke	Swansea	Stoke	2.0764	0.3241	0.8409	0.1298	0.0293	2014
2015-05-02	West Ham	Burnley	West Ham	Burnley	3.2393	0.7585	0.8874	0.0828	0.0298	2014
2015-05-03	Chelsea	Crystal Palace	Chelsea	Crystal Palace	1.5619	0.4165	0.7525	0.1965	0.051	2014
2015-05-03	Tottenham	Manchester City	Tottenham	Man City	2.0703	1.8061	0.4447	0.2412	0.3141	2014
2015-05-04	Hull	Arsenal	Hull	Arsenal	0.4747	2.9494	0.0203	0.0697	0.91	2014
2015-05-09	Stoke	Tottenham	Stoke	Tottenham	2.138	0.298	0.8567	0.1151	0.0282	2014
2015-05-09	Newcastle United	West Bromwich Albion	Newcastle	West Bromwich Albion	1.2371	1.2108	0.344	0.3239	0.3321	2014
2015-05-09	Leicester	Southampton	Leicester	Southampton	1.6413	0.3481	0.7824	0.1729	0.0447	2014
2015-05-09	Hull	Burnley	Hull	Burnley	1.1281	1.213	0.3199	0.3018	0.3783	2014
2015-05-09	Everton	Sunderland	Everton	Sunderland	1.1434	1.198	0.3152	0.301	0.3838	2014
2015-05-09	Crystal Palace	Manchester United	Crystal Palace	Man United	1.0434	2.2978	0.1009	0.1812	0.7179	2014
2015-05-09	Aston Villa	West Ham	Aston Villa	West Ham	1.2658	0.1494	0.7457	0.2245	0.0298	2014
2015-05-10	Chelsea	Liverpool	Chelsea	Liverpool	0.5353	1.3332	0.128	0.2794	0.5926	2014
2015-05-10	Manchester City	Queens Park Rangers	Man City	Queens Park Rangers	5.351	0.8723	0.992	0.0072	0.0008	2014
2015-05-11	Arsenal	Swansea	Arsenal	Swansea	1.8836	0.3472	0.7818	0.1694	0.0488	2014
2015-05-16	Burnley	Stoke	Burnley	Stoke	0.9098	1.7628	0.1349	0.2314	0.6337	2014
2015-05-16	Liverpool	Crystal Palace	Liverpool	Crystal Palace	1.1141	1.995	0.1529	0.2281	0.619	2014
2015-05-16	Queens Park Rangers	Newcastle United	Queens Park Rangers	Newcastle	0.4701	2.1121	0.054	0.15	0.796	2014
2015-05-16	Southampton	Aston Villa	Southampton	Aston Villa	3.5956	1.1859	0.8711	0.0911	0.0378	2014
2015-05-16	Sunderland	Leicester	Sunderland	Leicester	0.9352	0.683	0.4066	0.34	0.2534	2014
2015-05-16	Tottenham	Hull	Tottenham	Hull	1.7012	1.1328	0.5312	0.2652	0.2036	2014
2015-05-16	West Ham	Everton	West Ham	Everton	0.8133	2.0708	0.0979	0.1865	0.7156	2014
2015-05-17	Manchester United	Arsenal	Man United	Arsenal	0.7152	1.0681	0.2132	0.3247	0.4621	2014
2015-05-17	Swansea	Manchester City	Swansea	Man City	1.0613	2.2812	0.1273	0.1878	0.6849	2014
2015-05-18	West Bromwich Albion	Chelsea	West Bromwich Albion	Chelsea	1.2274	1.0768	0.3987	0.3248	0.2765	2014
2015-05-20	Arsenal	Sunderland	Arsenal	Sunderland	1.6891	1.5018	0.394	0.2598	0.3462	2014
2015-05-24	Arsenal	West Bromwich Albion	Arsenal	West Bromwich Albion	3.1661	0.5691	0.9249	0.0599	0.0152	2014
2015-05-24	Stoke	Liverpool	Stoke	Liverpool	2.1571	1.0229	0.6867	0.207	0.1063	2014
2015-05-24	Manchester City	Southampton	Man City	Southampton	2.4407	0.7759	0.8226	0.1248	0.0526	2014
2015-05-24	Leicester	Queens Park Rangers	Leicester	Queens Park Rangers	2.1743	1.2675	0.5974	0.2212	0.1814	2014
2015-05-24	Hull	Manchester United	Hull	Man United	0.9842	0.3995	0.5019	0.3605	0.1376	2014
2015-05-24	Newcastle United	West Ham	Newcastle	West Ham	1.6422	0.4164	0.7135	0.2181	0.0684	2014
2015-05-24	Crystal Palace	Swansea	Crystal Palace	Swansea	1.075	0.1186	0.6791	0.2923	0.0286	2014
2015-05-24	Chelsea	Sunderland	Chelsea	Sunderland	2.5291	1.3927	0.6572	0.2021	0.1407	2014
2015-05-24	Aston Villa	Burnley	Aston Villa	Burnley	0.6548	0.6611	0.2839	0.4094	0.3067	2014
2015-05-24	Everton	Tottenham	Everton	Tottenham	0.6462	1.3905	0.152	0.2806	0.5674	2014
2015-08-08	Norwich	Crystal Palace	Norwich	Crystal Palace	1.1308	2.1098	0.1461	0.2159	0.638	2015
2015-08-08	Bournemouth	Aston Villa	Bournemouth	Aston Villa	0.8761	0.7823	0.3435	0.3607	0.2958	2015
2015-08-08	Chelsea	Swansea	Chelsea	Swansea	0.644	2.592	0.0304	0.0924	0.8772	2015
2015-08-08	Everton	Watford	Everton	Watford	0.6042	0.5579	0.2988	0.4337	0.2675	2015
2015-08-08	Leicester	Sunderland	Leicester	Sunderland	2.568	1.4595	0.6422	0.2057	0.1521	2015
2015-08-08	Manchester United	Tottenham	Man United	Tottenham	0.6275	0.6746	0.2859	0.3905	0.3236	2015
2015-08-09	Stoke	Liverpool	Stoke	Liverpool	0.3813	0.3299	0.2482	0.5454	0.2064	2015
2015-08-09	Newcastle United	Southampton	Newcastle	Southampton	1.5461	1.2529	0.4386	0.3165	0.2449	2015
2015-08-09	Arsenal	West Ham	Arsenal	West Ham	1.3317	0.536	0.5751	0.2826	0.1423	2015
2015-08-10	West Bromwich Albion	Manchester City	West Bromwich Albion	Man City	0.4352	1.9242	0.0615	0.1698	0.7687	2015
2015-08-14	Aston Villa	Manchester United	Aston Villa	Man United	0.2191	0.6604	0.1056	0.4653	0.4291	2015
2015-08-15	Southampton	Everton	Southampton	Everton	1.0621	1.3963	0.2536	0.2845	0.4619	2015
2015-08-15	Sunderland	Norwich	Sunderland	Norwich	0.3291	1.7169	0.051	0.1845	0.7645	2015
2015-08-15	Swansea	Newcastle United	Swansea	Newcastle	1.9742	0.1131	0.9165	0.0772	0.0063	2015
2015-08-15	Tottenham	Stoke	Tottenham	Stoke	1.7061	2.8096	0.1614	0.1925	0.6461	2015
2015-08-15	Watford	West Bromwich Albion	Watford	West Bromwich Albion	0.7608	0.684	0.3286	0.3819	0.2895	2015
2015-08-15	West Ham	Leicester	West Ham	Leicester	0.5135	1.8094	0.0482	0.171	0.7808	2015
2015-08-16	Crystal Palace	Arsenal	Crystal Palace	Arsenal	0.9641	2.0554	0.1303	0.2113	0.6584	2015
2015-08-16	Manchester City	Chelsea	Man City	Chelsea	2.1858	0.4824	0.8142	0.1391	0.0467	2015
2015-08-17	Liverpool	Bournemouth	Liverpool	Bournemouth	2.1506	0.4608	0.8133	0.1411	0.0456	2015
2015-08-22	Sunderland	Swansea	Sunderland	Swansea	0.5694	1.5606	0.1219	0.2431	0.635	2015
2015-08-22	Norwich	Stoke	Norwich	Stoke	3.1489	0.6982	0.9013	0.074	0.0247	2015
2015-08-22	West Ham	Bournemouth	West Ham	Bournemouth	1.502	2.8554	0.1041	0.1757	0.7202	2015
2015-08-22	Leicester	Tottenham	Leicester	Tottenham	0.829	1.8944	0.1213	0.2191	0.6596	2015
2015-08-22	Crystal Palace	Aston Villa	Crystal Palace	Aston Villa	1.2381	0.7653	0.4747	0.3079	0.2174	2015
2015-08-22	Manchester United	Newcastle United	Man United	Newcastle	1.2491	0.4384	0.5889	0.292	0.1191	2015
2015-08-23	Everton	Manchester City	Everton	Man City	0.5793	1.5798	0.1063	0.2405	0.6532	2015
2015-08-23	Watford	Southampton	Watford	Southampton	1.1759	0.6836	0.5229	0.3118	0.1653	2015
2015-08-23	West Bromwich Albion	Chelsea	West Bromwich Albion	Chelsea	1.4262	2.0278	0.2216	0.2612	0.5172	2015
2015-08-24	Arsenal	Liverpool	Arsenal	Liverpool	1.8376	1.2921	0.5114	0.2628	0.2258	2015
2015-08-29	Tottenham	Everton	Tottenham	Everton	1.9992	0.6947	0.7143	0.1943	0.0914	2015
2015-08-29	Stoke	West Bromwich Albion	Stoke	West Bromwich Albion	1.2177	0.8812	0.4729	0.3248	0.2023	2015
2015-08-29	Newcastle United	Arsenal	Newcastle	Arsenal	0.032	2.3395	0.002	0.0632	0.9348	2015
2015-08-29	Manchester City	Watford	Man City	Watford	1.529	0.3636	0.7074	0.2257	0.0669	2015
2015-08-29	Chelsea	Crystal Palace	Chelsea	Crystal Palace	1.2791	2.1928	0.1779	0.217	0.6051	2015
2015-08-29	Bournemouth	Leicester	Bournemouth	Leicester	0.3214	0.9191	0.0747	0.3278	0.5975	2015
2015-08-29	Aston Villa	Sunderland	Aston Villa	Sunderland	2.2741	0.3688	0.8747	0.1005	0.0248	2015
2015-08-29	Liverpool	West Ham	Liverpool	West Ham	0.5617	0.9722	0.1978	0.3352	0.467	2015
2015-08-30	Southampton	Norwich	Southampton	Norwich	2.855	0.6394	0.9129	0.0777	0.0094	2015
2015-08-30	Swansea	Manchester United	Swansea	Man United	0.9712	1.2809	0.2526	0.3113	0.4361	2015
2015-09-12	Watford	Swansea	Watford	Swansea	1.5733	0.503	0.684	0.2293	0.0867	2015
2015-09-12	West Bromwich Albion	Southampton	West Bromwich Albion	Southampton	0.4091	1.0073	0.1387	0.3427	0.5186	2015
2015-09-12	Norwich	Bournemouth	Norwich	Bournemouth	1.3315	0.3895	0.6567	0.2549	0.0884	2015
2015-09-12	Everton	Chelsea	Everton	Chelsea	1.1803	0.656	0.5186	0.2999	0.1815	2015
2015-09-12	Manchester United	Liverpool	Man United	Liverpool	1.4621	1.0257	0.4919	0.318	0.1901	2015
2015-09-12	Crystal Palace	Manchester City	Crystal Palace	Man City	0.7432	3.0888	0.0179	0.0647	0.9174	2015
2015-09-12	Arsenal	Stoke	Arsenal	Stoke	4.4268	0.1913	0.9918	0.0075	0.0007	2015
2015-09-13	Leicester	Aston Villa	Leicester	Aston Villa	1.3499	0.9532	0.455	0.3004	0.2446	2015
2015-09-13	Sunderland	Tottenham	Sunderland	Tottenham	1.0407	1.4562	0.2401	0.2976	0.4623	2015
2015-09-14	West Ham	Newcastle United	West Ham	Newcastle	1.7128	0.7166	0.6555	0.233	0.1115	2015
2015-09-19	Swansea	Everton	Swansea	Everton	0.8649	1.7746	0.1553	0.2346	0.6101	2015
2015-09-19	Stoke	Leicester	Stoke	Leicester	1.1472	1.2258	0.3009	0.3324	0.3667	2015
2015-09-19	Newcastle United	Watford	Newcastle	Watford	1.1511	1.3396	0.2928	0.3012	0.406	2015
2015-09-19	Manchester City	West Ham	Man City	West Ham	2.9846	0.9953	0.8408	0.1177	0.0415	2015
2015-09-19	Chelsea	Arsenal	Chelsea	Arsenal	2.0687	0.7753	0.7235	0.1909	0.0856	2015
2015-09-19	Bournemouth	Sunderland	Bournemouth	Sunderland	0.6443	0.8549	0.2375	0.3629	0.3996	2015
2015-09-19	Aston Villa	West Bromwich Albion	Aston Villa	West Bromwich Albion	0.8767	0.6328	0.3959	0.3707	0.2334	2015
2015-09-20	Liverpool	Norwich	Liverpool	Norwich	1.9045	0.5563	0.7195	0.1996	0.0809	2015
2015-09-20	Southampton	Manchester United	Southampton	Man United	1.8366	1.6512	0.4195	0.2506	0.3299	2015
2015-09-20	Tottenham	Crystal Palace	Tottenham	Crystal Palace	1.0157	0.5384	0.4732	0.3412	0.1856	2015
2015-09-26	West Ham	Norwich	West Ham	Norwich	2.6041	1.386	0.6699	0.1845	0.1456	2015
2015-09-26	Tottenham	Manchester City	Tottenham	Man City	2.308	1.5784	0.5584	0.2208	0.2208	2015
2015-09-26	Stoke	Bournemouth	Stoke	Bournemouth	1.9448	0.8717	0.6734	0.2181	0.1085	2015
2015-09-26	Southampton	Swansea	Southampton	Swansea	1.5542	1.4196	0.3655	0.3128	0.3217	2015
2015-09-26	Leicester	Arsenal	Leicester	Arsenal	1.3852	3.8962	0.0518	0.0888	0.8594	2015
2015-09-26	Manchester United	Sunderland	Man United	Sunderland	2.8971	0.8321	0.8918	0.0905	0.0177	2015
2015-09-26	Liverpool	Aston Villa	Liverpool	Aston Villa	1.7833	0.8921	0.5951	0.2444	0.1605	2015
2015-09-26	Newcastle United	Chelsea	Newcastle	Chelsea	0.7021	1.3059	0.1859	0.291	0.5231	2015
2015-09-27	Watford	Crystal Palace	Watford	Crystal Palace	0.6859	2.3357	0.0569	0.1435	0.7996	2015
2015-09-28	West Bromwich Albion	Everton	West Bromwich Albion	Everton	1.2751	2.3016	0.1438	0.2157	0.6405	2015
2015-10-03	Sunderland	West Ham	Sunderland	West Ham	1.084	1.9366	0.1641	0.2374	0.5985	2015
2015-10-03	Aston Villa	Stoke	Aston Villa	Stoke	0.839	1.035	0.2754	0.3399	0.3847	2015
2015-10-03	Bournemouth	Watford	Bournemouth	Watford	1.5027	0.9133	0.5344	0.2944	0.1712	2015
2015-10-03	Chelsea	Southampton	Chelsea	Southampton	0.5202	1.5825	0.1026	0.2361	0.6613	2015
2015-10-03	Crystal Palace	West Bromwich Albion	Crystal Palace	West Bromwich Albion	1.9908	0.2555	0.8739	0.1063	0.0198	2015
2015-10-03	Manchester City	Newcastle United	Man City	Newcastle	3.3346	0.9803	0.8752	0.0868	0.038	2015
2015-10-03	Norwich	Leicester	Norwich	Leicester	1.1807	3.0028	0.0678	0.1304	0.8018	2015
2015-10-04	Swansea	Tottenham	Swansea	Tottenham	0.7748	1.1814	0.2346	0.3024	0.463	2015
2015-10-04	Everton	Liverpool	Everton	Liverpool	1.2006	1.3084	0.326	0.2934	0.3806	2015
2015-10-04	Arsenal	Manchester United	Arsenal	Man United	2.1695	1.0395	0.6748	0.2088	0.1164	2015
2015-10-17	Chelsea	Aston Villa	Chelsea	Aston Villa	1.2288	0.7958	0.4675	0.3206	0.2119	2015
2015-10-17	Crystal Palace	West Ham	Crystal Palace	West Ham	1.0839	2.7636	0.0623	0.1503	0.7874	2015
2015-10-17	Everton	Manchester United	Everton	Man United	0.6535	1.4785	0.1498	0.2575	0.5927	2015
2015-10-17	Manchester City	Bournemouth	Man City	Bournemouth	4.7127	0.173	0.9979	0.0021	0.0	2015
2015-10-17	Southampton	Leicester	Southampton	Leicester	1.4667	2.7865	0.1307	0.1851	0.6842	2015
2015-10-17	Tottenham	Liverpool	Tottenham	Liverpool	0.5862	0.7159	0.2472	0.4004	0.3524	2015
2015-10-17	Watford	Arsenal	Watford	Arsenal	0.2548	2.6905	0.0097	0.0629	0.9274	2015
2015-10-17	West Bromwich Albion	Sunderland	West Bromwich Albion	Sunderland	2.0778	0.6585	0.8061	0.1513	0.0426	2015
2015-10-18	Newcastle United	Norwich	Newcastle	Norwich	2.249	1.3439	0.602	0.2198	0.1782	2015
2015-10-19	Swansea	Stoke	Swansea	Stoke	0.4855	1.6489	0.0635	0.2	0.7365	2015
2015-10-24	Arsenal	Everton	Arsenal	Everton	2.5575	0.373	0.9041	0.0765	0.0194	2015
2015-10-24	Aston Villa	Swansea	Aston Villa	Swansea	1.0952	1.7435	0.1816	0.2666	0.5518	2015
2015-10-24	Leicester	Crystal Palace	Leicester	Crystal Palace	1.335	0.24	0.8261	0.1547	0.0192	2015
2015-10-24	Norwich	West Bromwich Albion	Norwich	West Bromwich Albion	1.0323	1.4544	0.222	0.2908	0.4872	2015
2015-10-24	Stoke	Watford	Stoke	Watford	0.8484	1.0403	0.2846	0.3308	0.3846	2015
2015-10-24	West Ham	Chelsea	West Ham	Chelsea	0.7728	1.1356	0.225	0.3316	0.4434	2015
2015-10-25	Sunderland	Newcastle United	Sunderland	Newcastle	2.3797	1.4174	0.6564	0.2071	0.1365	2015
2015-10-25	Manchester United	Manchester City	Man United	Man City	0.3918	0.3107	0.2594	0.5534	0.1872	2015
2015-10-25	Bournemouth	Tottenham	Bournemouth	Tottenham	0.4906	3.4331	0.0068	0.0322	0.961	2015
2015-10-25	Liverpool	Southampton	Liverpool	Southampton	0.6828	1.5638	0.0977	0.2344	0.6679	2015
2015-10-31	Chelsea	Liverpool	Chelsea	Liverpool	0.7358	0.8393	0.2926	0.3688	0.3386	2015
2015-10-31	Crystal Palace	Manchester United	Crystal Palace	Man United	0.9391	0.3944	0.5081	0.3484	0.1435	2015
2015-10-31	Manchester City	Norwich	Man City	Norwich	2.8356	1.175	0.8173	0.1426	0.0401	2015
2015-10-31	Newcastle United	Stoke	Newcastle	Stoke	1.2608	1.3802	0.3105	0.2908	0.3987	2015
2015-10-31	Swansea	Arsenal	Swansea	Arsenal	0.2644	2.1766	0.0193	0.1095	0.8712	2015
2015-10-31	Watford	West Ham	Watford	West Ham	1.6154	0.6056	0.6357	0.2435	0.1208	2015
2015-10-31	West Bromwich Albion	Leicester	West Bromwich Albion	Leicester	1.5045	2.2254	0.195	0.2452	0.5598	2015
2015-11-01	Everton	Sunderland	Everton	Sunderland	2.3485	1.2183	0.6652	0.1906	0.1442	2015
2015-11-01	Southampton	Bournemouth	Southampton	Bournemouth	1.1597	0.7121	0.4914	0.3147	0.1939	2015
2015-11-03	Tottenham	Aston Villa	Tottenham	Aston Villa	1.1437	0.3257	0.5938	0.3045	0.1017	2015
2015-11-07	Stoke	Chelsea	Stoke	Chelsea	0.8254	1.0264	0.2791	0.3323	0.3886	2015
2015-11-07	West Ham	Everton	West Ham	Everton	0.5896	1.0881	0.1745	0.3264	0.4991	2015
2015-11-07	Sunderland	Southampton	Sunderland	Southampton	0.2991	1.7958	0.0343	0.1484	0.8173	2015
2015-11-07	Norwich	Swansea	Norwich	Swansea	1.1952	0.4023	0.6144	0.2848	0.1008	2015
2015-11-07	Leicester	Watford	Leicester	Watford	1.5639	1.0053	0.4997	0.3379	0.1624	2015
2015-11-07	Bournemouth	Newcastle United	Bournemouth	Newcastle	1.0043	0.5044	0.4623	0.354	0.1837	2015
2015-11-07	Manchester United	West Bromwich Albion	Man United	West Bromwich Albion	1.2779	0.594	0.5652	0.3248	0.11	2015
2015-11-08	Arsenal	Tottenham	Arsenal	Tottenham	2.0177	0.9059	0.6761	0.1989	0.125	2015
2015-11-08	Aston Villa	Manchester City	Aston Villa	Man City	0.1827	1.5328	0.0255	0.168	0.8065	2015
2015-11-08	Liverpool	Crystal Palace	Liverpool	Crystal Palace	2.1567	0.8493	0.7015	0.1917	0.1068	2015
2015-11-21	West Bromwich Albion	Arsenal	West Bromwich Albion	Arsenal	0.3329	2.0896	0.0257	0.1089	0.8654	2015
2015-11-21	Chelsea	Norwich	Chelsea	Norwich	2.1649	0.2028	0.8702	0.1111	0.0187	2015
2015-11-21	Everton	Aston Villa	Everton	Aston Villa	2.8307	0.3221	0.9355	0.0534	0.0111	2015
2015-11-21	Manchester City	Liverpool	Man City	Liverpool	1.0861	2.617	0.0916	0.1649	0.7435	2015
2015-11-21	Newcastle United	Leicester	Newcastle	Leicester	0.3724	3.2748	0.0047	0.0279	0.9674	2015
2015-11-21	Southampton	Stoke	Southampton	Stoke	0.7095	1.1949	0.2046	0.3092	0.4862	2015
2015-11-21	Swansea	Bournemouth	Swansea	Bournemouth	1.8853	1.5851	0.4528	0.2667	0.2805	2015
2015-11-21	Watford	Manchester United	Watford	Man United	1.4708	1.3026	0.4077	0.2975	0.2948	2015
2015-11-22	Tottenham	West Ham	Tottenham	West Ham	3.2235	0.8189	0.8979	0.0791	0.023	2015
2015-11-24	Crystal Palace	Sunderland	Crystal Palace	Sunderland	0.6962	1.3074	0.1696	0.283	0.5474	2015
2015-11-28	Aston Villa	Watford	Aston Villa	Watford	1.4897	1.4518	0.3732	0.2821	0.3447	2015
2015-11-28	Bournemouth	Everton	Bournemouth	Everton	1.691	0.729	0.6317	0.2298	0.1385	2015
2015-11-28	Crystal Palace	Newcastle United	Crystal Palace	Newcastle	1.6784	0.7913	0.5981	0.2543	0.1476	2015
2015-11-28	Leicester	Manchester United	Leicester	Man United	0.8763	1.0561	0.2717	0.3525	0.3758	2015
2015-11-28	Manchester City	Southampton	Man City	Southampton	2.1233	1.2448	0.6125	0.2333	0.1542	2015
2015-11-28	Sunderland	Stoke	Sunderland	Stoke	0.8635	0.7946	0.3156	0.367	0.3174	2015
2015-11-29	Liverpool	Swansea	Liverpool	Swansea	1.1936	0.3675	0.6697	0.2541	0.0762	2015
2015-11-29	Norwich	Arsenal	Norwich	Arsenal	1.0103	1.657	0.1807	0.2772	0.5421	2015
2015-11-29	Tottenham	Chelsea	Tottenham	Chelsea	0.3335	0.2834	0.2151	0.5885	0.1964	2015
2015-11-29	West Ham	West Bromwich Albion	West Ham	West Bromwich Albion	1.414	0.8663	0.4799	0.3079	0.2122	2015
2015-12-05	West Bromwich Albion	Tottenham	West Bromwich Albion	Tottenham	1.4869	1.1288	0.4505	0.317	0.2325	2015
2015-12-05	Watford	Norwich	Watford	Norwich	2.072	0.3105	0.8662	0.1112	0.0226	2015
2015-12-05	Swansea	Leicester	Swansea	Leicester	0.7806	2.2096	0.0979	0.1674	0.7347	2015
2015-12-05	Stoke	Manchester City	Stoke	Man City	2.0144	0.4838	0.8008	0.1534	0.0458	2015
2015-12-05	Manchester United	West Ham	Man United	West Ham	1.7606	1.1021	0.5319	0.2566	0.2115	2015
2015-12-05	Chelsea	Bournemouth	Chelsea	Bournemouth	1.6695	1.2591	0.4674	0.2706	0.262	2015
2015-12-05	Arsenal	Sunderland	Arsenal	Sunderland	2.2956	1.5228	0.5667	0.2329	0.2004	2015
2015-12-05	Southampton	Aston Villa	Southampton	Aston Villa	2.8605	1.058	0.7861	0.143	0.0709	2015
2015-12-06	Newcastle United	Liverpool	Newcastle	Liverpool	0.6463	0.999	0.1975	0.3505	0.452	2015
2015-12-08	Everton	Crystal Palace	Everton	Crystal Palace	1.6977	1.1905	0.5012	0.2789	0.2199	2015
2015-12-12	Bournemouth	Manchester United	Bournemouth	Man United	1.0503	1.9677	0.1405	0.2388	0.6207	2015
2015-12-12	Crystal Palace	Southampton	Crystal Palace	Southampton	1.3118	0.8904	0.4797	0.2971	0.2232	2015
2015-12-12	Manchester City	Swansea	Man City	Swansea	1.3434	0.9628	0.4645	0.2816	0.2539	2015
2015-12-12	Norwich	Everton	Norwich	Everton	1.4928	2.4356	0.164	0.2323	0.6037	2015
2015-12-12	Sunderland	Watford	Sunderland	Watford	0.8795	2.0562	0.1156	0.2107	0.6737	2015
2015-12-12	West Ham	Stoke	West Ham	Stoke	1.1318	1.8724	0.1888	0.2353	0.5759	2015
2015-12-13	Tottenham	Newcastle United	Tottenham	Newcastle	1.0332	1.5525	0.1837	0.2912	0.5251	2015
2015-12-13	Liverpool	West Bromwich Albion	Liverpool	West Bromwich Albion	2.1258	0.8359	0.6992	0.2027	0.0981	2015
2015-12-13	Aston Villa	Arsenal	Aston Villa	Arsenal	1.0088	1.685	0.1716	0.2615	0.5669	2015
2015-12-15	Leicester	Chelsea	Leicester	Chelsea	0.7088	2.2689	0.0526	0.1514	0.796	2015
2015-12-19	Chelsea	Sunderland	Chelsea	Sunderland	3.0202	1.2357	0.8122	0.1333	0.0545	2015
2015-12-19	Everton	Leicester	Everton	Leicester	1.4898	2.0291	0.1942	0.2849	0.5209	2015
2015-12-19	Manchester United	Norwich	Man United	Norwich	1.0139	0.5569	0.4673	0.3409	0.1918	2015
2015-12-19	Newcastle United	Aston Villa	Newcastle	Aston Villa	1.2819	0.4044	0.6335	0.2673	0.0992	2015
2015-12-19	Southampton	Tottenham	Southampton	Tottenham	0.8338	1.4745	0.178	0.2709	0.5511	2015
2015-12-19	Stoke	Crystal Palace	Stoke	Crystal Palace	2.415	1.9535	0.4761	0.2468	0.2771	2015
2015-12-19	West Bromwich Albion	Bournemouth	West Bromwich Albion	Bournemouth	0.6983	1.8918	0.0774	0.2036	0.719	2015
2015-12-20	Swansea	West Ham	Swansea	West Ham	0.9734	0.402	0.4913	0.358	0.1507	2015
2015-12-20	Watford	Liverpool	Watford	Liverpool	1.9934	0.3763	0.8673	0.104	0.0287	2015
2015-12-22	Arsenal	Manchester City	Arsenal	Man City	1.5011	0.7694	0.5799	0.261	0.1591	2015
2015-12-26	Southampton	Arsenal	Southampton	Arsenal	2.4303	0.8311	0.7896	0.1524	0.058	2015
2015-12-26	Newcastle United	Everton	Newcastle	Everton	1.3571	1.6992	0.281	0.2713	0.4477	2015
2015-12-26	Stoke	Manchester United	Stoke	Man United	1.1821	1.2896	0.3096	0.311	0.3794	2015
2015-12-26	Manchester City	Sunderland	Man City	Sunderland	3.5185	1.081	0.898	0.076	0.026	2015
2015-12-26	Swansea	West Bromwich Albion	Swansea	West Bromwich Albion	1.2124	0.5546	0.6207	0.2896	0.0897	2015
2015-12-26	Chelsea	Watford	Chelsea	Watford	2.0936	1.667	0.4647	0.2681	0.2672	2015
2015-12-26	Bournemouth	Crystal Palace	Bournemouth	Crystal Palace	0.8714	0.4052	0.4664	0.3836	0.15	2015
2015-12-26	Aston Villa	West Ham	Aston Villa	West Ham	1.6123	0.836	0.5853	0.2727	0.142	2015
2015-12-26	Liverpool	Leicester	Liverpool	Leicester	1.3793	0.5052	0.6019	0.2772	0.1209	2015
2015-12-26	Tottenham	Norwich	Tottenham	Norwich	2.4067	0.452	0.8655	0.1065	0.028	2015
2015-12-28	Watford	Tottenham	Watford	Tottenham	1.1301	0.5272	0.5728	0.3087	0.1185	2015
2015-12-28	West Ham	Southampton	West Ham	Southampton	1.7956	1.3709	0.4794	0.2713	0.2493	2015
2015-12-28	Norwich	Aston Villa	Norwich	Aston Villa	1.1032	0.2359	0.6386	0.2924	0.069	2015
2015-12-28	West Bromwich Albion	Newcastle United	West Bromwich Albion	Newcastle	2.1039	0.4562	0.7878	0.1548	0.0574	2015
2015-12-28	Everton	Stoke	Everton	Stoke	2.2472	1.5816	0.5398	0.2561	0.2041	2015
2015-12-28	Arsenal	Bournemouth	Arsenal	Bournemouth	3.1296	0.3438	0.9481	0.0435	0.0084	2015
2015-12-28	Manchester United	Chelsea	Man United	Chelsea	1.3521	0.9	0.4964	0.3069	0.1967	2015
2015-12-28	Crystal Palace	Swansea	Crystal Palace	Swansea	0.7352	0.1694	0.5035	0.4244	0.0721	2015
2015-12-29	Leicester	Manchester City	Leicester	Man City	0.8104	1.6678	0.1529	0.2457	0.6014	2015
2015-12-30	Sunderland	Liverpool	Sunderland	Liverpool	0.4816	1.8074	0.0688	0.1947	0.7365	2015
2016-01-02	Arsenal	Newcastle United	Arsenal	Newcastle	1.9303	1.1534	0.5807	0.2277	0.1916	2015
2016-01-02	Leicester	Bournemouth	Leicester	Bournemouth	2.2851	1.2593	0.6484	0.2224	0.1292	2015
2016-01-02	Manchester United	Swansea	Man United	Swansea	1.7427	0.5429	0.6836	0.2232	0.0932	2015
2016-01-02	Norwich	Southampton	Norwich	Southampton	1.5051	0.9323	0.5291	0.2772	0.1937	2015
2016-01-02	Sunderland	Aston Villa	Sunderland	Aston Villa	0.7612	0.2796	0.4432	0.4303	0.1265	2015
2016-01-02	Watford	Manchester City	Watford	Man City	0.9854	0.6921	0.4296	0.3301	0.2403	2015
2016-01-02	West Bromwich Albion	Stoke	West Bromwich Albion	Stoke	1.7232	0.9175	0.5918	0.2634	0.1448	2015
2016-01-02	West Ham	Liverpool	West Ham	Liverpool	2.0674	1.8659	0.4218	0.2629	0.3153	2015
2016-01-03	Crystal Palace	Chelsea	Crystal Palace	Chelsea	0.5465	2.3747	0.0296	0.1141	0.8563	2015
2016-01-03	Everton	Tottenham	Everton	Tottenham	0.7216	0.7591	0.3064	0.3709	0.3227	2015
2016-01-12	Bournemouth	West Ham	Bournemouth	West Ham	0.7295	1.1845	0.1899	0.3365	0.4736	2015
2016-01-12	Newcastle United	Manchester United	Newcastle	Man United	1.813	2.3622	0.2452	0.2462	0.5086	2015
2016-01-12	Aston Villa	Crystal Palace	Aston Villa	Crystal Palace	0.552	0.5479	0.2757	0.4363	0.288	2015
2016-01-13	Chelsea	West Bromwich Albion	Chelsea	West Bromwich Albion	1.3853	0.7043	0.5706	0.2724	0.157	2015
2016-01-13	Manchester City	Everton	Man City	Everton	1.4496	0.3695	0.6669	0.2516	0.0815	2015
2016-01-13	Southampton	Watford	Southampton	Watford	1.7224	0.1154	0.8237	0.1591	0.0172	2015
2016-01-13	Stoke	Norwich	Stoke	Norwich	1.2446	0.1937	0.6995	0.2532	0.0473	2015
2016-01-13	Swansea	Sunderland	Swansea	Sunderland	1.0653	2.4906	0.0471	0.1615	0.7914	2015
2016-01-14	Liverpool	Arsenal	Liverpool	Arsenal	1.1622	2.2291	0.1365	0.1982	0.6653	2015
2016-01-14	Tottenham	Leicester	Tottenham	Leicester	1.2301	0.5887	0.5268	0.3044	0.1688	2015
2016-01-16	Aston Villa	Leicester	Aston Villa	Leicester	0.6654	2.2153	0.051	0.1399	0.8091	2015
2016-01-16	Bournemouth	Norwich	Bournemouth	Norwich	2.5309	0.5955	0.8615	0.1054	0.0331	2015
2016-01-16	Chelsea	Everton	Chelsea	Everton	2.4486	1.5891	0.6084	0.2338	0.1578	2015
2016-01-16	Manchester City	Crystal Palace	Man City	Crystal Palace	1.7403	0.6133	0.6974	0.2173	0.0853	2015
2016-01-16	Newcastle United	West Ham	Newcastle	West Ham	1.8426	1.0825	0.566	0.2425	0.1915	2015
2016-01-16	Southampton	West Bromwich Albion	Southampton	West Bromwich Albion	1.4262	0.4108	0.7089	0.2237	0.0674	2015
2016-01-16	Tottenham	Sunderland	Tottenham	Sunderland	2.0258	0.6173	0.7545	0.1805	0.065	2015
2016-01-17	Liverpool	Manchester United	Liverpool	Man United	0.953	0.7157	0.379	0.3618	0.2592	2015
2016-01-17	Stoke	Arsenal	Stoke	Arsenal	0.5469	0.5858	0.2667	0.4343	0.299	2015
2016-01-19	Swansea	Watford	Swansea	Watford	0.474	0.5255	0.2495	0.4633	0.2872	2015
2016-01-23	Crystal Palace	Tottenham	Crystal Palace	Tottenham	0.9308	1.7437	0.1771	0.2463	0.5766	2015
2016-01-23	Leicester	Stoke	Leicester	Stoke	2.2591	0.3405	0.8687	0.1115	0.0198	2015
2016-01-23	Manchester United	Southampton	Man United	Southampton	0.1872	0.8359	0.0676	0.3885	0.5439	2015
2016-01-23	Norwich	Liverpool	Norwich	Liverpool	1.0343	1.4494	0.2233	0.3216	0.4551	2015
2016-01-23	Sunderland	Bournemouth	Sunderland	Bournemouth	0.6121	1.2685	0.1541	0.2939	0.552	2015
2016-01-23	Watford	Newcastle United	Watford	Newcastle	2.5871	1.2927	0.6936	0.1839	0.1225	2015
2016-01-23	West Bromwich Albion	Aston Villa	West Bromwich Albion	Aston Villa	0.2318	0.5625	0.1251	0.5024	0.3725	2015
2016-01-23	West Ham	Manchester City	West Ham	Man City	1.0127	1.7318	0.1649	0.2729	0.5622	2015
2016-01-24	Everton	Swansea	Everton	Swansea	1.9409	1.0805	0.5925	0.2715	0.136	2015
2016-01-24	Arsenal	Chelsea	Arsenal	Chelsea	1.1091	1.4878	0.2445	0.2932	0.4623	2015
2016-02-02	Arsenal	Southampton	Arsenal	Southampton	3.3849	0.9341	0.8857	0.0828	0.0315	2015
2016-02-02	Leicester	Liverpool	Leicester	Liverpool	1.3457	0.5808	0.6	0.271	0.129	2015
2016-02-02	Norwich	Tottenham	Norwich	Tottenham	0.9293	2.7547	0.0469	0.1271	0.826	2015
2016-02-02	Sunderland	Manchester City	Sunderland	Man City	0.8884	0.6385	0.3784	0.3829	0.2387	2015
2016-02-02	West Ham	Aston Villa	West Ham	Aston Villa	2.3462	0.1079	0.9456	0.0506	0.0038	2015
2016-02-03	West Bromwich Albion	Swansea	West Bromwich Albion	Swansea	2.3064	1.1793	0.667	0.1986	0.1344	2015
2016-02-03	Watford	Chelsea	Watford	Chelsea	0.5314	1.1369	0.1544	0.313	0.5326	2015
2016-02-03	Everton	Newcastle United	Everton	Newcastle	2.4845	0.6262	0.8645	0.1082	0.0273	2015
2016-02-03	Crystal Palace	Bournemouth	Crystal Palace	Bournemouth	1.624	1.1743	0.484	0.2782	0.2378	2015
2016-02-03	Manchester United	Stoke	Man United	Stoke	2.4527	0.3509	0.8985	0.0829	0.0186	2015
2016-02-06	Aston Villa	Norwich	Aston Villa	Norwich	0.9183	1.1413	0.2751	0.3144	0.4105	2015
2016-02-06	Liverpool	Sunderland	Liverpool	Sunderland	1.5771	0.4918	0.6829	0.2273	0.0898	2015
2016-02-06	Manchester City	Leicester	Man City	Leicester	1.7072	2.5017	0.2193	0.2132	0.5675	2015
2016-02-06	Newcastle United	West Bromwich Albion	Newcastle	West Bromwich Albion	2.4106	0.4726	0.8488	0.1166	0.0346	2015
2016-02-06	Southampton	West Ham	Southampton	West Ham	1.0649	0.9706	0.3839	0.3199	0.2962	2015
2016-02-06	Stoke	Everton	Stoke	Everton	0.6935	3.0591	0.0284	0.0805	0.8911	2015
2016-02-06	Swansea	Crystal Palace	Swansea	Crystal Palace	1.3214	1.0147	0.4121	0.3042	0.2837	2015
2016-02-06	Tottenham	Watford	Tottenham	Watford	2.0048	0.1498	0.8571	0.1263	0.0166	2015
2016-02-07	Bournemouth	Arsenal	Bournemouth	Arsenal	0.5843	1.1396	0.171	0.3165	0.5125	2015
2016-02-07	Chelsea	Manchester United	Chelsea	Man United	1.6155	0.7805	0.603	0.2449	0.1521	2015
2016-02-13	Norwich	West Ham	Norwich	West Ham	1.0336	0.7414	0.4293	0.3326	0.2381	2015
2016-02-13	Sunderland	Manchester United	Sunderland	Man United	1.4819	0.9083	0.5111	0.2694	0.2195	2015
2016-02-13	Everton	West Bromwich Albion	Everton	West Bromwich Albion	1.8291	1.1974	0.5109	0.2919	0.1972	2015
2016-02-13	Swansea	Southampton	Swansea	Southampton	0.699	1.1935	0.2038	0.3107	0.4855	2015
2016-02-13	Chelsea	Newcastle United	Chelsea	Newcastle	2.0858	0.4307	0.8205	0.1398	0.0397	2015
2016-02-13	Crystal Palace	Watford	Crystal Palace	Watford	0.9839	1.9973	0.1024	0.2248	0.6728	2015
2016-02-13	Bournemouth	Stoke	Bournemouth	Stoke	1.1943	0.9273	0.4243	0.3188	0.2569	2015
2016-02-14	Arsenal	Leicester	Arsenal	Leicester	2.3632	1.3125	0.6167	0.226	0.1573	2015
2016-02-14	Aston Villa	Liverpool	Aston Villa	Liverpool	0.1749	2.0076	0.0134	0.1023	0.8843	2015
2016-02-14	Manchester City	Tottenham	Man City	Tottenham	1.9788	1.2352	0.5529	0.2744	0.1727	2015
2016-02-27	Leicester	Norwich	Leicester	Norwich	1.7645	0.8148	0.6639	0.2299	0.1062	2015
2016-02-27	Southampton	Chelsea	Southampton	Chelsea	1.0107	0.631	0.4643	0.3336	0.2021	2015
2016-02-27	Stoke	Aston Villa	Stoke	Aston Villa	2.0405	0.4143	0.8681	0.1145	0.0174	2015
2016-02-27	Watford	Bournemouth	Watford	Bournemouth	1.0048	0.9553	0.3398	0.3331	0.3271	2015
2016-02-27	West Bromwich Albion	Crystal Palace	West Bromwich Albion	Crystal Palace	2.0749	1.2164	0.6115	0.2385	0.15	2015
2016-02-27	West Ham	Sunderland	West Ham	Sunderland	0.5239	1.0789	0.1598	0.3332	0.507	2015
2016-02-28	Manchester United	Arsenal	Man United	Arsenal	1.0952	1.5435	0.2349	0.2833	0.4818	2015
2016-02-28	Tottenham	Swansea	Tottenham	Swansea	3.5732	1.2494	0.8519	0.0974	0.0507	2015
2016-03-01	Sunderland	Crystal Palace	Sunderland	Crystal Palace	0.9337	0.8874	0.3515	0.3282	0.3203	2015
2016-03-01	Leicester	West Bromwich Albion	Leicester	West Bromwich Albion	3.0463	1.2949	0.7895	0.1435	0.067	2015
2016-03-01	Norwich	Chelsea	Norwich	Chelsea	1.2416	0.981	0.4305	0.3041	0.2654	2015
2016-03-01	Aston Villa	Everton	Aston Villa	Everton	0.6018	2.6367	0.0406	0.1041	0.8553	2015
2016-03-01	Bournemouth	Southampton	Bournemouth	Southampton	1.4123	0.9542	0.4826	0.3075	0.2099	2015
2016-03-02	Arsenal	Swansea	Arsenal	Swansea	1.4928	1.6979	0.2983	0.2716	0.4301	2015
2016-03-02	Stoke	Newcastle United	Stoke	Newcastle	0.2983	0.2708	0.2002	0.614	0.1858	2015
2016-03-02	West Ham	Tottenham	West Ham	Tottenham	0.7843	1.2267	0.199	0.2961	0.5049	2015
2016-03-03	Liverpool	Manchester City	Liverpool	Man City	1.1678	0.1803	0.6854	0.2704	0.0442	2015
2016-03-03	Manchester United	Watford	Man United	Watford	0.7863	2.1648	0.0969	0.1716	0.7315	2015
2016-03-05	Everton	West Ham	Everton	West Ham	2.0903	2.7209	0.2512	0.2213	0.5275	2015
2016-03-05	Chelsea	Stoke	Chelsea	Stoke	1.0615	1.6029	0.2301	0.2578	0.5121	2015
2016-03-05	Manchester City	Aston Villa	Man City	Aston Villa	2.8327	0.1211	0.9594	0.0378	0.0028	2015
2016-03-05	Newcastle United	Bournemouth	Newcastle	Bournemouth	0.8339	1.2685	0.2406	0.2977	0.4617	2015
2016-03-05	Southampton	Sunderland	Southampton	Sunderland	1.5459	1.3156	0.4147	0.2789	0.3064	2015
2016-03-05	Swansea	Norwich	Swansea	Norwich	0.5459	0.5801	0.2762	0.4246	0.2992	2015
2016-03-05	Tottenham	Arsenal	Tottenham	Arsenal	1.8838	0.5432	0.7353	0.1861	0.0786	2015
2016-03-05	Watford	Leicester	Watford	Leicester	0.8293	1.4704	0.1857	0.2834	0.5309	2015
2016-03-06	West Bromwich Albion	Manchester United	West Bromwich Albion	Man United	0.5658	0.4176	0.3171	0.4628	0.2201	2015
2016-03-06	Crystal Palace	Liverpool	Crystal Palace	Liverpool	1.439	2.2709	0.1751	0.2328	0.5921	2015
2016-03-12	Stoke	Southampton	Stoke	Southampton	1.0668	0.875	0.4052	0.3218	0.273	2015
2016-03-12	Norwich	Manchester City	Norwich	Man City	0.1397	0.5574	0.0732	0.5371	0.3897	2015
2016-03-12	Bournemouth	Swansea	Bournemouth	Swansea	0.7076	1.0956	0.2141	0.3125	0.4734	2015
2016-03-13	Aston Villa	Tottenham	Aston Villa	Tottenham	1.8402	2.0014	0.3505	0.2544	0.3951	2015
2016-03-14	Leicester	Newcastle United	Leicester	Newcastle	0.8468	0.5187	0.4128	0.3765	0.2107	2015
2016-03-19	Watford	Stoke	Watford	Stoke	0.8795	1.5815	0.1641	0.2743	0.5616	2015
2016-03-19	Swansea	Aston Villa	Swansea	Aston Villa	0.4905	0.7308	0.2134	0.4131	0.3735	2015
2016-03-19	West Bromwich Albion	Norwich	West Bromwich Albion	Norwich	0.3328	0.7993	0.1296	0.3914	0.479	2015
2016-03-19	Crystal Palace	Leicester	Crystal Palace	Leicester	0.7843	1.2031	0.2303	0.3048	0.4649	2015
2016-03-19	Chelsea	West Ham	Chelsea	West Ham	2.1406	0.8628	0.7106	0.188	0.1014	2015
2016-03-19	Everton	Arsenal	Everton	Arsenal	0.5862	1.9238	0.0621	0.1765	0.7614	2015
2016-03-20	Manchester City	Manchester United	Man City	Man United	1.8625	0.9003	0.6074	0.2416	0.151	2015
2016-03-20	Newcastle United	Sunderland	Newcastle	Sunderland	0.9406	0.785	0.3775	0.34	0.2825	2015
2016-03-20	Southampton	Liverpool	Southampton	Liverpool	1.5687	1.2905	0.4416	0.28	0.2784	2015
2016-03-20	Tottenham	Bournemouth	Tottenham	Bournemouth	2.0269	0.1204	0.894	0.0965	0.0095	2015
2016-04-02	Stoke	Swansea	Stoke	Swansea	1.176	0.4319	0.6017	0.289	0.1093	2015
2016-04-02	West Ham	Crystal Palace	West Ham	Crystal Palace	1.7137	1.6559	0.372	0.2703	0.3577	2015
2016-04-02	Sunderland	West Bromwich Albion	Sunderland	West Bromwich Albion	1.5454	0.0636	0.7948	0.1948	0.0104	2015
2016-04-02	Norwich	Newcastle United	Norwich	Newcastle	1.6522	1.4684	0.4074	0.2903	0.3023	2015
2016-04-02	Liverpool	Tottenham	Liverpool	Tottenham	1.3795	1.2358	0.3938	0.2732	0.333	2015
2016-04-02	Bournemouth	Manchester City	Bournemouth	Man City	1.3239	0.8683	0.4982	0.2815	0.2203	2015
2016-04-02	Aston Villa	Chelsea	Aston Villa	Chelsea	0.7251	2.4936	0.0442	0.1162	0.8396	2015
2016-04-02	Arsenal	Watford	Arsenal	Watford	3.0074	0.2906	0.9558	0.0384	0.0058	2015
2016-04-03	Leicester	Southampton	Leicester	Southampton	1.387	0.6701	0.5671	0.2844	0.1485	2015
2016-04-03	Manchester United	Everton	Man United	Everton	0.9987	0.7556	0.4179	0.3492	0.2329	2015
2016-04-09	Aston Villa	Bournemouth	Aston Villa	Bournemouth	0.2209	1.0038	0.0717	0.3483	0.58	2015
2016-04-09	Crystal Palace	Norwich	Crystal Palace	Norwich	1.4503	0.6757	0.592	0.2654	0.1426	2015
2016-04-09	Manchester City	West Bromwich Albion	Man City	West Bromwich Albion	2.0732	1.0941	0.6542	0.2287	0.1171	2015
2016-04-09	Southampton	Newcastle United	Southampton	Newcastle	1.7848	0.166	0.8328	0.1432	0.024	2015
2016-04-09	Swansea	Chelsea	Swansea	Chelsea	1.9071	1.3003	0.5249	0.2659	0.2092	2015
2016-04-09	Watford	Everton	Watford	Everton	0.4084	1.5998	0.0705	0.2082	0.7213	2015
2016-04-09	West Ham	Arsenal	West Ham	Arsenal	1.1097	1.4697	0.2672	0.2662	0.4666	2015
2016-04-10	Liverpool	Stoke	Liverpool	Stoke	2.2148	0.8551	0.7428	0.1704	0.0868	2015
2016-04-10	Sunderland	Leicester	Sunderland	Leicester	0.8722	2.6007	0.0576	0.1406	0.8018	2015
2016-04-10	Tottenham	Manchester United	Tottenham	Man United	1.7965	0.3412	0.7806	0.1721	0.0473	2015
2016-04-13	Crystal Palace	Everton	Crystal Palace	Everton	1.5902	0.7593	0.5854	0.2516	0.163	2015
2016-04-16	West Bromwich Albion	Watford	West Bromwich Albion	Watford	2.2915	0.3649	0.8984	0.0836	0.018	2015
2016-04-16	Norwich	Sunderland	Norwich	Sunderland	1.0901	1.9975	0.1464	0.228	0.6256	2015
2016-04-16	Newcastle United	Swansea	Newcastle	Swansea	1.5024	0.7871	0.5735	0.2656	0.1609	2015
2016-04-16	Manchester United	Aston Villa	Man United	Aston Villa	1.0913	0.2624	0.6032	0.3146	0.0822	2015
2016-04-16	Everton	Southampton	Everton	Southampton	0.3187	1.3832	0.0721	0.2592	0.6687	2015
2016-04-16	Chelsea	Manchester City	Chelsea	Man City	0.4877	2.6277	0.0231	0.081	0.8959	2015
2016-04-17	Arsenal	Crystal Palace	Arsenal	Crystal Palace	1.7346	0.2758	0.7641	0.1886	0.0473	2015
2016-04-17	Bournemouth	Liverpool	Bournemouth	Liverpool	0.8591	1.8144	0.1384	0.2284	0.6332	2015
2016-04-17	Leicester	West Ham	Leicester	West Ham	1.953	1.5682	0.4751	0.2838	0.2411	2015
2016-04-18	Stoke	Tottenham	Stoke	Tottenham	0.4584	2.8977	0.0203	0.0793	0.9004	2015
2016-04-19	Newcastle United	Manchester City	Newcastle	Man City	0.4552	0.522	0.2521	0.4631	0.2848	2015
2016-04-20	Liverpool	Everton	Liverpool	Everton	3.2447	0.0886	0.9664	0.0314	0.0022	2015
2016-04-20	Manchester United	Crystal Palace	Man United	Crystal Palace	1.4661	0.1374	0.8173	0.1625	0.0202	2015
2016-04-20	West Ham	Watford	West Ham	Watford	3.9629	1.2233	0.9281	0.055	0.0169	2015
2016-04-21	Arsenal	West Bromwich Albion	Arsenal	West Bromwich Albion	1.3735	0.8397	0.4846	0.305	0.2104	2015
2016-04-23	Liverpool	Newcastle United	Liverpool	Newcastle	0.7129	0.253	0.4419	0.4427	0.1154	2015
2016-04-23	Manchester City	Stoke	Man City	Stoke	2.2248	1.0917	0.6826	0.1953	0.1221	2015
2016-04-23	Aston Villa	Southampton	Aston Villa	Southampton	1.4719	3.6648	0.0697	0.1061	0.8242	2015
2016-04-23	Bournemouth	Chelsea	Bournemouth	Chelsea	0.5751	2.0719	0.0702	0.1646	0.7652	2015
2016-04-24	Leicester	Swansea	Leicester	Swansea	3.3158	0.5765	0.9598	0.0341	0.0061	2015
2016-04-24	Sunderland	Arsenal	Sunderland	Arsenal	0.6171	0.973	0.2275	0.345	0.4275	2015
2016-04-25	Tottenham	West Bromwich Albion	Tottenham	West Bromwich Albion	1.2635	0.8944	0.4449	0.3018	0.2533	2015
2016-04-30	West Bromwich Albion	West Ham	West Bromwich Albion	West Ham	1.5346	1.2718	0.4153	0.3091	0.2756	2015
2016-04-30	Watford	Aston Villa	Watford	Aston Villa	1.3625	0.4918	0.5973	0.2809	0.1218	2015
2016-04-30	Stoke	Sunderland	Stoke	Sunderland	0.6849	1.431	0.1341	0.2734	0.5925	2015
2016-04-30	Everton	Bournemouth	Everton	Bournemouth	0.9528	1.426	0.2267	0.2866	0.4867	2015
2016-04-30	Arsenal	Norwich	Arsenal	Norwich	0.7815	0.5788	0.3665	0.392	0.2415	2015
2016-04-30	Newcastle United	Crystal Palace	Newcastle	Crystal Palace	0.5341	1.0508	0.1357	0.3261	0.5382	2015
2016-05-01	Manchester United	Leicester	Man United	Leicester	1.1846	1.1662	0.3522	0.287	0.3608	2015
2016-05-01	Southampton	Manchester City	Southampton	Man City	2.8436	1.1272	0.814	0.1401	0.0459	2015
2016-05-01	Swansea	Liverpool	Swansea	Liverpool	2.3186	0.7762	0.7697	0.1641	0.0662	2015
2016-05-02	Chelsea	Tottenham	Chelsea	Tottenham	0.8166	1.9041	0.1027	0.2163	0.681	2015
2016-05-07	Sunderland	Chelsea	Sunderland	Chelsea	0.7739	1.7768	0.1323	0.2196	0.6481	2015
2016-05-07	West Ham	Swansea	West Ham	Swansea	2.3945	2.4726	0.3543	0.257	0.3887	2015
2016-05-07	Leicester	Everton	Leicester	Everton	4.5053	1.3018	0.9249	0.0535	0.0216	2015
2016-05-07	Norwich	Manchester United	Norwich	Man United	1.3682	1.4834	0.3319	0.2787	0.3894	2015
2016-05-07	Bournemouth	West Bromwich Albion	Bournemouth	West Bromwich Albion	0.815	1.3428	0.1747	0.3058	0.5195	2015
2016-05-07	Aston Villa	Newcastle United	Aston Villa	Newcastle	0.0312	1.0963	0.0097	0.2869	0.7034	2015
2016-05-07	Crystal Palace	Stoke	Crystal Palace	Stoke	1.3145	1.2777	0.3608	0.2966	0.3426	2015
2016-05-08	Liverpool	Watford	Liverpool	Watford	2.3892	0.9308	0.7358	0.1675	0.0967	2015
2016-05-08	Manchester City	Arsenal	Man City	Arsenal	0.7538	1.0808	0.2304	0.3122	0.4574	2015
2016-05-08	Tottenham	Southampton	Tottenham	Southampton	2.5555	1.3081	0.6943	0.1938	0.1119	2015
2016-05-10	West Ham	Manchester United	West Ham	Man United	2.1331	0.636	0.7557	0.1832	0.0611	2015
2016-05-11	Liverpool	Chelsea	Liverpool	Chelsea	1.8393	0.8123	0.6351	0.2204	0.1445	2015
2016-05-11	Norwich	Watford	Norwich	Watford	2.4187	1.7686	0.5392	0.2364	0.2244	2015
2016-05-11	Sunderland	Everton	Sunderland	Everton	2.4489	1.1656	0.7137	0.1909	0.0954	2015
2016-05-15	Swansea	Manchester City	Swansea	Man City	0.1156	2.04	0.0059	0.0703	0.9238	2015
2016-05-15	West Bromwich Albion	Liverpool	West Bromwich Albion	Liverpool	1.8687	0.4199	0.81	0.1498	0.0402	2015
2016-05-15	Watford	Sunderland	Watford	Sunderland	1.9528	0.9088	0.6536	0.2276	0.1188	2015
2016-05-15	Southampton	Crystal Palace	Southampton	Crystal Palace	2.3228	1.2486	0.6471	0.2062	0.1467	2015
2016-05-15	Stoke	West Ham	Stoke	West Ham	0.2887	2.9449	0.0079	0.0486	0.9435	2015
2016-05-15	Everton	Norwich	Everton	Norwich	2.4078	0.4302	0.8762	0.0991	0.0247	2015
2016-05-15	Chelsea	Leicester	Chelsea	Leicester	1.8606	1.2349	0.5337	0.254	0.2123	2015
2016-05-15	Arsenal	Aston Villa	Arsenal	Aston Villa	3.4021	0.2227	0.9677	0.0283	0.004	2015
2016-05-15	Newcastle United	Tottenham	Newcastle	Tottenham	2.4281	0.8691	0.7615	0.1586	0.0799	2015
2016-05-17	Manchester United	Bournemouth	Man United	Bournemouth	1.7211	0.5035	0.7221	0.2007	0.0772	2015
2016-08-13	Burnley	Swansea	Burnley	Swansea	1.049	1.7209	0.1626	0.2888	0.5486	2016
2016-08-13	Crystal Palace	West Bromwich Albion	Crystal Palace	West Bromwich Albion	0.9901	0.6846	0.4295	0.3356	0.2349	2016
2016-08-13	Everton	Tottenham	Everton	Tottenham	0.7901	1.1235	0.2313	0.3322	0.4365	2016
2016-08-13	Hull	Leicester	Hull	Leicester	0.74	2.4563	0.0538	0.1247	0.8215	2016
2016-08-13	Manchester City	Sunderland	Man City	Sunderland	1.9548	1.0988	0.598	0.2506	0.1514	2016
2016-08-13	Middlesbrough	Stoke	Middlesbrough	Stoke	1.8052	0.4856	0.7885	0.1624	0.0491	2016
2016-08-13	Southampton	Watford	Southampton	Watford	0.9373	0.18	0.5425	0.3917	0.0658	2016
2016-08-14	Arsenal	Liverpool	Arsenal	Liverpool	1.182	1.6591	0.2393	0.2859	0.4748	2016
2016-08-14	Bournemouth	Manchester United	Bournemouth	Man United	0.5228	1.911	0.0548	0.159	0.7862	2016
2016-08-15	Chelsea	West Ham	Chelsea	West Ham	1.4603	0.4456	0.6858	0.2362	0.078	2016
2016-08-19	Manchester United	Southampton	Man United	Southampton	1.3655	0.6132	0.6019	0.2712	0.1269	2016
2016-08-20	Tottenham	Crystal Palace	Tottenham	Crystal Palace	2.2562	0.3579	0.8706	0.1053	0.0241	2016
2016-08-20	Watford	Chelsea	Watford	Chelsea	0.8045	1.7559	0.1078	0.2467	0.6455	2016
2016-08-20	Swansea	Hull	Swansea	Hull	1.1413	2.1865	0.135	0.2041	0.6609	2016
2016-08-20	West Bromwich Albion	Everton	West Bromwich Albion	Everton	2.0189	1.839	0.3984	0.2562	0.3454	2016
2016-08-20	Leicester	Arsenal	Leicester	Arsenal	0.5537	0.5215	0.2918	0.4486	0.2596	2016
2016-08-20	Burnley	Liverpool	Burnley	Liverpool	0.1975	0.939	0.0721	0.373	0.5549	2016
2016-08-20	Stoke	Manchester City	Stoke	Man City	1.3107	2.172	0.1427	0.2554	0.6019	2016
2016-08-21	Sunderland	Middlesbrough	Sunderland	Middlesbrough	1.4645	0.8549	0.5193	0.2957	0.185	2016
2016-08-21	West Ham	Bournemouth	West Ham	Bournemouth	1.6929	0.3934	0.7472	0.1962	0.0566	2016
2016-08-27	Watford	Arsenal	Watford	Arsenal	1.0777	2.0327	0.1375	0.2184	0.6441	2016
2016-08-27	Tottenham	Liverpool	Tottenham	Liverpool	0.5905	1.9257	0.0672	0.1704	0.7624	2016
2016-08-27	Southampton	Sunderland	Southampton	Sunderland	0.6137	1.3914	0.1211	0.2572	0.6217	2016
2016-08-27	Leicester	Swansea	Leicester	Swansea	2.4798	0.3282	0.9129	0.0717	0.0154	2016
2016-08-27	Hull	Manchester United	Hull	Man United	0.2688	2.4721	0.0115	0.0622	0.9263	2016
2016-08-27	Everton	Stoke	Everton	Stoke	2.3184	0.1874	0.9114	0.0778	0.0108	2016
2016-08-27	Crystal Palace	Bournemouth	Crystal Palace	Bournemouth	2.659	0.974	0.7804	0.1446	0.075	2016
2016-08-27	Chelsea	Burnley	Chelsea	Burnley	2.6584	0.1845	0.9265	0.0623	0.0112	2016
2016-08-28	Manchester City	West Ham	Man City	West Ham	3.2162	1.0838	0.8305	0.1137	0.0558	2016
2016-08-28	West Bromwich Albion	Middlesbrough	West Bromwich Albion	Middlesbrough	0.6968	0.3968	0.383	0.4435	0.1735	2016
2016-09-10	West Ham	Watford	West Ham	Watford	1.3222	1.8548	0.2437	0.2487	0.5076	2016
2016-09-10	Stoke	Tottenham	Stoke	Tottenham	1.0177	2.7702	0.0711	0.1311	0.7978	2016
2016-09-10	Middlesbrough	Crystal Palace	Middlesbrough	Crystal Palace	0.612	1.1244	0.1752	0.317	0.5078	2016
2016-09-10	Manchester United	Manchester City	Man United	Man City	1.0101	1.8869	0.1589	0.2351	0.606	2016
2016-09-10	Burnley	Hull	Burnley	Hull	0.4531	0.9071	0.1647	0.3618	0.4735	2016
2016-09-10	Bournemouth	West Bromwich Albion	Bournemouth	West Bromwich Albion	0.9865	1.4835	0.2038	0.287	0.5092	2016
2016-09-10	Arsenal	Southampton	Arsenal	Southampton	1.8922	1.1752	0.5518	0.2623	0.1859	2016
2016-09-10	Liverpool	Leicester	Liverpool	Leicester	2.7692	1.2251	0.7347	0.1643	0.101	2016
2016-09-11	Swansea	Chelsea	Swansea	Chelsea	1.2304	2.1904	0.1643	0.2464	0.5893	2016
2016-09-12	Sunderland	Everton	Sunderland	Everton	1.0404	2.8453	0.0753	0.141	0.7837	2016
2016-09-16	Chelsea	Liverpool	Chelsea	Liverpool	1.1642	1.4164	0.272	0.3052	0.4228	2016
2016-09-17	Leicester	Burnley	Leicester	Burnley	1.985	0.4645	0.8043	0.155	0.0407	2016
2016-09-17	West Bromwich Albion	West Ham	West Bromwich Albion	West Ham	1.9423	2.3742	0.2819	0.2606	0.4575	2016
2016-09-17	Manchester City	Bournemouth	Man City	Bournemouth	3.3873	0.3897	0.971	0.0252	0.0038	2016
2016-09-17	Hull	Arsenal	Hull	Arsenal	0.9697	3.6345	0.0142	0.0649	0.9209	2016
2016-09-17	Everton	Middlesbrough	Everton	Middlesbrough	1.1747	0.1781	0.6985	0.2628	0.0387	2016
2016-09-18	Crystal Palace	Stoke	Crystal Palace	Stoke	1.3137	1.2031	0.3724	0.3114	0.3162	2016
2016-09-18	Southampton	Swansea	Southampton	Swansea	2.1522	0.4907	0.7973	0.1491	0.0536	2016
2016-09-18	Tottenham	Sunderland	Tottenham	Sunderland	2.5259	0.9608	0.7549	0.1649	0.0802	2016
2016-09-18	Watford	Manchester United	Watford	Man United	1.7451	1.4136	0.4477	0.2906	0.2617	2016
2016-09-24	Swansea	Manchester City	Swansea	Man City	1.111	2.577	0.0867	0.1701	0.7432	2016
2016-09-24	Stoke	West Bromwich Albion	Stoke	West Bromwich Albion	0.9797	0.2709	0.548	0.3567	0.0953	2016
2016-09-24	Sunderland	Crystal Palace	Sunderland	Crystal Palace	1.5146	1.7887	0.3215	0.2471	0.4314	2016
2016-09-24	Middlesbrough	Tottenham	Middlesbrough	Tottenham	0.3615	1.4158	0.0804	0.2526	0.667	2016
2016-09-24	Bournemouth	Everton	Bournemouth	Everton	0.6936	1.1572	0.1971	0.3117	0.4912	2016
2016-09-24	Liverpool	Hull	Liverpool	Hull	4.6491	0.1575	0.9966	0.0031	0.0003	2016
2016-09-24	Arsenal	Chelsea	Arsenal	Chelsea	1.6622	0.6136	0.6565	0.2356	0.1079	2016
2016-09-24	Manchester United	Leicester	Man United	Leicester	2.456	0.287	0.9268	0.0632	0.01	2016
2016-09-25	West Ham	Southampton	West Ham	Southampton	0.6938	2.9788	0.0297	0.0847	0.8856	2016
2016-09-26	Burnley	Watford	Burnley	Watford	0.5697	0.7761	0.2333	0.3913	0.3754	2016
2016-09-30	Everton	Crystal Palace	Everton	Crystal Palace	1.1542	0.4769	0.5569	0.307	0.1361	2016
2016-10-01	West Ham	Middlesbrough	West Ham	Middlesbrough	0.8834	0.8526	0.3342	0.3449	0.3209	2016
2016-10-01	Watford	Bournemouth	Watford	Bournemouth	1.2342	1.3549	0.326	0.2881	0.3859	2016
2016-10-01	Swansea	Liverpool	Swansea	Liverpool	2.6584	2.0224	0.5431	0.2294	0.2275	2016
2016-10-01	Hull	Chelsea	Hull	Chelsea	0.2727	1.9915	0.0297	0.1375	0.8328	2016
2016-10-01	Sunderland	West Bromwich Albion	Sunderland	West Bromwich Albion	1.1927	0.8821	0.4588	0.3018	0.2394	2016
2016-10-02	Burnley	Arsenal	Burnley	Arsenal	0.6088	1.8543	0.0608	0.2093	0.7299	2016
2016-10-02	Leicester	Southampton	Leicester	Southampton	0.4463	0.921	0.1629	0.363	0.4741	2016
2016-10-02	Manchester United	Stoke	Man United	Stoke	2.8099	1.2004	0.7652	0.1639	0.0709	2016
2016-10-02	Tottenham	Manchester City	Tottenham	Man City	1.6998	0.9095	0.5923	0.2545	0.1532	2016
2016-10-15	West Bromwich Albion	Tottenham	West Bromwich Albion	Tottenham	1.3036	1.3232	0.3671	0.296	0.3369	2016
2016-10-15	Stoke	Sunderland	Stoke	Sunderland	2.2954	0.5876	0.814	0.1357	0.0503	2016
2016-10-15	Manchester City	Everton	Man City	Everton	2.6921	0.1445	0.9671	0.0307	0.0022	2016
2016-10-15	Bournemouth	Hull	Bournemouth	Hull	2.9253	0.3886	0.924	0.0631	0.0129	2016
2016-10-15	Chelsea	Leicester	Chelsea	Leicester	3.1157	0.1825	0.9675	0.0292	0.0033	2016
2016-10-15	Arsenal	Swansea	Arsenal	Swansea	3.5052	1.7498	0.7551	0.1347	0.1102	2016
2016-10-15	Crystal Palace	West Ham	Crystal Palace	West Ham	1.946	0.8742	0.6821	0.2098	0.1081	2016
2016-10-16	Middlesbrough	Watford	Middlesbrough	Watford	0.5286	0.0894	0.3998	0.5508	0.0494	2016
2016-10-16	Southampton	Burnley	Southampton	Burnley	4.2118	1.0313	0.9503	0.0391	0.0106	2016
2016-10-17	Liverpool	Manchester United	Liverpool	Man United	0.2704	0.5378	0.1417	0.494	0.3643	2016
2016-10-22	West Ham	Sunderland	West Ham	Sunderland	1.1959	0.8083	0.4506	0.3098	0.2396	2016
2016-10-22	Arsenal	Middlesbrough	Arsenal	Middlesbrough	0.7118	1.5558	0.1319	0.248	0.6201	2016
2016-10-22	Bournemouth	Tottenham	Bournemouth	Tottenham	0.5234	0.7453	0.2292	0.4073	0.3635	2016
2016-10-22	Burnley	Everton	Burnley	Everton	0.9056	0.7528	0.3938	0.3559	0.2503	2016
2016-10-22	Hull	Stoke	Hull	Stoke	0.7016	1.0427	0.2395	0.3282	0.4323	2016
2016-10-22	Leicester	Crystal Palace	Leicester	Crystal Palace	1.7041	1.656	0.3854	0.2495	0.3651	2016
2016-10-22	Liverpool	West Bromwich Albion	Liverpool	West Bromwich Albion	2.2952	0.686	0.7593	0.1722	0.0685	2016
2016-10-22	Swansea	Watford	Swansea	Watford	1.3321	0.4786	0.6242	0.2687	0.1071	2016
2016-10-23	Manchester City	Southampton	Man City	Southampton	1.1532	0.5638	0.5138	0.3215	0.1647	2016
2016-10-23	Chelsea	Manchester United	Chelsea	Man United	2.2519	0.7428	0.7619	0.1587	0.0794	2016
2016-10-29	Crystal Palace	Liverpool	Crystal Palace	Liverpool	0.496	2.2606	0.0523	0.1432	0.8045	2016
2016-10-29	Manchester United	Burnley	Man United	Burnley	2.7239	0.328	0.8869	0.0891	0.024	2016
2016-10-29	Middlesbrough	Bournemouth	Middlesbrough	Bournemouth	1.4432	1.546	0.3335	0.2886	0.3779	2016
2016-10-29	Sunderland	Arsenal	Sunderland	Arsenal	0.8534	2.4835	0.0371	0.1622	0.8007	2016
2016-10-29	Tottenham	Leicester	Tottenham	Leicester	1.6983	0.741	0.6328	0.2694	0.0978	2016
2016-10-29	Watford	Hull	Watford	Hull	1.1499	0.2514	0.6205	0.3095	0.07	2016
2016-10-29	West Bromwich Albion	Manchester City	West Bromwich Albion	Man City	0.5966	2.4802	0.0479	0.1296	0.8225	2016
2016-10-30	Southampton	Chelsea	Southampton	Chelsea	0.4224	1.1476	0.1242	0.3163	0.5595	2016
2016-10-30	Everton	West Ham	Everton	West Ham	2.0087	0.9448	0.6555	0.2113	0.1332	2016
2016-11-01	Stoke	Swansea	Stoke	Swansea	2.1641	1.1006	0.6496	0.2187	0.1317	2016
2016-11-05	Bournemouth	Sunderland	Bournemouth	Sunderland	2.6457	1.1367	0.7337	0.1809	0.0854	2016
2016-11-05	Burnley	Crystal Palace	Burnley	Crystal Palace	2.2574	2.059	0.4303	0.2666	0.3031	2016
2016-11-05	Chelsea	Everton	Chelsea	Everton	1.9408	0.0131	0.9017	0.0972	0.0011	2016
2016-11-05	Manchester City	Middlesbrough	Man City	Middlesbrough	2.4961	0.2088	0.9142	0.0744	0.0114	2016
2016-11-05	West Ham	Stoke	West Ham	Stoke	0.4045	0.8105	0.1702	0.3995	0.4303	2016
2016-11-06	Swansea	Manchester United	Swansea	Man United	0.5127	1.0001	0.1546	0.3476	0.4978	2016
2016-11-06	Leicester	West Bromwich Albion	Leicester	West Bromwich Albion	0.6297	0.782	0.2576	0.404	0.3384	2016
2016-11-06	Liverpool	Watford	Liverpool	Watford	4.1837	0.7711	0.9542	0.0356	0.0102	2016
2016-11-06	Arsenal	Tottenham	Arsenal	Tottenham	0.6757	1.1959	0.1684	0.3029	0.5287	2016
2016-11-06	Hull	Southampton	Hull	Southampton	0.5612	2.0305	0.0634	0.1676	0.769	2016
2016-11-19	Watford	Leicester	Watford	Leicester	0.7197	1.1969	0.17	0.3263	0.5037	2016
2016-11-19	Sunderland	Hull	Sunderland	Hull	0.9515	1.2507	0.2677	0.2928	0.4395	2016
2016-11-19	Stoke	Bournemouth	Stoke	Bournemouth	1.6043	1.2401	0.4562	0.2919	0.2519	2016
2016-11-19	Tottenham	West Ham	Tottenham	West Ham	2.534	1.7671	0.5794	0.2518	0.1688	2016
2016-11-19	Manchester United	Arsenal	Man United	Arsenal	0.5115	0.5758	0.2442	0.4354	0.3204	2016
2016-11-19	Everton	Swansea	Everton	Swansea	1.5488	1.0747	0.4804	0.3179	0.2017	2016
2016-11-19	Crystal Palace	Manchester City	Crystal Palace	Man City	0.4316	1.3942	0.0938	0.2497	0.6565	2016
2016-11-19	Southampton	Liverpool	Southampton	Liverpool	0.0942	1.688	0.0121	0.1558	0.8321	2016
2016-11-20	Middlesbrough	Chelsea	Middlesbrough	Chelsea	0.5598	1.6874	0.0944	0.2191	0.6865	2016
2016-11-22	West Bromwich Albion	Burnley	West Bromwich Albion	Burnley	1.4051	0.571	0.5949	0.2855	0.1196	2016
2016-11-26	Liverpool	Sunderland	Liverpool	Sunderland	2.0246	0.2911	0.8512	0.1263	0.0225	2016
2016-11-26	Burnley	Manchester City	Burnley	Man City	0.4756	2.257	0.0391	0.1232	0.8377	2016
2016-11-26	Chelsea	Tottenham	Chelsea	Tottenham	1.2495	0.4226	0.6125	0.2805	0.107	2016
2016-11-26	Hull	West Bromwich Albion	Hull	West Bromwich Albion	0.4245	1.4021	0.0977	0.2533	0.649	2016
2016-11-26	Leicester	Middlesbrough	Leicester	Middlesbrough	2.0478	0.4253	0.8516	0.1205	0.0279	2016
2016-11-26	Swansea	Crystal Palace	Swansea	Crystal Palace	3.3955	2.2816	0.6583	0.1977	0.144	2016
2016-11-27	Watford	Stoke	Watford	Stoke	0.5419	0.7047	0.2489	0.3946	0.3565	2016
2016-11-27	Southampton	Everton	Southampton	Everton	2.8056	0.6152	0.8856	0.0855	0.0289	2016
2016-11-27	Arsenal	Bournemouth	Arsenal	Bournemouth	2.8697	2.0491	0.5677	0.2211	0.2112	2016
2016-11-27	Manchester United	West Ham	Man United	West Ham	1.4445	0.7494	0.5395	0.2755	0.185	2016
2016-12-03	Crystal Palace	Southampton	Crystal Palace	Southampton	2.2007	0.7644	0.7856	0.1483	0.0661	2016
2016-12-03	Manchester City	Chelsea	Man City	Chelsea	2.2406	1.2848	0.6302	0.2122	0.1576	2016
2016-12-03	Stoke	Burnley	Stoke	Burnley	1.1293	0.774	0.4605	0.3143	0.2252	2016
2016-12-03	Sunderland	Leicester	Sunderland	Leicester	1.4282	1.1379	0.4384	0.2667	0.2949	2016
2016-12-03	Tottenham	Swansea	Tottenham	Swansea	3.9767	0.0342	0.9992	0.0008	0.0	2016
2016-12-03	West Bromwich Albion	Watford	West Bromwich Albion	Watford	1.1774	1.476	0.2484	0.313	0.4386	2016
2016-12-03	West Ham	Arsenal	West Ham	Arsenal	0.8825	2.9692	0.0477	0.1115	0.8408	2016
2016-12-04	Bournemouth	Liverpool	Bournemouth	Liverpool	2.544	1.2653	0.7478	0.1757	0.0765	2016
2016-12-04	Everton	Manchester United	Everton	Man United	1.6499	0.5413	0.7165	0.2068	0.0767	2016
2016-12-06	Middlesbrough	Hull	Middlesbrough	Hull	1.9496	0.2213	0.8458	0.1311	0.0231	2016
2016-12-10	Watford	Everton	Watford	Everton	1.4927	1.0967	0.4719	0.2758	0.2523	2016
2016-12-10	Leicester	Manchester City	Leicester	Man City	2.6058	0.9704	0.7932	0.1331	0.0737	2016
2016-12-10	Swansea	Sunderland	Swansea	Sunderland	2.1818	0.6721	0.7859	0.1515	0.0626	2016
2016-12-10	Burnley	Bournemouth	Burnley	Bournemouth	2.1518	1.0019	0.6902	0.2061	0.1037	2016
2016-12-10	Hull	Crystal Palace	Hull	Crystal Palace	2.1665	1.5006	0.541	0.252	0.207	2016
2016-12-10	Arsenal	Stoke	Arsenal	Stoke	1.5803	1.294	0.4175	0.2872	0.2953	2016
2016-12-11	Chelsea	West Bromwich Albion	Chelsea	West Bromwich Albion	0.5511	0.2126	0.3746	0.5095	0.1159	2016
2016-12-11	Liverpool	West Ham	Liverpool	West Ham	1.7913	0.65	0.6722	0.2263	0.1015	2016
2016-12-11	Manchester United	Tottenham	Man United	Tottenham	1.0489	0.7203	0.4325	0.3292	0.2383	2016
2016-12-11	Southampton	Middlesbrough	Southampton	Middlesbrough	1.7292	0.4939	0.7461	0.2074	0.0465	2016
2016-12-13	Everton	Arsenal	Everton	Arsenal	1.4603	1.3508	0.3772	0.2955	0.3273	2016
2016-12-13	Bournemouth	Leicester	Bournemouth	Leicester	0.6412	1.6751	0.0985	0.2309	0.6706	2016
2016-12-14	Middlesbrough	Liverpool	Middlesbrough	Liverpool	0.1616	2.1353	0.0123	0.0908	0.8969	2016
2016-12-14	Sunderland	Chelsea	Sunderland	Chelsea	0.474	1.2246	0.1348	0.2993	0.5659	2016
2016-12-14	West Ham	Burnley	West Ham	Burnley	1.6702	0.9234	0.5672	0.3355	0.0973	2016
2016-12-15	Tottenham	Hull	Tottenham	Hull	2.8308	0.5706	0.9133	0.071	0.0157	2016
2016-12-15	Crystal Palace	Manchester United	Crystal Palace	Man United	0.7103	1.2731	0.1668	0.3217	0.5115	2016
2016-12-15	Manchester City	Watford	Man City	Watford	1.6236	0.4975	0.6762	0.2333	0.0905	2016
2016-12-15	Stoke	Southampton	Stoke	Southampton	0.3338	0.7231	0.1542	0.4241	0.4217	2016
2016-12-15	West Bromwich Albion	Swansea	West Bromwich Albion	Swansea	1.7827	1.0722	0.5436	0.2679	0.1885	2016
2016-12-17	West Bromwich Albion	Manchester United	West Bromwich Albion	Man United	0.6004	0.9833	0.1985	0.3503	0.4512	2016
2016-12-17	West Ham	Hull	West Ham	Hull	1.9215	1.1348	0.5856	0.2397	0.1747	2016
2016-12-17	Sunderland	Watford	Sunderland	Watford	1.1353	1.0755	0.3412	0.3434	0.3154	2016
2016-12-17	Middlesbrough	Swansea	Middlesbrough	Swansea	1.7155	0.6022	0.7104	0.2013	0.0883	2016
2016-12-17	Stoke	Leicester	Stoke	Leicester	2.518	1.2557	0.7131	0.1858	0.1011	2016
2016-12-17	Crystal Palace	Chelsea	Crystal Palace	Chelsea	0.3563	0.8144	0.1487	0.4077	0.4436	2016
2016-12-18	Bournemouth	Southampton	Bournemouth	Southampton	0.4929	1.6945	0.0504	0.1867	0.7629	2016
2016-12-18	Manchester City	Arsenal	Man City	Arsenal	1.5186	0.6099	0.6117	0.2753	0.113	2016
2016-12-18	Tottenham	Burnley	Tottenham	Burnley	1.5075	1.1703	0.4227	0.292	0.2853	2016
2016-12-20	Everton	Liverpool	Everton	Liverpool	0.4568	1.8782	0.0506	0.1746	0.7748	2016
2016-12-26	Watford	Crystal Palace	Watford	Crystal Palace	0.9595	1.5383	0.1446	0.3353	0.5201	2016
2016-12-26	Swansea	West Ham	Swansea	West Ham	0.9549	3.4059	0.0301	0.075	0.8949	2016
2016-12-26	Manchester United	Sunderland	Man United	Sunderland	2.3212	0.4885	0.8149	0.1324	0.0527	2016
2016-12-26	Leicester	Everton	Leicester	Everton	0.3775	1.2551	0.0884	0.2705	0.6411	2016
2016-12-26	Hull	Manchester City	Hull	Man City	0.3501	2.2224	0.0195	0.0992	0.8813	2016
2016-12-26	Chelsea	Bournemouth	Chelsea	Bournemouth	1.713	0.6509	0.6872	0.2263	0.0865	2016
2016-12-26	Burnley	Middlesbrough	Burnley	Middlesbrough	0.2757	0.6988	0.1264	0.4305	0.4431	2016
2016-12-26	Arsenal	West Bromwich Albion	Arsenal	West Bromwich Albion	1.9788	0.6875	0.6962	0.2141	0.0897	2016
2016-12-27	Liverpool	Stoke	Liverpool	Stoke	1.6667	0.3891	0.7338	0.205	0.0612	2016
2016-12-28	Southampton	Tottenham	Southampton	Tottenham	0.4037	1.6103	0.0616	0.1965	0.7419	2016
2016-12-31	Swansea	Bournemouth	Swansea	Bournemouth	0.5152	2.4361	0.0309	0.1078	0.8613	2016
2016-12-31	Southampton	West Bromwich Albion	Southampton	West Bromwich Albion	0.3717	0.6675	0.176	0.4381	0.3859	2016
2016-12-31	Manchester United	Middlesbrough	Man United	Middlesbrough	2.54	0.6449	0.8078	0.1347	0.0575	2016
2016-12-31	Liverpool	Manchester City	Liverpool	Man City	0.2568	0.3524	0.1685	0.5914	0.2401	2016
2016-12-31	Burnley	Sunderland	Burnley	Sunderland	2.7247	0.4657	0.9069	0.0737	0.0194	2016
2016-12-31	Hull	Everton	Hull	Everton	0.8526	1.2776	0.2379	0.293	0.4691	2016
2016-12-31	Chelsea	Stoke	Chelsea	Stoke	1.9474	0.8584	0.6532	0.2223	0.1245	2016
2016-12-31	Leicester	West Ham	Leicester	West Ham	1.1084	1.5833	0.2521	0.262	0.4859	2016
2017-01-01	Arsenal	Crystal Palace	Arsenal	Crystal Palace	1.6714	0.2215	0.7742	0.1878	0.038	2016
2017-01-01	Watford	Tottenham	Watford	Tottenham	1.2633	3.0651	0.0662	0.1343	0.7995	2016
2017-01-02	Everton	Southampton	Everton	Southampton	2.35	1.0108	0.7419	0.1673	0.0908	2016
2017-01-02	Manchester City	Burnley	Man City	Burnley	0.6174	0.6421	0.2947	0.4018	0.3035	2016
2017-01-02	Middlesbrough	Leicester	Middlesbrough	Leicester	0.6971	0.4771	0.3695	0.4294	0.2011	2016
2017-01-02	Sunderland	Liverpool	Sunderland	Liverpool	1.9106	2.332	0.2537	0.2795	0.4668	2016
2017-01-02	West Bromwich Albion	Hull	West Bromwich Albion	Hull	0.8836	0.9923	0.2984	0.335	0.3666	2016
2017-01-02	West Ham	Manchester United	West Ham	Man United	0.7999	1.649	0.1066	0.2659	0.6275	2016
2017-01-03	Bournemouth	Arsenal	Bournemouth	Arsenal	1.5586	1.1263	0.4826	0.2855	0.2319	2016
2017-01-04	Stoke	Watford	Stoke	Watford	1.8536	0.5104	0.7685	0.1725	0.059	2016
2017-01-04	Crystal Palace	Swansea	Crystal Palace	Swansea	0.3313	1.189	0.0893	0.2859	0.6248	2016
2017-01-05	Tottenham	Chelsea	Tottenham	Chelsea	1.0094	0.9128	0.3707	0.3315	0.2978	2016
2017-01-14	Burnley	Southampton	Burnley	Southampton	0.4646	0.9621	0.1663	0.3581	0.4756	2016
2017-01-14	Hull	Bournemouth	Hull	Bournemouth	1.189	1.4345	0.2653	0.3133	0.4214	2016
2017-01-14	Leicester	Chelsea	Leicester	Chelsea	0.1791	0.7388	0.0743	0.4309	0.4948	2016
2017-01-14	Sunderland	Stoke	Sunderland	Stoke	1.1365	1.229	0.3351	0.2898	0.3751	2016
2017-01-14	Swansea	Arsenal	Swansea	Arsenal	0.4885	2.3181	0.0344	0.11	0.8556	2016
2017-01-14	Tottenham	West Bromwich Albion	Tottenham	West Bromwich Albion	2.6547	0.165	0.9405	0.0528	0.0067	2016
2017-01-14	Watford	Middlesbrough	Watford	Middlesbrough	0.8358	0.3253	0.486	0.3828	0.1312	2016
2017-01-14	West Ham	Crystal Palace	West Ham	Crystal Palace	1.7234	1.0618	0.5302	0.337	0.1328	2016
2017-01-15	Everton	Manchester City	Everton	Man City	0.5725	0.5693	0.2913	0.4254	0.2833	2016
2017-01-15	Manchester United	Liverpool	Man United	Liverpool	1.0318	1.4606	0.2234	0.2916	0.485	2016
2017-01-21	West Bromwich Albion	Sunderland	West Bromwich Albion	Sunderland	1.3279	0.4409	0.6367	0.2609	0.1024	2016
2017-01-21	Stoke	Manchester United	Stoke	Man United	0.3538	1.7429	0.0569	0.1958	0.7473	2016
2017-01-21	Manchester City	Tottenham	Man City	Tottenham	2.527	1.1239	0.7244	0.1875	0.0881	2016
2017-01-21	Middlesbrough	West Ham	Middlesbrough	West Ham	0.9588	2.6558	0.0766	0.1419	0.7815	2016
2017-01-21	Crystal Palace	Everton	Crystal Palace	Everton	0.4637	0.9496	0.1733	0.3612	0.4655	2016
2017-01-21	Bournemouth	Watford	Bournemouth	Watford	1.1479	1.0873	0.3486	0.3336	0.3178	2016
2017-01-21	Liverpool	Swansea	Liverpool	Swansea	1.2404	1.6048	0.2558	0.2641	0.4801	2016
2017-01-22	Arsenal	Burnley	Arsenal	Burnley	1.8644	1.2995	0.5022	0.2863	0.2115	2016
2017-01-22	Chelsea	Hull	Chelsea	Hull	1.4716	0.3145	0.7395	0.2063	0.0542	2016
2017-01-22	Southampton	Leicester	Southampton	Leicester	2.4992	0.9359	0.7688	0.1636	0.0676	2016
2017-01-31	Burnley	Leicester	Burnley	Leicester	1.8299	0.7756	0.6525	0.2188	0.1287	2016
2017-01-31	Arsenal	Watford	Arsenal	Watford	1.0776	0.9183	0.3536	0.3443	0.3021	2016
2017-01-31	Bournemouth	Crystal Palace	Bournemouth	Crystal Palace	0.321	1.6067	0.0466	0.1876	0.7658	2016
2017-01-31	Liverpool	Chelsea	Liverpool	Chelsea	1.2048	1.0666	0.3538	0.358	0.2882	2016
2017-01-31	Middlesbrough	West Bromwich Albion	Middlesbrough	West Bromwich Albion	1.1813	1.2529	0.3312	0.3324	0.3364	2016
2017-01-31	Sunderland	Tottenham	Sunderland	Tottenham	0.228	0.6828	0.1077	0.4577	0.4346	2016
2017-01-31	Swansea	Southampton	Swansea	Southampton	0.76	0.9071	0.2704	0.3494	0.3802	2016
2017-02-01	Stoke	Everton	Stoke	Everton	1.7362	0.8702	0.6178	0.238	0.1442	2016
2017-02-01	West Ham	Manchester City	West Ham	Man City	0.4947	2.6647	0.018	0.0769	0.9051	2016
2017-02-01	Manchester United	Hull	Man United	Hull	1.4815	0.3959	0.6811	0.2427	0.0762	2016
2017-02-04	Watford	Burnley	Watford	Burnley	1.6631	1.4777	0.3906	0.3044	0.305	2016
2017-02-04	Tottenham	Middlesbrough	Tottenham	Middlesbrough	2.1005	0.5048	0.8156	0.1437	0.0407	2016
2017-02-04	West Bromwich Albion	Stoke	West Bromwich Albion	Stoke	1.8498	1.1082	0.5525	0.2568	0.1907	2016
2017-02-04	Southampton	West Ham	Southampton	West Ham	1.0628	0.9179	0.3581	0.3185	0.3234	2016
2017-02-04	Crystal Palace	Sunderland	Crystal Palace	Sunderland	2.4599	0.8374	0.7756	0.1569	0.0675	2016
2017-02-04	Everton	Bournemouth	Everton	Bournemouth	2.7598	2.1501	0.5135	0.2231	0.2634	2016
2017-02-04	Chelsea	Arsenal	Chelsea	Arsenal	1.9545	0.95	0.6473	0.2184	0.1343	2016
2017-02-04	Hull	Liverpool	Hull	Liverpool	1.8859	1.1254	0.5972	0.2307	0.1721	2016
2017-02-05	Leicester	Manchester United	Leicester	Man United	0.492	1.9869	0.0643	0.1544	0.7813	2016
2017-02-05	Manchester City	Swansea	Man City	Swansea	2.8797	0.1144	0.9866	0.0126	0.0008	2016
2017-02-11	Arsenal	Hull	Arsenal	Hull	3.1235	0.4664	0.9601	0.0328	0.0071	2016
2017-02-11	Liverpool	Tottenham	Liverpool	Tottenham	2.3801	0.6221	0.835	0.119	0.046	2016
2017-02-11	Manchester United	Watford	Man United	Watford	2.627	0.6411	0.8303	0.1251	0.0446	2016
2017-02-11	Middlesbrough	Everton	Middlesbrough	Everton	0.6511	0.8316	0.2526	0.3724	0.375	2016
2017-02-11	Stoke	Crystal Palace	Stoke	Crystal Palace	0.7209	0.2022	0.4906	0.4234	0.086	2016
2017-02-11	Sunderland	Southampton	Sunderland	Southampton	0.1979	1.7272	0.0293	0.1739	0.7968	2016
2017-02-11	West Ham	West Bromwich Albion	West Ham	West Bromwich Albion	1.1755	0.77	0.461	0.3168	0.2222	2016
2017-02-12	Burnley	Chelsea	Burnley	Chelsea	0.9064	0.8002	0.3623	0.3458	0.2919	2016
2017-02-12	Swansea	Leicester	Swansea	Leicester	0.6934	0.6729	0.3148	0.386	0.2992	2016
2017-02-13	Bournemouth	Manchester City	Bournemouth	Man City	0.1524	2.953	0.0045	0.0309	0.9646	2016
2017-02-25	West Bromwich Albion	Bournemouth	West Bromwich Albion	Bournemouth	1.6124	1.2275	0.4532	0.3269	0.2199	2016
2017-02-25	Watford	West Ham	Watford	West Ham	1.2128	1.4814	0.2511	0.345	0.4039	2016
2017-02-25	Hull	Burnley	Hull	Burnley	1.5904	0.4731	0.7144	0.2146	0.071	2016
2017-02-25	Everton	Sunderland	Everton	Sunderland	1.7037	0.506	0.6869	0.2164	0.0967	2016
2017-02-25	Crystal Palace	Middlesbrough	Crystal Palace	Middlesbrough	0.8085	0.8288	0.3003	0.3576	0.3421	2016
2017-02-25	Chelsea	Swansea	Chelsea	Swansea	1.2257	0.2802	0.6291	0.3004	0.0705	2016
2017-02-26	Tottenham	Stoke	Tottenham	Stoke	1.89	0.7436	0.6733	0.2321	0.0946	2016
2017-02-27	Leicester	Liverpool	Leicester	Liverpool	1.5473	0.7899	0.5744	0.2518	0.1738	2016
2017-03-04	West Bromwich Albion	Crystal Palace	West Bromwich Albion	Crystal Palace	0.3746	1.3917	0.0825	0.2575	0.66	2016
2017-03-04	Watford	Southampton	Watford	Southampton	1.401	1.3368	0.3675	0.298	0.3345	2016
2017-03-04	Swansea	Burnley	Swansea	Burnley	1.4454	0.9339	0.4686	0.3034	0.228	2016
2017-03-04	Stoke	Middlesbrough	Stoke	Middlesbrough	2.9758	0.2746	0.9551	0.0382	0.0067	2016
2017-03-04	Manchester United	Bournemouth	Man United	Bournemouth	2.5377	0.8162	0.8218	0.1462	0.032	2016
2017-03-04	Liverpool	Arsenal	Liverpool	Arsenal	2.7043	0.7292	0.8363	0.1205	0.0432	2016
2017-03-04	Leicester	Hull	Leicester	Hull	1.8126	1.1216	0.5479	0.2555	0.1966	2016
2017-03-05	Sunderland	Manchester City	Sunderland	Man City	0.7378	2.4802	0.0456	0.1248	0.8296	2016
2017-03-05	Tottenham	Everton	Tottenham	Everton	1.7023	0.808	0.5984	0.2492	0.1524	2016
2017-03-06	West Ham	Chelsea	West Ham	Chelsea	0.4506	2.0113	0.0383	0.1388	0.8229	2016
2017-03-08	Manchester City	Stoke	Man City	Stoke	1.3049	0.3372	0.667	0.2574	0.0756	2016
2017-03-11	Hull	Swansea	Hull	Swansea	1.9882	1.4415	0.5214	0.2424	0.2362	2016
2017-03-11	Everton	West Bromwich Albion	Everton	West Bromwich Albion	2.1752	0.1273	0.9103	0.0815	0.0082	2016
2017-03-11	Bournemouth	West Ham	Bournemouth	West Ham	3.6819	1.2531	0.8782	0.0794	0.0424	2016
2017-03-12	Liverpool	Burnley	Liverpool	Burnley	0.9663	0.8347	0.3705	0.3488	0.2807	2016
2017-03-18	Bournemouth	Swansea	Bournemouth	Swansea	1.0082	0.3769	0.5331	0.3395	0.1274	2016
2017-03-18	Crystal Palace	Watford	Crystal Palace	Watford	0.3763	0.1906	0.2722	0.605	0.1228	2016
2017-03-18	Everton	Hull	Everton	Hull	2.6314	0.5287	0.8705	0.0984	0.0311	2016
2017-03-18	Stoke	Chelsea	Stoke	Chelsea	0.9521	1.9554	0.1142	0.2526	0.6332	2016
2017-03-18	Sunderland	Burnley	Sunderland	Burnley	1.0329	1.1874	0.2959	0.3029	0.4012	2016
2017-03-18	West Bromwich Albion	Arsenal	West Bromwich Albion	Arsenal	2.1174	0.9952	0.6692	0.2129	0.1179	2016
2017-03-18	West Ham	Leicester	West Ham	Leicester	2.3217	2.17	0.4186	0.2291	0.3523	2016
2017-03-19	Manchester City	Liverpool	Man City	Liverpool	2.5546	1.9412	0.5319	0.2168	0.2513	2016
2017-03-19	Middlesbrough	Manchester United	Middlesbrough	Man United	1.0904	2.4748	0.0867	0.1703	0.743	2016
2017-03-19	Tottenham	Southampton	Tottenham	Southampton	1.6433	0.84	0.5989	0.2683	0.1328	2016
2017-04-01	Manchester United	West Bromwich Albion	Man United	West Bromwich Albion	0.9867	0.2003	0.5777	0.3553	0.067	2016
2017-04-01	Watford	Sunderland	Watford	Sunderland	1.9583	0.3497	0.8002	0.1546	0.0452	2016
2017-04-01	Southampton	Bournemouth	Southampton	Bournemouth	1.0025	2.0631	0.1325	0.2065	0.661	2016
2017-04-01	Liverpool	Everton	Liverpool	Everton	0.6253	1.4415	0.1258	0.2507	0.6235	2016
2017-04-01	Leicester	Stoke	Leicester	Stoke	1.9744	1.3667	0.5223	0.2509	0.2268	2016
2017-04-01	Hull	West Ham	Hull	West Ham	0.7787	1.2457	0.2089	0.3272	0.4639	2016
2017-04-01	Chelsea	Crystal Palace	Chelsea	Crystal Palace	3.1681	1.5742	0.7428	0.156	0.1012	2016
2017-04-01	Burnley	Tottenham	Burnley	Tottenham	0.4468	2.3635	0.0336	0.1096	0.8568	2016
2017-04-02	Arsenal	Manchester City	Arsenal	Man City	0.7385	1.4002	0.1629	0.2923	0.5448	2016
2017-04-02	Swansea	Middlesbrough	Swansea	Middlesbrough	0.6438	0.7482	0.2634	0.3825	0.3541	2016
2017-04-04	Burnley	Stoke	Burnley	Stoke	0.3489	1.1727	0.0896	0.297	0.6134	2016
2017-04-04	Leicester	Sunderland	Leicester	Sunderland	0.9291	0.7012	0.396	0.3473	0.2567	2016
2017-04-04	Manchester United	Everton	Man United	Everton	1.6742	0.5891	0.6961	0.2139	0.09	2016
2017-04-04	Watford	West Bromwich Albion	Watford	West Bromwich Albion	0.692	1.4811	0.0935	0.2831	0.6234	2016
2017-04-05	Arsenal	West Ham	Arsenal	West Ham	2.1602	0.3039	0.8546	0.1198	0.0256	2016
2017-04-05	Chelsea	Manchester City	Chelsea	Man City	1.3693	2.2614	0.1476	0.2429	0.6095	2016
2017-04-05	Hull	Middlesbrough	Hull	Middlesbrough	2.2326	1.3067	0.5956	0.2326	0.1718	2016
2017-04-05	Liverpool	Bournemouth	Liverpool	Bournemouth	2.1726	1.3123	0.5996	0.2303	0.1701	2016
2017-04-05	Southampton	Crystal Palace	Southampton	Crystal Palace	3.3433	1.7306	0.738	0.1513	0.1107	2016
2017-04-05	Swansea	Tottenham	Swansea	Tottenham	0.8726	2.2242	0.0655	0.2032	0.7313	2016
2017-04-08	West Ham	Swansea	West Ham	Swansea	1.2057	0.3077	0.6076	0.3072	0.0852	2016
2017-04-08	West Bromwich Albion	Southampton	West Bromwich Albion	Southampton	2.0172	0.9103	0.6773	0.2063	0.1164	2016
2017-04-08	Tottenham	Watford	Tottenham	Watford	1.1878	0.37	0.5864	0.3051	0.1085	2016
2017-04-08	Manchester City	Hull	Man City	Hull	2.3373	0.3584	0.876	0.1003	0.0237	2016
2017-04-08	Middlesbrough	Burnley	Middlesbrough	Burnley	0.6847	0.8099	0.2758	0.3702	0.354	2016
2017-04-08	Stoke	Liverpool	Stoke	Liverpool	2.1397	1.0223	0.6874	0.1944	0.1182	2016
2017-04-08	Bournemouth	Chelsea	Bournemouth	Chelsea	0.3842	1.5213	0.082	0.2341	0.6839	2016
2017-04-09	Everton	Leicester	Everton	Leicester	2.646	0.8361	0.8198	0.1275	0.0527	2016
2017-04-09	Sunderland	Manchester United	Sunderland	Man United	0.9773	1.6943	0.1752	0.2591	0.5657	2016
2017-04-10	Crystal Palace	Arsenal	Crystal Palace	Arsenal	2.1597	0.4423	0.8444	0.1204	0.0352	2016
2017-04-15	Crystal Palace	Leicester	Crystal Palace	Leicester	1.6789	0.4677	0.7043	0.2149	0.0808	2016
2017-04-15	Everton	Burnley	Everton	Burnley	1.6735	1.1469	0.4833	0.2852	0.2315	2016
2017-04-15	Southampton	Manchester City	Southampton	Man City	0.6168	2.7419	0.0317	0.0959	0.8724	2016
2017-04-15	Stoke	Hull	Stoke	Hull	2.0183	1.177	0.5986	0.2303	0.1711	2016
2017-04-15	Sunderland	West Ham	Sunderland	West Ham	1.1412	1.4282	0.2628	0.2904	0.4468	2016
2017-04-15	Tottenham	Bournemouth	Tottenham	Bournemouth	3.2859	0.2115	0.9655	0.0287	0.0058	2016
2017-04-15	Watford	Swansea	Watford	Swansea	1.2204	0.641	0.5333	0.2993	0.1674	2016
2017-04-16	Manchester United	Chelsea	Man United	Chelsea	0.8071	0.1329	0.5381	0.4084	0.0535	2016
2017-04-16	West Bromwich Albion	Liverpool	West Bromwich Albion	Liverpool	0.5904	1.3002	0.1549	0.2846	0.5605	2016
2017-04-17	Middlesbrough	Arsenal	Middlesbrough	Arsenal	1.7208	1.0689	0.5432	0.253	0.2038	2016
2017-04-22	Hull	Watford	Hull	Watford	1.4231	1.1587	0.4288	0.3115	0.2597	2016
2017-04-22	West Ham	Everton	West Ham	Everton	0.6683	0.1045	0.4703	0.4799	0.0498	2016
2017-04-22	Bournemouth	Middlesbrough	Bournemouth	Middlesbrough	3.2771	0.2072	0.9663	0.0297	0.004	2016
2017-04-22	Swansea	Stoke	Swansea	Stoke	0.4756	1.6945	0.0641	0.1872	0.7487	2016
2017-04-23	Burnley	Manchester United	Burnley	Man United	0.3428	2.2475	0.0168	0.0883	0.8949	2016
2017-04-23	Liverpool	Crystal Palace	Liverpool	Crystal Palace	0.8945	1.2174	0.2404	0.3059	0.4537	2016
2017-04-25	Chelsea	Southampton	Chelsea	Southampton	1.4438	1.3295	0.3547	0.3086	0.3367	2016
2017-04-26	Arsenal	Leicester	Arsenal	Leicester	0.4102	0.5952	0.2048	0.4553	0.3399	2016
2017-04-26	Crystal Palace	Tottenham	Crystal Palace	Tottenham	0.3217	1.0059	0.1061	0.3416	0.5523	2016
2017-04-26	Middlesbrough	Sunderland	Middlesbrough	Sunderland	0.8258	0.4458	0.4502	0.3822	0.1676	2016
2017-04-27	Manchester City	Manchester United	Man City	Man United	1.4154	0.4213	0.6539	0.2599	0.0862	2016
2017-04-29	Crystal Palace	Burnley	Crystal Palace	Burnley	0.6335	1.3857	0.1456	0.2648	0.5896	2016
2017-04-29	Southampton	Hull	Southampton	Hull	1.2484	0.4724	0.6361	0.2716	0.0923	2016
2017-04-29	Stoke	West Ham	Stoke	West Ham	1.3551	0.6515	0.5633	0.28	0.1567	2016
2017-04-29	Sunderland	Bournemouth	Sunderland	Bournemouth	1.6667	1.5309	0.4093	0.2619	0.3288	2016
2017-04-29	West Bromwich Albion	Leicester	West Bromwich Albion	Leicester	0.8091	0.5707	0.3743	0.3829	0.2428	2016
2017-04-30	Middlesbrough	Manchester City	Middlesbrough	Man City	1.1771	3.1073	0.0406	0.1206	0.8388	2016
2017-04-30	Tottenham	Arsenal	Tottenham	Arsenal	3.4604	0.5895	0.9466	0.0442	0.0092	2016
2017-04-30	Manchester United	Swansea	Man United	Swansea	1.9922	0.7757	0.7201	0.1848	0.0951	2016
2017-04-30	Everton	Chelsea	Everton	Chelsea	0.6845	1.8195	0.0995	0.2099	0.6906	2016
2017-05-01	Watford	Liverpool	Watford	Liverpool	0.4366	0.5567	0.236	0.4636	0.3004	2016
2017-05-05	West Ham	Tottenham	West Ham	Tottenham	2.2104	0.451	0.863	0.11	0.027	2016
2017-05-06	Swansea	Everton	Swansea	Everton	2.0924	0.2702	0.9017	0.0838	0.0145	2016
2017-05-06	Bournemouth	Stoke	Bournemouth	Stoke	1.3067	2.3019	0.1444	0.2166	0.639	2016
2017-05-06	Burnley	West Bromwich Albion	Burnley	West Bromwich Albion	1.0865	0.8285	0.4092	0.3325	0.2583	2016
2017-05-06	Hull	Sunderland	Hull	Sunderland	1.2173	1.955	0.1925	0.2431	0.5644	2016
2017-05-06	Leicester	Watford	Leicester	Watford	1.0057	0.5124	0.4815	0.336	0.1825	2016
2017-05-06	Manchester City	Crystal Palace	Man City	Crystal Palace	2.6984	0.2416	0.9146	0.0728	0.0126	2016
2017-05-07	Arsenal	Manchester United	Arsenal	Man United	1.0399	0.5762	0.4845	0.3359	0.1796	2016
2017-05-07	Liverpool	Southampton	Liverpool	Southampton	1.3597	0.1821	0.7875	0.1876	0.0249	2016
2017-05-08	Chelsea	Middlesbrough	Chelsea	Middlesbrough	2.2805	0.0719	0.9231	0.0727	0.0042	2016
2017-05-10	Southampton	Arsenal	Southampton	Arsenal	1.2526	1.3595	0.3194	0.2984	0.3822	2016
2017-05-12	West Bromwich Albion	Chelsea	West Bromwich Albion	Chelsea	0.5292	1.7695	0.0791	0.2101	0.7108	2016
2017-05-12	Everton	Watford	Everton	Watford	1.1298	1.5486	0.2409	0.2833	0.4758	2016
2017-05-13	Sunderland	Swansea	Sunderland	Swansea	1.0376	0.3441	0.5655	0.3323	0.1022	2016
2017-05-13	Stoke	Arsenal	Stoke	Arsenal	1.3024	2.6364	0.0821	0.1768	0.7411	2016
2017-05-13	Bournemouth	Burnley	Bournemouth	Burnley	1.5499	1.1511	0.4626	0.2699	0.2675	2016
2017-05-13	Manchester City	Leicester	Man City	Leicester	1.9878	1.625	0.4406	0.289	0.2704	2016
2017-05-13	Middlesbrough	Southampton	Middlesbrough	Southampton	1.3289	1.5257	0.2965	0.2967	0.4068	2016
2017-05-14	Crystal Palace	Hull	Crystal Palace	Hull	2.7327	0.5181	0.9018	0.0748	0.0234	2016
2017-05-14	Tottenham	Manchester United	Tottenham	Man United	2.107	1.037	0.6518	0.2146	0.1336	2016
2017-05-14	West Ham	Liverpool	West Ham	Liverpool	1.0396	3.2896	0.0262	0.0969	0.8769	2016
2017-05-15	Chelsea	Watford	Chelsea	Watford	2.6532	0.8834	0.7878	0.1431	0.0691	2016
2017-05-16	Arsenal	Sunderland	Arsenal	Sunderland	3.839	0.2717	0.9796	0.0178	0.0026	2016
2017-05-16	Manchester City	West Bromwich Albion	Man City	West Bromwich Albion	2.5804	0.3877	0.921	0.0729	0.0061	2016
2017-05-17	Southampton	Manchester United	Southampton	Man United	1.6653	0.4581	0.7291	0.2052	0.0657	2016
2017-05-18	Leicester	Tottenham	Leicester	Tottenham	0.7257	2.6491	0.0398	0.1167	0.8435	2016
2017-05-21	Swansea	West Bromwich Albion	Swansea	West Bromwich Albion	1.7455	1.6067	0.4178	0.2431	0.3391	2016
2017-05-21	Southampton	Stoke	Southampton	Stoke	1.3554	0.9835	0.4543	0.2822	0.2635	2016
2017-05-21	Watford	Manchester City	Watford	Man City	0.8261	3.2661	0.0204	0.0737	0.9059	2016
2017-05-21	Liverpool	Middlesbrough	Liverpool	Middlesbrough	2.1696	0.8997	0.6912	0.1929	0.1159	2016
2017-05-21	Manchester United	Crystal Palace	Man United	Crystal Palace	1.0386	0.3016	0.5995	0.3164	0.0841	2016
2017-05-21	Hull	Tottenham	Hull	Tottenham	0.8127	3.8903	0.0123	0.04	0.9477	2016
2017-05-21	Arsenal	Everton	Arsenal	Everton	3.3508	1.8831	0.7046	0.1644	0.131	2016
2017-05-21	Burnley	West Ham	Burnley	West Ham	1.708	1.673	0.3669	0.2983	0.3348	2016
2017-05-21	Leicester	Bournemouth	Leicester	Bournemouth	2.4531	0.8707	0.7869	0.1601	0.053	2016
2017-05-21	Chelsea	Sunderland	Chelsea	Sunderland	2.7395	0.694	0.8278	0.1239	0.0483	2016
2017-08-11	Arsenal	Leicester	Arsenal	Leicester	2.5433	1.4649	0.628	0.2154	0.1566	2017
2017-08-12	Brighton	Manchester City	Brighton	Man City	0.2763	1.8675	0.0192	0.1154	0.8654	2017
2017-08-12	Chelsea	Burnley	Chelsea	Burnley	1.3565	0.5642	0.5899	0.284	0.1261	2017
2017-08-12	Crystal Palace	Huddersfield	Crystal Palace	Huddersfield	0.9889	1.7366	0.1531	0.2491	0.5978	2017
2017-08-12	Everton	Stoke	Everton	Stoke	0.7206	0.2764	0.4458	0.4273	0.1269	2017
2017-08-12	Southampton	Swansea	Southampton	Swansea	2.2175	0.4062	0.8262	0.1377	0.0361	2017
2017-08-12	Watford	Liverpool	Watford	Liverpool	2.1765	2.6155	0.2452	0.287	0.4678	2017
2017-08-12	West Bromwich Albion	Bournemouth	West Bromwich Albion	Bournemouth	1.184	0.3787	0.5875	0.3056	0.1069	2017
2017-08-13	Manchester United	West Ham	Man United	West Ham	2.6385	0.6265	0.8486	0.1127	0.0387	2017
2017-08-13	Newcastle United	Tottenham	Newcastle	Tottenham	0.6346	2.3442	0.0463	0.143	0.8107	2017
2017-08-19	Stoke	Arsenal	Stoke	Arsenal	0.6926	1.4066	0.1705	0.2764	0.5531	2017
2017-08-19	Swansea	Manchester United	Swansea	Man United	0.3042	3.4102	0.0011	0.0166	0.9823	2017
2017-08-19	Liverpool	Crystal Palace	Liverpool	Crystal Palace	2.8498	0.7274	0.8616	0.1049	0.0335	2017
2017-08-19	Southampton	West Ham	Southampton	West Ham	2.1424	1.5327	0.5292	0.2659	0.2049	2017
2017-08-19	Burnley	West Bromwich Albion	Burnley	West Bromwich Albion	1.3724	0.6531	0.5629	0.2766	0.1605	2017
2017-08-19	Bournemouth	Watford	Bournemouth	Watford	0.7667	2.1772	0.0725	0.1917	0.7358	2017
2017-08-19	Leicester	Brighton	Leicester	Brighton	1.8836	0.1231	0.8802	0.1083	0.0115	2017
2017-08-20	Huddersfield	Newcastle United	Huddersfield	Newcastle	0.267	0.9733	0.0912	0.3396	0.5692	2017
2017-08-20	Tottenham	Chelsea	Tottenham	Chelsea	0.7243	0.8344	0.2838	0.3577	0.3585	2017
2017-08-21	Manchester City	Everton	Man City	Everton	1.1422	0.5997	0.4894	0.3277	0.1829	2017
2017-08-26	Bournemouth	Manchester City	Bournemouth	Man City	0.4154	1.7663	0.0666	0.1932	0.7402	2017
2017-08-26	Crystal Palace	Swansea	Crystal Palace	Swansea	0.819	0.9668	0.2811	0.3344	0.3845	2017
2017-08-26	Huddersfield	Southampton	Huddersfield	Southampton	1.516	0.7959	0.5525	0.2754	0.1721	2017
2017-08-26	Manchester United	Leicester	Man United	Leicester	2.7372	0.6706	0.8734	0.0985	0.0281	2017
2017-08-26	Newcastle United	West Ham	Newcastle	West Ham	2.7611	0.5585	0.9013	0.08	0.0187	2017
2017-08-26	Watford	Brighton	Watford	Brighton	0.2815	0.9524	0.1023	0.3687	0.529	2017
2017-08-27	Tottenham	Burnley	Tottenham	Burnley	2.3497	0.6709	0.7813	0.1515	0.0672	2017
2017-08-27	Chelsea	Everton	Chelsea	Everton	1.1699	0.3267	0.5979	0.3022	0.0999	2017
2017-08-27	Liverpool	Arsenal	Liverpool	Arsenal	3.46	0.4848	0.9436	0.0448	0.0116	2017
2017-08-27	West Bromwich Albion	Stoke	West Bromwich Albion	Stoke	0.8751	0.9809	0.3079	0.3358	0.3563	2017
2017-09-09	Southampton	Watford	Southampton	Watford	0.3313	0.5779	0.1722	0.4764	0.3514	2017
2017-09-09	Stoke	Manchester United	Stoke	Man United	1.4993	1.9664	0.2647	0.2517	0.4836	2017
2017-09-09	Manchester City	Liverpool	Man City	Liverpool	3.1459	0.6652	0.9056	0.0716	0.0228	2017
2017-09-09	Leicester	Chelsea	Leicester	Chelsea	1.349	1.0394	0.467	0.2912	0.2418	2017
2017-09-09	Everton	Tottenham	Everton	Tottenham	1.1514	2.1753	0.1568	0.211	0.6322	2017
2017-09-09	Brighton	West Bromwich Albion	Brighton	West Bromwich Albion	0.3968	0.8667	0.1484	0.376	0.4756	2017
2017-09-09	Arsenal	Bournemouth	Arsenal	Bournemouth	2.4873	0.5773	0.8309	0.1227	0.0464	2017
2017-09-10	Burnley	Crystal Palace	Burnley	Crystal Palace	0.4293	1.73	0.0627	0.1991	0.7382	2017
2017-09-10	Swansea	Newcastle United	Swansea	Newcastle	1.4857	1.0318	0.492	0.2867	0.2213	2017
2017-09-11	West Ham	Huddersfield	West Ham	Huddersfield	1.9497	0.3393	0.8657	0.115	0.0193	2017
2017-09-15	Bournemouth	Brighton	Bournemouth	Brighton	1.3953	0.8743	0.4979	0.3047	0.1974	2017
2017-09-16	West Bromwich Albion	West Ham	West Bromwich Albion	West Ham	0.7819	0.2663	0.4784	0.4127	0.1089	2017
2017-09-16	Watford	Manchester City	Watford	Man City	0.8039	3.9935	0.0076	0.0317	0.9607	2017
2017-09-16	Tottenham	Swansea	Tottenham	Swansea	1.1789	0.1541	0.6472	0.3063	0.0465	2017
2017-09-16	Liverpool	Burnley	Liverpool	Burnley	2.1873	0.3344	0.8663	0.1099	0.0238	2017
2017-09-16	Huddersfield	Leicester	Huddersfield	Leicester	0.7003	1.2418	0.1671	0.2994	0.5335	2017
2017-09-16	Crystal Palace	Southampton	Crystal Palace	Southampton	2.0324	1.1143	0.6079	0.2312	0.1609	2017
2017-09-16	Newcastle United	Stoke	Newcastle	Stoke	2.6598	0.6758	0.8488	0.1109	0.0403	2017
2017-09-17	Chelsea	Arsenal	Chelsea	Arsenal	0.7621	1.4221	0.1543	0.2745	0.5712	2017
2017-09-17	Manchester United	Everton	Man United	Everton	3.2872	1.063	0.8638	0.0971	0.0391	2017
2017-09-23	Stoke	Chelsea	Stoke	Chelsea	0.601	1.5981	0.0891	0.2287	0.6822	2017
2017-09-23	West Ham	Tottenham	West Ham	Tottenham	0.6767	1.4533	0.1385	0.2748	0.5867	2017
2017-09-23	Swansea	Watford	Swansea	Watford	1.5081	1.2582	0.4134	0.3354	0.2512	2017
2017-09-23	Southampton	Manchester United	Southampton	Man United	0.8021	1.0725	0.2275	0.3295	0.443	2017
2017-09-23	Burnley	Huddersfield	Burnley	Huddersfield	0.3695	0.3126	0.2589	0.5442	0.1969	2017
2017-09-23	Leicester	Liverpool	Leicester	Liverpool	2.8877	1.929	0.6388	0.191	0.1702	2017
2017-09-23	Everton	Bournemouth	Everton	Bournemouth	2.2109	0.3847	0.8918	0.0895	0.0187	2017
2017-09-23	Manchester City	Crystal Palace	Man City	Crystal Palace	5.7254	0.611	0.9967	0.0027	0.0006	2017
2017-09-24	Brighton	Newcastle United	Brighton	Newcastle	0.5073	1.37	0.115	0.2591	0.6259	2017
2017-09-25	Arsenal	West Bromwich Albion	Arsenal	West Bromwich Albion	2.3932	0.7667	0.8054	0.1466	0.048	2017
2017-09-30	West Ham	Swansea	West Ham	Swansea	0.6922	0.1786	0.4668	0.4492	0.084	2017
2017-09-30	Bournemouth	Leicester	Bournemouth	Leicester	1.399	0.5948	0.5931	0.2844	0.1225	2017
2017-09-30	Chelsea	Manchester City	Chelsea	Man City	0.9115	1.2307	0.2624	0.321	0.4166	2017
2017-09-30	Huddersfield	Tottenham	Huddersfield	Tottenham	0.1966	1.5609	0.0364	0.2118	0.7518	2017
2017-09-30	Manchester United	Crystal Palace	Man United	Crystal Palace	3.4751	0.2443	0.9735	0.0235	0.003	2017
2017-09-30	Stoke	Southampton	Stoke	Southampton	2.6814	1.4278	0.704	0.1735	0.1225	2017
2017-09-30	West Bromwich Albion	Watford	West Bromwich Albion	Watford	1.939	1.6246	0.441	0.2921	0.2669	2017
2017-10-01	Newcastle United	Liverpool	Newcastle	Liverpool	0.2804	1.6447	0.0381	0.1766	0.7853	2017
2017-10-01	Arsenal	Brighton	Arsenal	Brighton	2.4782	0.3863	0.8747	0.098	0.0273	2017
2017-10-01	Everton	Burnley	Everton	Burnley	0.9338	0.384	0.4844	0.3672	0.1484	2017
2017-10-14	Watford	Arsenal	Watford	Arsenal	1.6342	0.9885	0.5528	0.2811	0.1661	2017
2017-10-14	Tottenham	Bournemouth	Tottenham	Bournemouth	1.9568	0.175	0.8589	0.1217	0.0194	2017
2017-10-14	Swansea	Huddersfield	Swansea	Huddersfield	1.6545	0.5961	0.7265	0.223	0.0505	2017
2017-10-14	Crystal Palace	Chelsea	Crystal Palace	Chelsea	1.5187	0.6519	0.6143	0.2462	0.1395	2017
2017-10-14	Liverpool	Manchester United	Liverpool	Man United	1.927	0.2304	0.8359	0.1346	0.0295	2017
2017-10-14	Burnley	West Ham	Burnley	West Ham	0.7022	0.8352	0.2578	0.3688	0.3734	2017
2017-10-14	Manchester City	Stoke	Man City	Stoke	4.4539	0.6812	0.9815	0.0163	0.0022	2017
2017-10-15	Brighton	Everton	Brighton	Everton	1.0588	1.4552	0.2228	0.3085	0.4687	2017
2017-10-15	Southampton	Newcastle United	Southampton	Newcastle	1.7145	0.951	0.5864	0.2474	0.1662	2017
2017-10-16	Leicester	West Bromwich Albion	Leicester	West Bromwich Albion	0.9643	0.1553	0.6125	0.334	0.0535	2017
2017-10-20	West Ham	Brighton	West Ham	Brighton	0.5691	1.9834	0.0623	0.1541	0.7836	2017
2017-10-21	Stoke	Bournemouth	Stoke	Bournemouth	1.6012	1.1183	0.4851	0.3134	0.2015	2017
2017-10-21	Southampton	West Bromwich Albion	Southampton	West Bromwich Albion	2.0229	0.5041	0.8115	0.1503	0.0382	2017
2017-10-21	Newcastle United	Crystal Palace	Newcastle	Crystal Palace	0.2703	0.5668	0.1494	0.4838	0.3668	2017
2017-10-21	Swansea	Leicester	Swansea	Leicester	0.5596	1.8081	0.0671	0.18	0.7529	2017
2017-10-21	Huddersfield	Manchester United	Huddersfield	Man United	1.2674	0.8071	0.5	0.3124	0.1876	2017
2017-10-21	Chelsea	Watford	Chelsea	Watford	1.7832	1.7969	0.3729	0.2537	0.3734	2017
2017-10-21	Manchester City	Burnley	Man City	Burnley	3.7181	0.1486	0.9879	0.0112	0.0009	2017
2017-10-22	Everton	Arsenal	Everton	Arsenal	0.811	3.8603	0.0149	0.0507	0.9344	2017
2017-10-22	Tottenham	Liverpool	Tottenham	Liverpool	2.6204	0.6678	0.848	0.1091	0.0429	2017
2017-10-28	West Bromwich Albion	Manchester City	West Bromwich Albion	Man City	1.1185	2.7708	0.0535	0.1406	0.8059	2017
2017-10-28	Watford	Stoke	Watford	Stoke	1.1345	0.7789	0.4367	0.3218	0.2415	2017
2017-10-28	Manchester United	Tottenham	Man United	Tottenham	0.9435	1.0871	0.282	0.3354	0.3826	2017
2017-10-28	Liverpool	Huddersfield	Liverpool	Huddersfield	2.1426	0.0555	0.9358	0.0612	0.003	2017
2017-10-28	Bournemouth	Chelsea	Bournemouth	Chelsea	0.4551	1.7836	0.0723	0.2011	0.7266	2017
2017-10-28	Arsenal	Swansea	Arsenal	Swansea	2.3778	0.8355	0.7542	0.1692	0.0766	2017
2017-10-28	Crystal Palace	West Ham	Crystal Palace	West Ham	2.9167	0.7428	0.8948	0.0838	0.0214	2017
2017-10-29	Brighton	Southampton	Brighton	Southampton	1.5053	0.5436	0.6818	0.2362	0.082	2017
2017-10-29	Leicester	Everton	Leicester	Everton	1.3677	0.5752	0.6136	0.2617	0.1247	2017
2017-10-30	Burnley	Newcastle United	Burnley	Newcastle	1.0271	0.5164	0.5034	0.3376	0.159	2017
2017-11-04	West Ham	Liverpool	West Ham	Liverpool	1.1304	2.8773	0.0689	0.1406	0.7905	2017
2017-11-04	Stoke	Leicester	Stoke	Leicester	1.2299	1.3956	0.3235	0.277	0.3995	2017
2017-11-04	Swansea	Brighton	Swansea	Brighton	1.2456	0.8749	0.4366	0.3581	0.2053	2017
2017-11-04	Newcastle United	Bournemouth	Newcastle	Bournemouth	0.6761	1.287	0.1782	0.2917	0.5301	2017
2017-11-04	Huddersfield	West Bromwich Albion	Huddersfield	West Bromwich Albion	0.2604	0.382	0.1653	0.5815	0.2532	2017
2017-11-04	Southampton	Burnley	Southampton	Burnley	0.7893	0.1377	0.5143	0.4253	0.0604	2017
2017-11-05	Chelsea	Manchester United	Chelsea	Man United	1.8417	0.7736	0.6519	0.2288	0.1193	2017
2017-11-05	Everton	Watford	Everton	Watford	2.5796	2.0553	0.4983	0.2623	0.2394	2017
2017-11-05	Manchester City	Arsenal	Man City	Arsenal	2.1503	0.3404	0.8816	0.0961	0.0223	2017
2017-11-05	Tottenham	Crystal Palace	Tottenham	Crystal Palace	0.9918	1.1022	0.3094	0.3196	0.371	2017
2017-11-18	Arsenal	Tottenham	Arsenal	Tottenham	2.2425	0.5912	0.7941	0.1464	0.0595	2017
2017-11-18	Bournemouth	Huddersfield	Bournemouth	Huddersfield	1.3878	1.1633	0.4251	0.2759	0.299	2017
2017-11-18	Burnley	Swansea	Burnley	Swansea	1.5427	0.4314	0.6947	0.2281	0.0772	2017
2017-11-18	Crystal Palace	Everton	Crystal Palace	Everton	2.0298	1.6873	0.4554	0.2705	0.2741	2017
2017-11-18	Leicester	Manchester City	Leicester	Man City	0.097	2.4006	0.002	0.0402	0.9578	2017
2017-11-18	Liverpool	Southampton	Liverpool	Southampton	2.0628	0.5639	0.7635	0.1699	0.0666	2017
2017-11-18	Manchester United	Newcastle United	Man United	Newcastle	2.5742	1.0871	0.7368	0.1694	0.0938	2017
2017-11-18	West Bromwich Albion	Chelsea	West Bromwich Albion	Chelsea	0.5907	1.7171	0.0897	0.2227	0.6876	2017
2017-11-19	Watford	West Ham	Watford	West Ham	1.2455	1.4337	0.2848	0.2853	0.4299	2017
2017-11-20	Brighton	Stoke	Brighton	Stoke	0.4901	1.2051	0.1277	0.2933	0.579	2017
2017-11-24	West Ham	Leicester	West Ham	Leicester	0.7753	0.4539	0.4086	0.4016	0.1898	2017
2017-11-25	Crystal Palace	Stoke	Crystal Palace	Stoke	1.4834	0.6283	0.6203	0.2553	0.1244	2017
2017-11-25	Liverpool	Chelsea	Liverpool	Chelsea	1.5037	0.74	0.5678	0.2667	0.1655	2017
2017-11-25	Manchester United	Brighton	Man United	Brighton	1.5015	0.5651	0.6681	0.2441	0.0878	2017
2017-11-25	Newcastle United	Watford	Newcastle	Watford	0.86	2.0584	0.1121	0.2017	0.6862	2017
2017-11-25	Swansea	Bournemouth	Swansea	Bournemouth	0.8796	0.4491	0.4648	0.3729	0.1623	2017
2017-11-25	Tottenham	West Bromwich Albion	Tottenham	West Bromwich Albion	1.9153	0.7171	0.7072	0.2206	0.0722	2017
2017-11-26	Burnley	Arsenal	Burnley	Arsenal	0.4027	1.7518	0.0466	0.1735	0.7799	2017
2017-11-26	Huddersfield	Manchester City	Huddersfield	Man City	0.5377	2.6618	0.0133	0.0717	0.915	2017
2017-11-26	Southampton	Everton	Southampton	Everton	1.9703	0.1477	0.8701	0.1139	0.016	2017
2017-11-28	Brighton	Crystal Palace	Brighton	Crystal Palace	0.4752	0.5843	0.2305	0.4446	0.3249	2017
2017-11-28	Leicester	Tottenham	Leicester	Tottenham	0.9246	2.5055	0.0771	0.1493	0.7736	2017
2017-11-28	Watford	Manchester United	Watford	Man United	1.2928	1.6349	0.2706	0.285	0.4444	2017
2017-11-28	West Bromwich Albion	Newcastle United	West Bromwich Albion	Newcastle	0.8453	1.1342	0.2492	0.317	0.4338	2017
2017-11-29	Stoke	Liverpool	Stoke	Liverpool	0.8467	2.5876	0.0575	0.132	0.8105	2017
2017-11-29	Everton	West Ham	Everton	West Ham	1.765	1.0366	0.581	0.3044	0.1146	2017
2017-11-29	Manchester City	Southampton	Man City	Southampton	1.6495	1.7066	0.3409	0.2647	0.3944	2017
2017-11-29	Bournemouth	Burnley	Bournemouth	Burnley	0.9151	1.0852	0.2556	0.3869	0.3575	2017
2017-11-29	Arsenal	Huddersfield	Arsenal	Huddersfield	4.4789	0.4757	0.9873	0.0112	0.0015	2017
2017-11-29	Chelsea	Swansea	Chelsea	Swansea	2.3001	0.0411	0.9222	0.0747	0.0031	2017
2017-12-02	West Bromwich Albion	Crystal Palace	West Bromwich Albion	Crystal Palace	1.6518	0.8092	0.5914	0.2561	0.1525	2017
2017-12-02	Stoke	Swansea	Stoke	Swansea	1.2474	0.3206	0.6603	0.263	0.0767	2017
2017-12-02	Watford	Tottenham	Watford	Tottenham	0.3527	0.7888	0.1252	0.3846	0.4902	2017
2017-12-02	Leicester	Burnley	Leicester	Burnley	1.6127	0.7894	0.5887	0.257	0.1543	2017
2017-12-02	Arsenal	Manchester United	Arsenal	Man United	4.2406	2.0683	0.8356	0.1089	0.0555	2017
2017-12-02	Chelsea	Newcastle United	Chelsea	Newcastle	3.0779	0.5195	0.9251	0.0593	0.0156	2017
2017-12-02	Everton	Huddersfield	Everton	Huddersfield	0.82	0.2234	0.5183	0.3963	0.0854	2017
2017-12-02	Brighton	Liverpool	Brighton	Liverpool	1.6588	1.7757	0.3265	0.2893	0.3842	2017
2017-12-03	Bournemouth	Southampton	Bournemouth	Southampton	1.1119	1.0026	0.3794	0.2997	0.3209	2017
2017-12-03	Manchester City	West Ham	Man City	West Ham	2.456	0.4745	0.8764	0.0987	0.0249	2017
2017-12-09	Burnley	Watford	Burnley	Watford	0.4856	0.8192	0.1907	0.3767	0.4326	2017
2017-12-09	Crystal Palace	Bournemouth	Crystal Palace	Bournemouth	4.6121	0.9624	0.9702	0.0233	0.0065	2017
2017-12-09	Huddersfield	Brighton	Huddersfield	Brighton	2.6812	0.2738	0.9583	0.0365	0.0052	2017
2017-12-09	Newcastle United	Leicester	Newcastle	Leicester	0.9647	0.4441	0.5069	0.3493	0.1438	2017
2017-12-09	Swansea	West Bromwich Albion	Swansea	West Bromwich Albion	1.011	0.2523	0.5631	0.3536	0.0833	2017
2017-12-09	Tottenham	Stoke	Tottenham	Stoke	4.0193	0.7493	0.9618	0.0317	0.0065	2017
2017-12-09	West Ham	Chelsea	West Ham	Chelsea	0.4181	1.1889	0.1212	0.3052	0.5736	2017
2017-12-10	Liverpool	Everton	Liverpool	Everton	1.8957	0.8232	0.6444	0.2514	0.1042	2017
2017-12-10	Manchester United	Manchester City	Man United	Man City	1.4376	2.0304	0.2041	0.2878	0.5081	2017
2017-12-10	Southampton	Arsenal	Southampton	Arsenal	1.2194	0.6084	0.5464	0.2934	0.1602	2017
2017-12-12	Crystal Palace	Watford	Crystal Palace	Watford	1.1055	1.4044	0.2619	0.3088	0.4293	2017
2017-12-12	Huddersfield	Chelsea	Huddersfield	Chelsea	0.4767	1.8707	0.0544	0.1757	0.7699	2017
2017-12-12	Burnley	Stoke	Burnley	Stoke	0.3601	0.9163	0.1274	0.37	0.5026	2017
2017-12-13	Liverpool	West Bromwich Albion	Liverpool	West Bromwich Albion	2.1391	0.5204	0.8063	0.1514	0.0423	2017
2017-12-13	Manchester United	Bournemouth	Man United	Bournemouth	1.2404	0.8158	0.4803	0.3075	0.2122	2017
2017-12-13	Newcastle United	Everton	Newcastle	Everton	0.5707	1.3872	0.084	0.2541	0.6619	2017
2017-12-13	Southampton	Leicester	Southampton	Leicester	1.1175	2.2458	0.1254	0.2113	0.6633	2017
2017-12-13	Swansea	Manchester City	Swansea	Man City	0.5895	3.5683	0.0107	0.0468	0.9425	2017
2017-12-13	Tottenham	Brighton	Tottenham	Brighton	1.8734	0.3156	0.7788	0.1736	0.0476	2017
2017-12-13	West Ham	Arsenal	West Ham	Arsenal	0.4052	1.0219	0.1477	0.3459	0.5064	2017
2017-12-16	Watford	Huddersfield	Watford	Huddersfield	0.5891	3.4919	0.0087	0.0324	0.9589	2017
2017-12-16	Arsenal	Newcastle United	Arsenal	Newcastle	2.0247	0.2865	0.8155	0.1471	0.0374	2017
2017-12-16	Brighton	Burnley	Brighton	Burnley	1.4903	1.3254	0.4113	0.2998	0.2889	2017
2017-12-16	Chelsea	Southampton	Chelsea	Southampton	1.2902	0.5871	0.5347	0.3033	0.162	2017
2017-12-16	Leicester	Crystal Palace	Leicester	Crystal Palace	0.7582	2.2589	0.0858	0.167	0.7472	2017
2017-12-16	Manchester City	Tottenham	Man City	Tottenham	4.1459	0.1825	0.9951	0.0047	0.0002	2017
2017-12-16	Stoke	West Ham	Stoke	West Ham	0.9833	3.0824	0.0496	0.1088	0.8416	2017
2017-12-17	West Bromwich Albion	Manchester United	West Bromwich Albion	Man United	1.076	0.899	0.3887	0.373	0.2383	2017
2017-12-17	Bournemouth	Liverpool	Bournemouth	Liverpool	0.5392	3.2504	0.0145	0.0632	0.9223	2017
2017-12-18	Everton	Swansea	Everton	Swansea	2.0176	0.7662	0.7604	0.1883	0.0513	2017
2017-12-22	Arsenal	Liverpool	Arsenal	Liverpool	1.131	2.0595	0.158	0.2283	0.6137	2017
2017-12-23	Brighton	Watford	Brighton	Watford	1.4014	1.3004	0.376	0.2942	0.3298	2017
2017-12-23	Burnley	Tottenham	Burnley	Tottenham	0.1597	3.3095	0.002	0.0192	0.9788	2017
2017-12-23	Everton	Chelsea	Everton	Chelsea	0.3424	1.8497	0.0347	0.1477	0.8176	2017
2017-12-23	Leicester	Manchester United	Leicester	Man United	1.5647	2.1528	0.2207	0.2581	0.5212	2017
2017-12-23	Manchester City	Bournemouth	Man City	Bournemouth	1.5572	0.3349	0.7255	0.2135	0.061	2017
2017-12-23	Southampton	Huddersfield	Southampton	Huddersfield	1.7381	1.0938	0.5402	0.2549	0.2049	2017
2017-12-23	Stoke	West Bromwich Albion	Stoke	West Bromwich Albion	1.7986	2.0544	0.3197	0.2522	0.4281	2017
2017-12-23	Swansea	Crystal Palace	Swansea	Crystal Palace	0.5466	1.2555	0.1051	0.3178	0.5771	2017
2017-12-23	West Ham	Newcastle United	West Ham	Newcastle	2.319	1.9062	0.4723	0.2583	0.2694	2017
2017-12-26	West Bromwich Albion	Everton	West Bromwich Albion	Everton	1.1817	0.4058	0.5773	0.3075	0.1152	2017
2017-12-26	Watford	Leicester	Watford	Leicester	1.4301	1.5477	0.3135	0.2953	0.3912	2017
2017-12-26	Tottenham	Southampton	Tottenham	Southampton	3.0841	0.5911	0.9212	0.058	0.0208	2017
2017-12-26	Manchester United	Burnley	Man United	Burnley	1.8076	0.7862	0.6333	0.2573	0.1094	2017
2017-12-26	Huddersfield	Stoke	Huddersfield	Stoke	1.8756	1.1998	0.5381	0.2436	0.2183	2017
2017-12-26	Chelsea	Brighton	Chelsea	Brighton	2.1693	0.4526	0.8051	0.1496	0.0453	2017
2017-12-26	Bournemouth	West Ham	Bournemouth	West Ham	2.8493	1.876	0.6046	0.2141	0.1813	2017
2017-12-26	Liverpool	Swansea	Liverpool	Swansea	3.0642	0.2719	0.9432	0.048	0.0088	2017
2017-12-27	Newcastle United	Manchester City	Newcastle	Man City	0.1747	1.9319	0.0231	0.1451	0.8318	2017
2017-12-28	Crystal Palace	Arsenal	Crystal Palace	Arsenal	1.1452	1.841	0.2058	0.2464	0.5478	2017
2017-12-30	Huddersfield	Burnley	Huddersfield	Burnley	0.0491	1.2092	0.0106	0.2527	0.7367	2017
2017-12-30	Bournemouth	Everton	Bournemouth	Everton	1.3996	0.5996	0.5823	0.2756	0.1421	2017
2017-12-30	Chelsea	Stoke	Chelsea	Stoke	3.0953	0.2822	0.9634	0.033	0.0036	2017
2017-12-30	Liverpool	Leicester	Liverpool	Leicester	2.5661	0.7897	0.7988	0.1435	0.0577	2017
2017-12-30	Manchester United	Southampton	Man United	Southampton	1.8725	0.8501	0.6447	0.2256	0.1297	2017
2017-12-30	Newcastle United	Brighton	Newcastle	Brighton	0.5044	0.6301	0.2331	0.4265	0.3404	2017
2017-12-30	Watford	Swansea	Watford	Swansea	1.1779	1.3148	0.2959	0.3224	0.3817	2017
2017-12-31	Crystal Palace	Manchester City	Crystal Palace	Man City	1.7215	1.0959	0.5453	0.2594	0.1953	2017
2017-12-31	West Bromwich Albion	Arsenal	West Bromwich Albion	Arsenal	1.3943	0.9178	0.4997	0.2937	0.2066	2017
2018-01-01	Leicester	Huddersfield	Leicester	Huddersfield	1.4507	0.2266	0.7575	0.2013	0.0412	2017
2018-01-01	Stoke	Newcastle United	Stoke	Newcastle	1.5003	2.0203	0.2406	0.2572	0.5022	2017
2018-01-01	Everton	Manchester United	Everton	Man United	1.2395	1.2625	0.3316	0.304	0.3644	2017
2018-01-01	Brighton	Bournemouth	Brighton	Bournemouth	2.3733	1.2825	0.6515	0.1869	0.1616	2017
2018-01-01	Burnley	Liverpool	Burnley	Liverpool	0.9005	1.6251	0.1423	0.2774	0.5803	2017
2018-01-02	Manchester City	Watford	Man City	Watford	2.774	0.9653	0.8131	0.1322	0.0547	2017
2018-01-02	Southampton	Crystal Palace	Southampton	Crystal Palace	0.4453	1.3429	0.09	0.2547	0.6553	2017
2018-01-02	Swansea	Tottenham	Swansea	Tottenham	0.3978	1.6184	0.0641	0.1995	0.7364	2017
2018-01-02	West Ham	West Bromwich Albion	West Ham	West Bromwich Albion	1.0594	0.6354	0.4746	0.3248	0.2006	2017
2018-01-03	Arsenal	Chelsea	Arsenal	Chelsea	1.2321	3.0768	0.0749	0.1325	0.7926	2017
2018-01-04	Tottenham	West Ham	Tottenham	West Ham	1.6491	0.6129	0.6332	0.2468	0.12	2017
2018-01-13	Chelsea	Leicester	Chelsea	Leicester	0.6229	1.3634	0.1501	0.2689	0.581	2017
2018-01-13	Crystal Palace	Burnley	Crystal Palace	Burnley	1.8097	0.9078	0.62	0.2354	0.1446	2017
2018-01-13	Huddersfield	West Ham	Huddersfield	West Ham	0.681	0.9869	0.2382	0.3498	0.412	2017
2018-01-13	Newcastle United	Swansea	Newcastle	Swansea	1.8273	0.8958	0.6142	0.2353	0.1505	2017
2018-01-13	Tottenham	Everton	Tottenham	Everton	4.2137	0.2903	0.992	0.0072	0.0008	2017
2018-01-13	Watford	Southampton	Watford	Southampton	1.6737	0.8576	0.5787	0.2734	0.1479	2017
2018-01-13	West Bromwich Albion	Brighton	West Bromwich Albion	Brighton	1.3848	0.5308	0.6072	0.2605	0.1323	2017
2018-01-14	Liverpool	Manchester City	Liverpool	Man City	1.0159	0.723	0.413	0.3412	0.2458	2017
2018-01-14	Bournemouth	Arsenal	Bournemouth	Arsenal	0.8223	1.0096	0.2699	0.3326	0.3975	2017
2018-01-15	Manchester United	Stoke	Man United	Stoke	1.9485	1.476	0.4918	0.2429	0.2653	2017
2018-01-20	West Ham	Bournemouth	West Ham	Bournemouth	0.9802	0.5019	0.4893	0.354	0.1567	2017
2018-01-20	Manchester City	Newcastle United	Man City	Newcastle	2.5505	0.992	0.7637	0.1571	0.0792	2017
2018-01-20	Leicester	Watford	Leicester	Watford	1.5193	0.7408	0.6013	0.2706	0.1281	2017
2018-01-20	Stoke	Huddersfield	Stoke	Huddersfield	0.9878	0.2385	0.5639	0.3543	0.0818	2017
2018-01-20	Burnley	Manchester United	Burnley	Man United	0.5682	0.8608	0.217	0.3807	0.4023	2017
2018-01-20	Brighton	Chelsea	Brighton	Chelsea	0.8812	1.5201	0.1909	0.2695	0.5396	2017
2018-01-20	Arsenal	Crystal Palace	Arsenal	Crystal Palace	3.5652	0.5012	0.9669	0.0272	0.0059	2017
2018-01-20	Everton	West Bromwich Albion	Everton	West Bromwich Albion	0.9235	1.35	0.2305	0.3071	0.4624	2017
2018-01-21	Southampton	Tottenham	Southampton	Tottenham	1.1521	1.3065	0.3129	0.3068	0.3803	2017
2018-01-22	Swansea	Liverpool	Swansea	Liverpool	0.4987	2.1968	0.0282	0.1331	0.8387	2017
2018-01-30	Huddersfield	Liverpool	Huddersfield	Liverpool	0.288	2.0515	0.0222	0.1119	0.8659	2017
2018-01-30	Swansea	Arsenal	Swansea	Arsenal	2.3791	1.1562	0.6841	0.1887	0.1272	2017
2018-01-30	West Ham	Crystal Palace	West Ham	Crystal Palace	1.1163	1.1581	0.2462	0.4659	0.2879	2017
2018-01-31	Tottenham	Manchester United	Tottenham	Man United	2.0117	0.818	0.6715	0.213	0.1155	2017
2018-01-31	Stoke	Watford	Stoke	Watford	0.7222	0.7408	0.3067	0.3718	0.3215	2017
2018-01-31	Southampton	Brighton	Southampton	Brighton	1.2739	1.0791	0.3725	0.332	0.2955	2017
2018-01-31	Manchester City	West Bromwich Albion	Man City	West Bromwich Albion	2.6896	0.118	0.9444	0.0502	0.0054	2017
2018-01-31	Everton	Leicester	Everton	Leicester	1.5307	2.6502	0.1228	0.208	0.6692	2017
2018-01-31	Chelsea	Bournemouth	Chelsea	Bournemouth	1.148	1.4245	0.2672	0.2799	0.4529	2017
2018-01-31	Newcastle United	Burnley	Newcastle	Burnley	2.5227	1.2283	0.7078	0.1873	0.1049	2017
2018-02-03	Arsenal	Everton	Arsenal	Everton	3.1962	1.4907	0.7592	0.1463	0.0945	2017
2018-02-03	Bournemouth	Stoke	Bournemouth	Stoke	1.9109	0.7212	0.69	0.2018	0.1082	2017
2018-02-03	Brighton	West Ham	Brighton	West Ham	1.6423	0.4438	0.7043	0.217	0.0787	2017
2018-02-03	Burnley	Manchester City	Burnley	Man City	0.796	2.2491	0.0766	0.1749	0.7485	2017
2018-02-03	Leicester	Swansea	Leicester	Swansea	1.4847	0.5699	0.6357	0.2632	0.1011	2017
2018-02-03	Manchester United	Huddersfield	Man United	Huddersfield	1.6339	0.1305	0.8913	0.1004	0.0083	2017
2018-02-03	West Bromwich Albion	Southampton	West Bromwich Albion	Southampton	0.8766	0.997	0.3034	0.3342	0.3624	2017
2018-02-04	Crystal Palace	Newcastle United	Crystal Palace	Newcastle	3.0024	1.1441	0.809	0.1294	0.0616	2017
2018-02-04	Liverpool	Tottenham	Liverpool	Tottenham	1.2896	2.5439	0.1058	0.1802	0.714	2017
2018-02-05	Watford	Chelsea	Watford	Chelsea	2.127	0.5736	0.799	0.1462	0.0548	2017
2018-02-10	West Ham	Watford	West Ham	Watford	1.8336	0.7999	0.6574	0.2283	0.1143	2017
2018-02-10	Tottenham	Arsenal	Tottenham	Arsenal	2.6356	0.4873	0.8677	0.103	0.0293	2017
2018-02-10	Swansea	Burnley	Swansea	Burnley	0.8433	0.4307	0.4309	0.3847	0.1844	2017
2018-02-10	Stoke	Brighton	Stoke	Brighton	1.3955	0.8979	0.5129	0.294	0.1931	2017
2018-02-10	Everton	Crystal Palace	Everton	Crystal Palace	1.4879	1.6571	0.3028	0.3033	0.3939	2017
2018-02-10	Manchester City	Leicester	Man City	Leicester	2.5912	0.1097	0.9548	0.0408	0.0044	2017
2018-02-11	Huddersfield	Bournemouth	Huddersfield	Bournemouth	2.567	0.4336	0.9021	0.0796	0.0183	2017
2018-02-11	Newcastle United	Manchester United	Newcastle	Man United	0.6767	1.72	0.1233	0.2257	0.651	2017
2018-02-11	Southampton	Liverpool	Southampton	Liverpool	0.8543	2.3558	0.0791	0.1683	0.7526	2017
2018-02-12	Chelsea	West Bromwich Albion	Chelsea	West Bromwich Albion	2.38	0.6288	0.8018	0.1433	0.0549	2017
2018-02-24	Bournemouth	Newcastle United	Bournemouth	Newcastle	1.2065	4.2357	0.0096	0.033	0.9574	2017
2018-02-24	Brighton	Swansea	Brighton	Swansea	3.2913	0.4432	0.9678	0.0268	0.0054	2017
2018-02-24	Burnley	Southampton	Burnley	Southampton	1.2818	0.659	0.5855	0.2987	0.1158	2017
2018-02-24	Leicester	Stoke	Leicester	Stoke	1.1249	0.1661	0.6469	0.305	0.0481	2017
2018-02-24	Liverpool	West Ham	Liverpool	West Ham	3.9205	0.3353	0.9818	0.0158	0.0024	2017
2018-02-24	Watford	Everton	Watford	Everton	0.6069	0.6651	0.2653	0.3994	0.3353	2017
2018-02-24	West Bromwich Albion	Huddersfield	West Bromwich Albion	Huddersfield	1.5016	1.181	0.4547	0.2737	0.2716	2017
2018-02-25	Crystal Palace	Tottenham	Crystal Palace	Tottenham	0.185	1.6507	0.0263	0.1618	0.8119	2017
2018-02-25	Manchester United	Chelsea	Man United	Chelsea	1.3004	1.6896	0.2532	0.2698	0.477	2017
2018-03-01	Arsenal	Manchester City	Arsenal	Man City	1.3017	1.9261	0.1891	0.2652	0.5457	2017
2018-03-03	Tottenham	Huddersfield	Tottenham	Huddersfield	1.6379	0.1381	0.8351	0.1484	0.0165	2017
2018-03-03	Watford	West Bromwich Albion	Watford	West Bromwich Albion	1.2353	1.0912	0.3838	0.2983	0.3179	2017
2018-03-03	Swansea	West Ham	Swansea	West Ham	2.3084	0.4972	0.8677	0.1064	0.0259	2017
2018-03-03	Leicester	Bournemouth	Leicester	Bournemouth	2.978	1.4035	0.7672	0.1577	0.0751	2017
2018-03-03	Liverpool	Newcastle United	Liverpool	Newcastle	1.5694	0.2553	0.7452	0.2103	0.0445	2017
2018-03-03	Southampton	Stoke	Southampton	Stoke	0.9829	0.3853	0.5143	0.3512	0.1345	2017
2018-03-03	Burnley	Everton	Burnley	Everton	2.3352	1.7999	0.5068	0.2262	0.267	2017
2018-03-04	Brighton	Arsenal	Brighton	Arsenal	1.485	0.8015	0.5623	0.2677	0.17	2017
2018-03-04	Manchester City	Chelsea	Man City	Chelsea	0.9533	0.1183	0.6024	0.3551	0.0425	2017
2018-03-05	Crystal Palace	Manchester United	Crystal Palace	Man United	0.7414	1.2544	0.1996	0.2928	0.5076	2017
2018-03-10	Chelsea	Crystal Palace	Chelsea	Crystal Palace	3.8783	1.1389	0.897	0.0693	0.0337	2017
2018-03-10	Everton	Brighton	Everton	Brighton	1.6887	0.3218	0.7959	0.1676	0.0365	2017
2018-03-10	Huddersfield	Swansea	Huddersfield	Swansea	1.3938	0.0	0.7666	0.2334	0.0	2017
2018-03-10	Manchester United	Liverpool	Man United	Liverpool	0.8451	0.7771	0.3475	0.3696	0.2829	2017
2018-03-10	Newcastle United	Southampton	Newcastle	Southampton	1.3585	0.4967	0.6429	0.2705	0.0866	2017
2018-03-10	West Bromwich Albion	Leicester	West Bromwich Albion	Leicester	0.3609	1.8652	0.049	0.1583	0.7927	2017
2018-03-10	West Ham	Burnley	West Ham	Burnley	0.7267	1.4193	0.1405	0.2841	0.5754	2017
2018-03-11	Arsenal	Watford	Arsenal	Watford	2.3826	1.5468	0.5928	0.233	0.1742	2017
2018-03-11	Bournemouth	Tottenham	Bournemouth	Tottenham	1.1739	2.5312	0.0758	0.1822	0.742	2017
2018-03-12	Stoke	Manchester City	Stoke	Man City	0.157	1.6456	0.0252	0.185	0.7898	2017
2018-03-17	Stoke	Everton	Stoke	Everton	0.8943	2.9788	0.024	0.0988	0.8772	2017
2018-03-17	Liverpool	Watford	Liverpool	Watford	1.8121	0.3548	0.7774	0.1736	0.049	2017
2018-03-17	Huddersfield	Crystal Palace	Huddersfield	Crystal Palace	0.2204	2.7471	0.0034	0.0393	0.9573	2017
2018-03-17	Bournemouth	West Bromwich Albion	Bournemouth	West Bromwich Albion	0.6853	1.7449	0.1	0.2141	0.6859	2017
2018-03-31	Brighton	Leicester	Brighton	Leicester	1.6032	1.2658	0.4208	0.3811	0.1981	2017
2018-03-31	Crystal Palace	Liverpool	Crystal Palace	Liverpool	1.9087	1.7204	0.4192	0.2714	0.3094	2017
2018-03-31	Everton	Manchester City	Everton	Man City	0.8596	1.9131	0.118	0.2269	0.6551	2017
2018-03-31	Manchester United	Swansea	Man United	Swansea	2.1437	0.1388	0.9014	0.088	0.0106	2017
2018-03-31	Newcastle United	Huddersfield	Newcastle	Huddersfield	2.5362	0.2808	0.9211	0.0679	0.011	2017
2018-03-31	Watford	Bournemouth	Watford	Bournemouth	0.7613	2.1146	0.0861	0.1658	0.7481	2017
2018-03-31	West Bromwich Albion	Burnley	West Bromwich Albion	Burnley	0.3947	1.4153	0.0539	0.2105	0.7356	2017
2018-03-31	West Ham	Southampton	West Ham	Southampton	1.4497	0.4466	0.679	0.2334	0.0876	2017
2018-04-01	Arsenal	Stoke	Arsenal	Stoke	3.5665	0.3425	0.98	0.0173	0.0027	2017
2018-04-01	Chelsea	Tottenham	Chelsea	Tottenham	1.209	1.3895	0.2883	0.3084	0.4033	2017
2018-04-07	West Bromwich Albion	Swansea	West Bromwich Albion	Swansea	1.2291	0.6557	0.5244	0.3142	0.1614	2017
2018-04-07	Watford	Burnley	Watford	Burnley	1.3668	1.3832	0.3407	0.2938	0.3655	2017
2018-04-07	Manchester City	Manchester United	Man City	Man United	3.4297	1.2168	0.8461	0.1056	0.0483	2017
2018-04-07	Stoke	Tottenham	Stoke	Tottenham	1.4011	1.7989	0.2774	0.2613	0.4613	2017
2018-04-07	Everton	Liverpool	Everton	Liverpool	0.7234	0.9473	0.2392	0.3722	0.3886	2017
2018-04-07	Leicester	Newcastle United	Leicester	Newcastle	1.0922	0.2851	0.6972	0.2476	0.0552	2017
2018-04-07	Brighton	Huddersfield	Brighton	Huddersfield	1.5324	1.4896	0.3612	0.2921	0.3467	2017
2018-04-07	Bournemouth	Crystal Palace	Bournemouth	Crystal Palace	2.0923	1.1456	0.6258	0.2273	0.1469	2017
2018-04-08	Arsenal	Southampton	Arsenal	Southampton	1.589	2.167	0.2136	0.265	0.5214	2017
2018-04-08	Chelsea	West Ham	Chelsea	West Ham	2.1207	0.3026	0.8447	0.1265	0.0288	2017
2018-04-14	Tottenham	Manchester City	Tottenham	Man City	0.445	3.6199	0.0027	0.0186	0.9787	2017
2018-04-14	Swansea	Everton	Swansea	Everton	1.1975	1.6146	0.239	0.272	0.489	2017
2018-04-14	Southampton	Chelsea	Southampton	Chelsea	1.2922	0.6638	0.5388	0.2885	0.1727	2017
2018-04-14	Huddersfield	Watford	Huddersfield	Watford	0.9295	0.3063	0.555	0.3468	0.0982	2017
2018-04-14	Crystal Palace	Brighton	Crystal Palace	Brighton	2.4992	1.5449	0.6578	0.2385	0.1037	2017
2018-04-14	Burnley	Leicester	Burnley	Leicester	1.0595	1.9981	0.1538	0.237	0.6092	2017
2018-04-14	Liverpool	Bournemouth	Liverpool	Bournemouth	2.6402	0.5406	0.8795	0.0977	0.0228	2017
2018-04-15	Manchester United	West Bromwich Albion	Man United	West Bromwich Albion	0.6397	0.8245	0.2422	0.3744	0.3834	2017
2018-04-15	Newcastle United	Arsenal	Newcastle	Arsenal	0.8885	1.4154	0.217	0.284	0.499	2017
2018-04-16	West Ham	Stoke	West Ham	Stoke	0.8075	1.4108	0.1795	0.277	0.5435	2017
2018-04-17	Brighton	Tottenham	Brighton	Tottenham	0.9881	1.3625	0.2274	0.3273	0.4453	2017
2018-04-18	Bournemouth	Manchester United	Bournemouth	Man United	1.183	1.616	0.2262	0.2957	0.4781	2017
2018-04-19	Burnley	Chelsea	Burnley	Chelsea	0.2216	1.7717	0.0274	0.1481	0.8245	2017
2018-04-19	Leicester	Southampton	Leicester	Southampton	0.5152	0.6512	0.2144	0.4168	0.3688	2017
2018-04-21	Watford	Crystal Palace	Watford	Crystal Palace	0.5946	0.1823	0.4065	0.5004	0.0931	2017
2018-04-21	West Bromwich Albion	Liverpool	West Bromwich Albion	Liverpool	1.3967	1.6393	0.284	0.304	0.412	2017
2018-04-22	Arsenal	West Ham	Arsenal	West Ham	2.073	0.6232	0.7544	0.1697	0.0759	2017
2018-04-22	Manchester City	Swansea	Man City	Swansea	3.4167	0.2975	0.9824	0.016	0.0016	2017
2018-04-22	Stoke	Burnley	Stoke	Burnley	0.3561	1.6131	0.0401	0.1688	0.7911	2017
2018-04-23	Everton	Newcastle United	Everton	Newcastle	0.9485	0.481	0.4792	0.3547	0.1661	2017
2018-04-28	Swansea	Chelsea	Swansea	Chelsea	0.503	1.4543	0.1109	0.2583	0.6308	2017
2018-04-28	Southampton	Bournemouth	Southampton	Bournemouth	1.7258	1.0174	0.5558	0.2504	0.1938	2017
2018-04-28	Newcastle United	West Bromwich Albion	Newcastle	West Bromwich Albion	1.584	0.7031	0.6131	0.2555	0.1314	2017
2018-04-28	Burnley	Brighton	Burnley	Brighton	1.546	0.3784	0.7472	0.1922	0.0606	2017
2018-04-28	Huddersfield	Everton	Huddersfield	Everton	0.5654	0.9438	0.1959	0.3537	0.4504	2017
2018-04-28	Crystal Palace	Leicester	Crystal Palace	Leicester	2.7876	0.9414	0.834	0.1232	0.0428	2017
2018-04-28	Liverpool	Stoke	Liverpool	Stoke	2.1166	0.7778	0.7207	0.1979	0.0814	2017
2018-04-29	West Ham	Manchester City	West Ham	Man City	0.2289	2.2908	0.0183	0.0931	0.8886	2017
2018-04-29	Manchester United	Arsenal	Man United	Arsenal	1.5467	0.6515	0.6335	0.2606	0.1059	2017
2018-04-30	Tottenham	Watford	Tottenham	Watford	1.7676	1.3693	0.4674	0.2681	0.2645	2017
2018-05-04	Brighton	Manchester United	Brighton	Man United	0.9228	0.6524	0.4308	0.3451	0.2241	2017
2018-05-05	Bournemouth	Swansea	Bournemouth	Swansea	1.6962	1.0138	0.5596	0.2576	0.1828	2017
2018-05-05	Everton	Southampton	Everton	Southampton	0.4209	0.635	0.2047	0.4342	0.3611	2017
2018-05-05	Leicester	West Ham	Leicester	West Ham	0.3917	1.4303	0.0765	0.2404	0.6831	2017
2018-05-05	Stoke	Crystal Palace	Stoke	Crystal Palace	0.7502	1.3147	0.1972	0.2941	0.5087	2017
2018-05-05	Watford	Newcastle United	Watford	Newcastle	2.8125	0.6139	0.9131	0.0677	0.0192	2017
2018-05-05	West Bromwich Albion	Tottenham	West Bromwich Albion	Tottenham	1.2179	0.9695	0.4274	0.3592	0.2134	2017
2018-05-06	Arsenal	Burnley	Arsenal	Burnley	2.9241	0.2167	0.9736	0.0236	0.0028	2017
2018-05-06	Chelsea	Liverpool	Chelsea	Liverpool	0.8062	0.427	0.4299	0.3931	0.177	2017
2018-05-06	Manchester City	Huddersfield	Man City	Huddersfield	0.7864	0.5456	0.3661	0.4011	0.2328	2017
2018-05-08	Swansea	Southampton	Swansea	Southampton	0.3896	1.4887	0.0672	0.215	0.7178	2017
2018-05-09	Chelsea	Huddersfield	Chelsea	Huddersfield	2.2526	0.631	0.7775	0.1733	0.0492	2017
2018-05-09	Leicester	Arsenal	Leicester	Arsenal	2.198	1.5444	0.5355	0.2479	0.2166	2017
2018-05-09	Manchester City	Brighton	Man City	Brighton	1.6477	1.0094	0.5282	0.2791	0.1927	2017
2018-05-09	Tottenham	Newcastle United	Tottenham	Newcastle	0.8352	0.8297	0.3279	0.3463	0.3258	2017
2018-05-10	West Ham	Manchester United	West Ham	Man United	0.783	0.5961	0.3689	0.3839	0.2472	2017
2018-05-13	West Ham	Everton	West Ham	Everton	1.183	1.6787	0.2409	0.2673	0.4918	2017
2018-05-13	Tottenham	Leicester	Tottenham	Leicester	1.8325	1.2736	0.5297	0.2511	0.2192	2017
2018-05-13	Swansea	Stoke	Swansea	Stoke	1.7094	1.7544	0.3376	0.2527	0.4097	2017
2018-05-13	Southampton	Manchester City	Southampton	Man City	0.5066	0.7656	0.2136	0.396	0.3904	2017
2018-05-13	Newcastle United	Chelsea	Newcastle	Chelsea	2.242	0.8433	0.7887	0.1677	0.0436	2017
2018-05-13	Crystal Palace	West Bromwich Albion	Crystal Palace	West Bromwich Albion	2.3649	0.216	0.9305	0.061	0.0085	2017
2018-05-13	Liverpool	Brighton	Liverpool	Brighton	3.5098	0.0408	0.9844	0.0143	0.0013	2017
2018-05-13	Huddersfield	Arsenal	Huddersfield	Arsenal	1.3103	2.3322	0.1362	0.2034	0.6604	2017
2018-05-13	Burnley	Bournemouth	Burnley	Bournemouth	1.1618	1.3855	0.2801	0.3166	0.4033	2017
2018-05-13	Manchester United	Watford	Man United	Watford	0.4581	0.6543	0.217	0.4319	0.3511	2017
2018-08-10	Manchester United	Leicester	Man United	Leicester	1.5137	1.7381	0.2812	0.3275	0.3913	2018
2018-08-11	Wolverhampton Wanderers	Everton	Wolves	Everton	0.891	0.7154	0.3582	0.3775	0.2643	2018
2018-08-11	Bournemouth	Cardiff	Bournemouth	Cardiff	2.6002	1.5069	0.6773	0.2104	0.1123	2018
2018-08-11	Fulham	Crystal Palace	Fulham	Crystal Palace	0.6381	1.0782	0.2004	0.3242	0.4754	2018
2018-08-11	Huddersfield	Chelsea	Huddersfield	Chelsea	0.3961	2.3143	0.0214	0.1011	0.8775	2018
2018-08-11	Newcastle United	Tottenham	Newcastle	Tottenham	0.9745	2.581	0.08	0.1479	0.7721	2018
2018-08-11	Watford	Brighton	Watford	Brighton	1.4237	0.455	0.6438	0.2574	0.0988	2018
2018-08-12	Southampton	Burnley	Southampton	Burnley	1.0199	1.4083	0.2552	0.2792	0.4656	2018
2018-08-12	Liverpool	West Ham	Liverpool	West Ham	4.3442	0.4043	0.9893	0.0092	0.0015	2018
2018-08-12	Arsenal	Manchester City	Arsenal	Man City	0.4452	2.0178	0.0451	0.1428	0.8121	2018
2018-08-18	Cardiff	Newcastle United	Cardiff	Newcastle	1.1552	1.554	0.2369	0.2926	0.4705	2018
2018-08-18	Chelsea	Arsenal	Chelsea	Arsenal	1.718	2.458	0.231	0.2035	0.5655	2018
2018-08-18	Everton	Southampton	Everton	Southampton	2.02	1.7747	0.4316	0.2692	0.2992	2018
2018-08-18	Leicester	Wolverhampton Wanderers	Leicester	Wolves	0.2228	1.0935	0.0571	0.292	0.6509	2018
2018-08-18	Tottenham	Fulham	Tottenham	Fulham	3.2671	1.4425	0.7814	0.1358	0.0828	2018
2018-08-18	West Ham	Bournemouth	West Ham	Bournemouth	1.1027	1.6908	0.1961	0.2942	0.5097	2018
2018-08-19	Brighton	Manchester United	Brighton	Man United	1.6367	1.5658	0.3538	0.3473	0.2989	2018
2018-08-19	Burnley	Watford	Burnley	Watford	0.3926	1.9171	0.03	0.123	0.847	2018
2018-08-19	Manchester City	Huddersfield	Man City	Huddersfield	4.6036	0.6637	0.9792	0.0183	0.0025	2018
2018-08-20	Crystal Palace	Liverpool	Crystal Palace	Liverpool	0.3686	2.8218	0.0111	0.0563	0.9326	2018
2018-08-25	Southampton	Leicester	Southampton	Leicester	0.5425	0.5179	0.276	0.4481	0.2759	2018
2018-08-25	Liverpool	Brighton	Liverpool	Brighton	1.8141	0.5356	0.7125	0.2072	0.0803	2018
2018-08-25	Wolverhampton Wanderers	Manchester City	Wolves	Man City	1.2638	1.8429	0.22	0.2638	0.5162	2018
2018-08-25	Bournemouth	Everton	Bournemouth	Everton	2.5887	0.5437	0.876	0.0937	0.0303	2018
2018-08-25	Arsenal	West Ham	Arsenal	West Ham	1.7852	1.1792	0.5255	0.2474	0.2271	2018
2018-08-25	Huddersfield	Cardiff	Huddersfield	Cardiff	0.2035	1.0635	0.0611	0.3185	0.6204	2018
2018-08-26	Fulham	Burnley	Fulham	Burnley	1.9246	1.5688	0.4467	0.2621	0.2912	2018
2018-08-26	Newcastle United	Chelsea	Newcastle	Chelsea	0.2093	1.4967	0.0288	0.176	0.7952	2018
2018-08-26	Watford	Crystal Palace	Watford	Crystal Palace	1.146	1.219	0.3208	0.3146	0.3646	2018
2018-08-27	Manchester United	Tottenham	Man United	Tottenham	1.4032	1.8081	0.269	0.2436	0.4874	2018
2018-09-01	West Ham	Wolverhampton Wanderers	West Ham	Wolves	0.8889	1.223	0.2413	0.3045	0.4542	2018
2018-09-01	Manchester City	Newcastle United	Man City	Newcastle	2.469	0.5548	0.8343	0.1322	0.0335	2018
2018-09-01	Leicester	Liverpool	Leicester	Liverpool	0.9812	1.2272	0.2629	0.3246	0.4125	2018
2018-09-01	Crystal Palace	Southampton	Crystal Palace	Southampton	2.3519	3.1361	0.228	0.2078	0.5642	2018
2018-09-01	Chelsea	Bournemouth	Chelsea	Bournemouth	1.1641	0.951	0.387	0.3123	0.3007	2018
2018-09-01	Brighton	Fulham	Brighton	Fulham	2.6822	1.5155	0.6739	0.1942	0.1319	2018
2018-09-01	Everton	Huddersfield	Everton	Huddersfield	0.616	0.66	0.272	0.4062	0.3218	2018
2018-09-02	Burnley	Manchester United	Burnley	Man United	1.0992	2.9036	0.0644	0.1378	0.7978	2018
2018-09-02	Cardiff	Arsenal	Cardiff	Arsenal	0.7743	1.4101	0.1947	0.2698	0.5355	2018
2018-09-02	Watford	Tottenham	Watford	Tottenham	0.4543	0.5825	0.2195	0.4474	0.3331	2018
2018-09-15	Newcastle United	Arsenal	Newcastle	Arsenal	0.4121	0.9046	0.159	0.3722	0.4688	2018
2018-09-15	Tottenham	Liverpool	Tottenham	Liverpool	0.7882	3.0101	0.0318	0.0857	0.8825	2018
2018-09-15	Watford	Manchester United	Watford	Man United	1.1752	1.649	0.218	0.2734	0.5086	2018
2018-09-15	Manchester City	Fulham	Man City	Fulham	4.9162	0.3427	0.9962	0.0033	0.0005	2018
2018-09-15	Chelsea	Cardiff	Chelsea	Cardiff	2.6715	0.8276	0.8241	0.1326	0.0433	2018
2018-09-15	Huddersfield	Crystal Palace	Huddersfield	Crystal Palace	0.8774	0.7466	0.366	0.3492	0.2848	2018
2018-09-15	Bournemouth	Leicester	Bournemouth	Leicester	2.2273	1.825	0.4797	0.2532	0.2671	2018
2018-09-16	Everton	West Ham	Everton	West Ham	1.2677	1.5244	0.2789	0.2847	0.4364	2018
2018-09-16	Wolverhampton Wanderers	Burnley	Wolves	Burnley	3.3916	0.209	0.965	0.0311	0.0039	2018
2018-09-17	Southampton	Brighton	Southampton	Brighton	2.1952	1.9709	0.4184	0.2929	0.2887	2018
2018-09-22	Manchester United	Wolverhampton Wanderers	Man United	Wolves	0.6228	1.1185	0.1789	0.3122	0.5089	2018
2018-09-22	Liverpool	Southampton	Liverpool	Southampton	1.7789	0.3105	0.8579	0.1225	0.0196	2018
2018-09-22	Leicester	Huddersfield	Leicester	Huddersfield	1.804	0.6882	0.676	0.2164	0.1076	2018
2018-09-22	Fulham	Watford	Fulham	Watford	1.7725	1.7613	0.3766	0.2572	0.3662	2018
2018-09-22	Cardiff	Manchester City	Cardiff	Man City	0.0981	3.0842	0.0029	0.0352	0.9619	2018
2018-09-22	Burnley	Bournemouth	Burnley	Bournemouth	2.2942	0.9764	0.737	0.1749	0.0881	2018
2018-09-22	Brighton	Tottenham	Brighton	Tottenham	0.8172	2.1166	0.0836	0.1882	0.7282	2018
2018-09-22	Crystal Palace	Newcastle United	Crystal Palace	Newcastle	0.9308	0.2293	0.5398	0.374	0.0862	2018
2018-09-23	Arsenal	Everton	Arsenal	Everton	0.9305	1.0652	0.287	0.3282	0.3848	2018
2018-09-23	West Ham	Chelsea	West Ham	Chelsea	1.0177	1.8834	0.161	0.2497	0.5893	2018
2018-09-29	Newcastle United	Leicester	Newcastle	Leicester	0.3973	1.3434	0.0701	0.2432	0.6867	2018
2018-09-29	Wolverhampton Wanderers	Southampton	Wolves	Southampton	1.4251	0.6796	0.5683	0.2728	0.1589	2018
2018-09-29	West Ham	Manchester United	West Ham	Man United	1.3029	0.8657	0.4851	0.3156	0.1993	2018
2018-09-29	Manchester City	Brighton	Man City	Brighton	2.907	0.2302	0.9482	0.0453	0.0065	2018
2018-09-29	Everton	Fulham	Everton	Fulham	2.3154	0.5363	0.8411	0.1257	0.0332	2018
2018-09-29	Chelsea	Liverpool	Chelsea	Liverpool	1.7764	1.7407	0.3755	0.2542	0.3703	2018
2018-09-29	Arsenal	Watford	Arsenal	Watford	1.5706	2.6214	0.1664	0.199	0.6346	2018
2018-09-29	Huddersfield	Tottenham	Huddersfield	Tottenham	0.3392	2.3373	0.0173	0.0862	0.8965	2018
2018-09-30	Cardiff	Burnley	Cardiff	Burnley	1.5671	0.1115	0.8015	0.18	0.0185	2018
2018-10-01	Bournemouth	Crystal Palace	Bournemouth	Crystal Palace	1.9714	0.3858	0.8371	0.1266	0.0363	2018
2018-10-05	Brighton	West Ham	Brighton	West Ham	1.0257	1.4365	0.245	0.2935	0.4615	2018
2018-10-06	Burnley	Huddersfield	Burnley	Huddersfield	0.3531	1.0255	0.1117	0.3418	0.5465	2018
2018-10-06	Crystal Palace	Wolverhampton Wanderers	Crystal Palace	Wolves	1.0371	0.7557	0.4233	0.3577	0.219	2018
2018-10-06	Leicester	Everton	Leicester	Everton	1.1047	1.1495	0.3366	0.3105	0.3529	2018
2018-10-06	Manchester United	Newcastle United	Man United	Newcastle	2.4063	1.5596	0.5878	0.2054	0.2068	2018
2018-10-06	Tottenham	Cardiff	Tottenham	Cardiff	2.6517	1.1384	0.7439	0.168	0.0881	2018
2018-10-06	Watford	Bournemouth	Watford	Bournemouth	1.0661	3.2847	0.0276	0.0738	0.8986	2018
2018-10-07	Southampton	Chelsea	Southampton	Chelsea	1.487	3.547	0.0646	0.1134	0.822	2018
2018-10-07	Liverpool	Manchester City	Liverpool	Man City	0.434	1.0748	0.1026	0.3057	0.5917	2018
2018-10-07	Fulham	Arsenal	Fulham	Arsenal	1.3159	1.1371	0.4029	0.2875	0.3096	2018
2018-10-20	Bournemouth	Southampton	Bournemouth	Southampton	0.8404	0.5896	0.4011	0.3847	0.2142	2018
2018-10-20	Cardiff	Fulham	Cardiff	Fulham	1.7562	0.9477	0.5644	0.2533	0.1823	2018
2018-10-20	Chelsea	Manchester United	Chelsea	Man United	2.2116	1.1145	0.668	0.2173	0.1147	2018
2018-10-20	Huddersfield	Liverpool	Huddersfield	Liverpool	0.6383	0.6638	0.286	0.401	0.313	2018
2018-10-20	Manchester City	Burnley	Man City	Burnley	4.4858	0.3702	0.9845	0.0129	0.0026	2018
2018-10-20	Newcastle United	Brighton	Newcastle	Brighton	1.7117	0.6758	0.6389	0.2337	0.1274	2018
2018-10-20	West Ham	Tottenham	West Ham	Tottenham	0.5443	1.1178	0.165	0.3148	0.5202	2018
2018-10-20	Wolverhampton Wanderers	Watford	Wolves	Watford	0.4739	1.0684	0.1458	0.3238	0.5304	2018
2018-10-21	Everton	Crystal Palace	Everton	Crystal Palace	1.9279	1.5017	0.4635	0.2749	0.2616	2018
2018-10-22	Arsenal	Leicester	Arsenal	Leicester	2.9164	0.9325	0.8504	0.1068	0.0428	2018
2018-10-27	Southampton	Newcastle United	Southampton	Newcastle	1.1922	0.2976	0.6131	0.3083	0.0786	2018
2018-10-27	Liverpool	Cardiff	Liverpool	Cardiff	2.3018	0.6431	0.8332	0.1399	0.0269	2018
2018-10-27	Watford	Huddersfield	Watford	Huddersfield	2.2962	0.4797	0.8433	0.1184	0.0383	2018
2018-10-27	Fulham	Bournemouth	Fulham	Bournemouth	0.3838	2.1056	0.0288	0.1127	0.8585	2018
2018-10-27	Brighton	Wolverhampton Wanderers	Brighton	Wolves	1.0134	1.3803	0.259	0.3006	0.4404	2018
2018-10-27	Leicester	West Ham	Leicester	West Ham	1.9534	1.5601	0.4553	0.288	0.2567	2018
2018-10-28	Burnley	Chelsea	Burnley	Chelsea	0.2698	3.0162	0.0087	0.0547	0.9366	2018
2018-10-28	Crystal Palace	Arsenal	Crystal Palace	Arsenal	2.3811	0.8452	0.7997	0.1472	0.0531	2018
2018-10-28	Manchester United	Everton	Man United	Everton	2.5139	1.6735	0.5995	0.2332	0.1673	2018
2018-10-29	Tottenham	Manchester City	Tottenham	Man City	0.4424	1.9359	0.0444	0.1683	0.7873	2018
2018-11-03	Wolverhampton Wanderers	Tottenham	Wolves	Tottenham	2.4064	1.6312	0.5801	0.2511	0.1688	2018
2018-11-03	West Ham	Burnley	West Ham	Burnley	2.5574	0.8825	0.775	0.1514	0.0736	2018
2018-11-03	Newcastle United	Watford	Newcastle	Watford	0.6916	2.5452	0.0503	0.1282	0.8215	2018
2018-11-03	Cardiff	Leicester	Cardiff	Leicester	0.9223	2.1829	0.0824	0.1815	0.7361	2018
2018-11-03	Bournemouth	Manchester United	Bournemouth	Man United	1.928	3.2925	0.1416	0.1615	0.6969	2018
2018-11-03	Arsenal	Liverpool	Arsenal	Liverpool	1.6232	1.1956	0.4906	0.2623	0.2471	2018
2018-11-03	Everton	Brighton	Everton	Brighton	2.593	0.6763	0.8542	0.1165	0.0293	2018
2018-11-04	Chelsea	Crystal Palace	Chelsea	Crystal Palace	1.8874	0.4545	0.7673	0.1725	0.0602	2018
2018-11-04	Manchester City	Southampton	Man City	Southampton	2.7627	1.8147	0.604	0.2039	0.1921	2018
2018-11-05	Huddersfield	Fulham	Huddersfield	Fulham	0.5143	0.3542	0.3159	0.4903	0.1938	2018
2018-11-10	Newcastle United	Bournemouth	Newcastle	Bournemouth	2.5755	1.9169	0.5428	0.2322	0.225	2018
2018-11-10	Southampton	Watford	Southampton	Watford	1.2021	1.0757	0.387	0.2997	0.3133	2018
2018-11-10	Leicester	Burnley	Leicester	Burnley	1.5091	0.3684	0.691	0.2309	0.0781	2018
2018-11-10	Crystal Palace	Tottenham	Crystal Palace	Tottenham	0.688	1.5538	0.1216	0.255	0.6234	2018
2018-11-10	Cardiff	Brighton	Cardiff	Brighton	1.943	0.767	0.7218	0.2012	0.077	2018
2018-11-10	Huddersfield	West Ham	Huddersfield	West Ham	1.1752	1.4411	0.2674	0.3001	0.4325	2018
2018-11-11	Arsenal	Wolverhampton Wanderers	Arsenal	Wolves	0.9658	1.8655	0.1382	0.2372	0.6246	2018
2018-11-11	Chelsea	Everton	Chelsea	Everton	1.163	0.198	0.6687	0.2783	0.053	2018
2018-11-11	Liverpool	Fulham	Liverpool	Fulham	2.2242	0.5713	0.7944	0.1514	0.0542	2018
2018-11-11	Manchester City	Manchester United	Man City	Man United	2.0276	0.9709	0.6656	0.2351	0.0993	2018
2018-11-24	Brighton	Leicester	Brighton	Leicester	0.8623	1.1252	0.2362	0.3257	0.4381	2018
2018-11-24	Everton	Cardiff	Everton	Cardiff	2.4807	0.8791	0.7864	0.1558	0.0578	2018
2018-11-24	Fulham	Southampton	Fulham	Southampton	1.3875	1.6716	0.2909	0.2721	0.437	2018
2018-11-24	Manchester United	Crystal Palace	Man United	Crystal Palace	1.3424	1.0529	0.4361	0.2893	0.2746	2018
2018-11-24	Tottenham	Chelsea	Tottenham	Chelsea	3.3465	0.9628	0.867	0.0913	0.0417	2018
2018-11-24	Watford	Liverpool	Watford	Liverpool	0.6734	1.4531	0.116	0.2791	0.6049	2018
2018-11-24	West Ham	Manchester City	West Ham	Man City	0.8295	2.9585	0.016	0.0745	0.9095	2018
2018-11-25	Bournemouth	Arsenal	Bournemouth	Arsenal	0.6509	1.7104	0.1067	0.2207	0.6726	2018
2018-11-25	Wolverhampton Wanderers	Huddersfield	Wolves	Huddersfield	0.701	0.6273	0.3227	0.3892	0.2881	2018
2018-11-26	Burnley	Newcastle United	Burnley	Newcastle	1.4949	1.677	0.2938	0.2962	0.41	2018
2018-11-30	Cardiff	Wolverhampton Wanderers	Cardiff	Wolves	1.0926	0.9876	0.3693	0.3331	0.2976	2018
2018-12-01	Crystal Palace	Burnley	Crystal Palace	Burnley	2.0379	0.3025	0.7991	0.1644	0.0365	2018
2018-12-01	Huddersfield	Brighton	Huddersfield	Brighton	0.5581	1.68	0.0821	0.2179	0.7	2018
2018-12-01	Leicester	Watford	Leicester	Watford	1.4176	1.1992	0.4217	0.3121	0.2662	2018
2018-12-01	Manchester City	Bournemouth	Man City	Bournemouth	2.8356	0.715	0.8811	0.0946	0.0243	2018
2018-12-01	Newcastle United	West Ham	Newcastle	West Ham	1.1258	2.627	0.0892	0.1511	0.7597	2018
2018-12-01	Southampton	Manchester United	Southampton	Man United	0.624	0.9048	0.2378	0.3472	0.415	2018
2018-12-02	Arsenal	Tottenham	Arsenal	Tottenham	2.7142	1.0926	0.7844	0.1577	0.0579	2018
2018-12-02	Chelsea	Fulham	Chelsea	Fulham	2.1711	0.2853	0.8578	0.1156	0.0266	2018
2018-12-02	Liverpool	Everton	Liverpool	Everton	3.0757	1.2301	0.8327	0.1232	0.0441	2018
2018-12-04	Bournemouth	Huddersfield	Bournemouth	Huddersfield	1.0739	1.5631	0.2537	0.2673	0.479	2018
2018-12-04	Brighton	Crystal Palace	Brighton	Crystal Palace	1.2521	1.5329	0.2553	0.3291	0.4156	2018
2018-12-04	Watford	Manchester City	Watford	Man City	1.672	2.5193	0.1896	0.2258	0.5846	2018
2018-12-04	West Ham	Cardiff	West Ham	Cardiff	1.5749	1.9345	0.25	0.261	0.489	2018
2018-12-05	Wolverhampton Wanderers	Chelsea	Wolves	Chelsea	0.6829	1.107	0.2113	0.3358	0.4529	2018
2018-12-05	Manchester United	Arsenal	Man United	Arsenal	1.3368	1.7323	0.2426	0.2908	0.4666	2018
2018-12-05	Tottenham	Southampton	Tottenham	Southampton	1.7364	1.8243	0.3475	0.2661	0.3864	2018
2018-12-05	Everton	Newcastle United	Everton	Newcastle	2.1094	1.5221	0.5162	0.2609	0.2229	2018
2018-12-05	Burnley	Liverpool	Burnley	Liverpool	1.0581	2.739	0.0244	0.1313	0.8443	2018
2018-12-05	Fulham	Leicester	Fulham	Leicester	1.4759	1.2158	0.426	0.2754	0.2986	2018
2018-12-08	Arsenal	Huddersfield	Arsenal	Huddersfield	2.0216	0.3084	0.8359	0.1318	0.0323	2018
2018-12-08	Bournemouth	Liverpool	Bournemouth	Liverpool	0.2791	1.8062	0.016	0.1081	0.8759	2018
2018-12-08	Burnley	Brighton	Burnley	Brighton	1.8125	0.9515	0.6084	0.2396	0.152	2018
2018-12-08	Cardiff	Southampton	Cardiff	Southampton	1.5583	0.5011	0.6637	0.231	0.1053	2018
2018-12-08	Chelsea	Manchester City	Chelsea	Man City	0.5263	0.74	0.2289	0.4037	0.3674	2018
2018-12-08	Leicester	Tottenham	Leicester	Tottenham	0.3577	0.918	0.101	0.3388	0.5602	2018
2018-12-08	Manchester United	Fulham	Man United	Fulham	3.1544	1.2325	0.8132	0.1297	0.0571	2018
2018-12-08	West Ham	Crystal Palace	West Ham	Crystal Palace	1.5364	0.9346	0.5337	0.2817	0.1846	2018
2018-12-09	Newcastle United	Wolverhampton Wanderers	Newcastle	Wolves	0.4601	1.578	0.0801	0.2073	0.7126	2018
2018-12-10	Everton	Watford	Everton	Watford	1.7269	1.6304	0.3873	0.2781	0.3346	2018
2018-12-15	Wolverhampton Wanderers	Bournemouth	Wolves	Bournemouth	2.0222	0.5269	0.8068	0.1426	0.0506	2018
2018-12-15	Tottenham	Burnley	Tottenham	Burnley	1.7463	0.4512	0.7347	0.1986	0.0667	2018
2018-12-15	Manchester City	Everton	Man City	Everton	1.7985	1.6235	0.4129	0.2665	0.3206	2018
2018-12-15	Watford	Cardiff	Watford	Cardiff	1.65	0.4858	0.6894	0.2197	0.0909	2018
2018-12-15	Fulham	West Ham	Fulham	West Ham	1.0342	0.7532	0.4155	0.3443	0.2402	2018
2018-12-15	Crystal Palace	Leicester	Crystal Palace	Leicester	0.397	0.8953	0.1453	0.367	0.4877	2018
2018-12-15	Huddersfield	Newcastle United	Huddersfield	Newcastle	0.6714	0.931	0.2285	0.3454	0.4261	2018
2018-12-16	Brighton	Chelsea	Brighton	Chelsea	0.2613	1.6111	0.0305	0.1689	0.8006	2018
2018-12-16	Liverpool	Manchester United	Liverpool	Man United	2.6044	0.658	0.8365	0.1248	0.0387	2018
2018-12-16	Southampton	Arsenal	Southampton	Arsenal	1.2116	1.8576	0.1931	0.2571	0.5498	2018
2018-12-21	Wolverhampton Wanderers	Liverpool	Wolves	Liverpool	0.7638	2.1636	0.0939	0.1736	0.7325	2018
2018-12-22	West Ham	Watford	West Ham	Watford	2.0651	2.3298	0.3177	0.2394	0.4429	2018
2018-12-22	Newcastle United	Fulham	Newcastle	Fulham	0.2895	0.2454	0.2016	0.6266	0.1718	2018
2018-12-22	Manchester City	Crystal Palace	Man City	Crystal Palace	1.2712	1.1461	0.3514	0.3252	0.3234	2018
2018-12-22	Huddersfield	Southampton	Huddersfield	Southampton	1.0038	2.6017	0.0728	0.1483	0.7789	2018
2018-12-22	Cardiff	Manchester United	Cardiff	Man United	1.2717	2.7252	0.0866	0.1746	0.7388	2018
2018-12-22	Bournemouth	Brighton	Bournemouth	Brighton	0.8925	0.8255	0.3478	0.3434	0.3088	2018
2018-12-22	Arsenal	Burnley	Arsenal	Burnley	1.4656	1.0324	0.4621	0.3058	0.2321	2018
2018-12-22	Chelsea	Leicester	Chelsea	Leicester	2.4046	0.4565	0.8557	0.1102	0.0341	2018
2018-12-23	Everton	Tottenham	Everton	Tottenham	1.0012	2.5551	0.0787	0.1584	0.7629	2018
2018-12-26	Liverpool	Newcastle United	Liverpool	Newcastle	3.2499	0.4563	0.9522	0.039	0.0088	2018
2018-12-26	Tottenham	Bournemouth	Tottenham	Bournemouth	2.2346	1.2174	0.6496	0.2215	0.1289	2018
2018-12-26	Manchester United	Huddersfield	Man United	Huddersfield	1.7985	1.4059	0.4581	0.2864	0.2555	2018
2018-12-26	Watford	Chelsea	Watford	Chelsea	1.2441	2.1956	0.1425	0.2192	0.6383	2018
2018-12-26	Leicester	Manchester City	Leicester	Man City	1.5571	1.3478	0.4097	0.2791	0.3112	2018
2018-12-26	Crystal Palace	Cardiff	Crystal Palace	Cardiff	2.432	1.0593	0.6924	0.1858	0.1218	2018
2018-12-26	Burnley	Everton	Burnley	Everton	1.8865	1.8875	0.3577	0.2966	0.3457	2018
2018-12-26	Brighton	Arsenal	Brighton	Arsenal	1.385	0.7891	0.544	0.314	0.142	2018
2018-12-26	Fulham	Wolverhampton Wanderers	Fulham	Wolves	1.2769	1.359	0.304	0.3214	0.3746	2018
2018-12-27	Southampton	West Ham	Southampton	West Ham	1.2867	1.2697	0.3432	0.3622	0.2946	2018
2018-12-29	Brighton	Everton	Brighton	Everton	1.6031	0.6559	0.6497	0.2319	0.1184	2018
2018-12-29	Fulham	Huddersfield	Fulham	Huddersfield	1.7239	0.2768	0.8099	0.1524	0.0377	2018
2018-12-29	Leicester	Cardiff	Leicester	Cardiff	1.5165	0.4932	0.6872	0.2287	0.0841	2018
2018-12-29	Liverpool	Arsenal	Liverpool	Arsenal	3.7053	1.0819	0.9334	0.0538	0.0128	2018
2018-12-29	Tottenham	Wolverhampton Wanderers	Tottenham	Wolves	0.2777	1.2087	0.0684	0.2722	0.6594	2018
2018-12-29	Watford	Newcastle United	Watford	Newcastle	1.0557	0.6617	0.4304	0.3561	0.2135	2018
2018-12-30	Burnley	West Ham	Burnley	West Ham	2.8988	0.656	0.8832	0.0875	0.0293	2018
2018-12-30	Crystal Palace	Chelsea	Crystal Palace	Chelsea	0.199	0.7415	0.0869	0.4294	0.4837	2018
2018-12-30	Manchester United	Bournemouth	Man United	Bournemouth	3.4187	0.7055	0.9448	0.0434	0.0118	2018
2018-12-30	Southampton	Manchester City	Southampton	Man City	0.2214	2.968	0.0081	0.0472	0.9447	2018
2019-01-01	Everton	Leicester	Everton	Leicester	0.8713	0.6441	0.3767	0.3704	0.2529	2018
2019-01-01	Cardiff	Tottenham	Cardiff	Tottenham	1.0789	1.3828	0.2456	0.3529	0.4015	2018
2019-01-01	Arsenal	Fulham	Arsenal	Fulham	4.4333	1.7131	0.8899	0.0727	0.0374	2018
2019-01-02	Bournemouth	Watford	Bournemouth	Watford	2.8483	0.977	0.8085	0.1335	0.058	2018
2019-01-02	Chelsea	Southampton	Chelsea	Southampton	0.8508	0.1582	0.5363	0.4009	0.0628	2018
2019-01-02	Huddersfield	Burnley	Huddersfield	Burnley	0.6218	2.6631	0.0374	0.1019	0.8607	2018
2019-01-02	Newcastle United	Manchester United	Newcastle	Man United	0.6919	2.6754	0.0437	0.1078	0.8485	2018
2019-01-02	West Ham	Brighton	West Ham	Brighton	0.6394	0.6868	0.2824	0.398	0.3196	2018
2019-01-02	Wolverhampton Wanderers	Crystal Palace	Wolves	Crystal Palace	0.6563	1.9466	0.0669	0.1954	0.7377	2018
2019-01-03	Manchester City	Liverpool	Man City	Liverpool	1.0036	1.3801	0.2479	0.2928	0.4593	2018
2019-01-12	West Ham	Arsenal	West Ham	Arsenal	0.6694	0.6859	0.2969	0.3992	0.3039	2018
2019-01-12	Leicester	Southampton	Leicester	Southampton	1.7598	1.4166	0.4491	0.2858	0.2651	2018
2019-01-12	Crystal Palace	Watford	Crystal Palace	Watford	1.1617	1.5626	0.263	0.2643	0.4727	2018
2019-01-12	Brighton	Liverpool	Brighton	Liverpool	0.3842	2.2665	0.023	0.1003	0.8767	2018
2019-01-12	Cardiff	Huddersfield	Cardiff	Huddersfield	0.1246	0.3947	0.0799	0.6146	0.3055	2018
2019-01-12	Burnley	Fulham	Burnley	Fulham	0.8098	0.9033	0.2905	0.3669	0.3426	2018
2019-01-12	Chelsea	Newcastle United	Chelsea	Newcastle	1.3236	0.3951	0.6344	0.2725	0.0931	2018
2019-01-13	Everton	Bournemouth	Everton	Bournemouth	1.7814	1.5283	0.4406	0.2567	0.3027	2018
2019-01-13	Tottenham	Manchester United	Tottenham	Man United	1.8036	0.9578	0.5867	0.2316	0.1817	2018
2019-01-14	Manchester City	Wolverhampton Wanderers	Man City	Wolves	3.1195	0.0985	0.981	0.0181	0.0009	2018
2019-01-19	Arsenal	Chelsea	Arsenal	Chelsea	2.0941	0.7553	0.7194	0.1851	0.0955	2018
2019-01-19	Bournemouth	West Ham	Bournemouth	West Ham	1.2484	0.9718	0.4159	0.3387	0.2454	2018
2019-01-19	Liverpool	Crystal Palace	Liverpool	Crystal Palace	2.8299	0.6952	0.8844	0.087	0.0286	2018
2019-01-19	Manchester United	Brighton	Man United	Brighton	2.6401	0.6351	0.8583	0.107	0.0347	2018
2019-01-19	Newcastle United	Cardiff	Newcastle	Cardiff	2.518	0.2557	0.93	0.0597	0.0103	2018
2019-01-19	Southampton	Everton	Southampton	Everton	1.0601	1.3117	0.2707	0.2944	0.4349	2018
2019-01-19	Watford	Burnley	Watford	Burnley	1.0698	1.9726	0.1581	0.2318	0.6101	2018
2019-01-19	Wolverhampton Wanderers	Leicester	Wolves	Leicester	2.2172	1.3383	0.6009	0.2099	0.1892	2018
2019-01-20	Huddersfield	Manchester City	Huddersfield	Man City	0.7643	2.0138	0.0793	0.2075	0.7132	2018
2019-01-20	Fulham	Tottenham	Fulham	Tottenham	0.9379	1.9332	0.1402	0.2116	0.6482	2018
2019-01-29	Arsenal	Cardiff	Arsenal	Cardiff	2.6934	0.5979	0.8655	0.099	0.0355	2018
2019-01-29	Fulham	Brighton	Fulham	Brighton	3.4611	2.3687	0.6302	0.1896	0.1802	2018
2019-01-29	Huddersfield	Everton	Huddersfield	Everton	0.7308	1.0599	0.2139	0.3407	0.4454	2018
2019-01-29	Manchester United	Burnley	Man United	Burnley	3.2342	0.9346	0.8756	0.0929	0.0315	2018
2019-01-29	Newcastle United	Manchester City	Newcastle	Man City	0.9923	1.339	0.2475	0.3338	0.4187	2018
2019-01-29	Wolverhampton Wanderers	West Ham	Wolves	West Ham	2.0363	0.1302	0.873	0.1141	0.0129	2018
2019-01-30	Tottenham	Watford	Tottenham	Watford	1.3625	0.4798	0.6509	0.2545	0.0946	2018
2019-01-30	Southampton	Crystal Palace	Southampton	Crystal Palace	1.3326	1.5329	0.2951	0.284	0.4209	2018
2019-01-30	Bournemouth	Chelsea	Bournemouth	Chelsea	2.1509	0.7189	0.7485	0.1734	0.0781	2018
2019-01-30	Liverpool	Leicester	Liverpool	Leicester	0.5763	1.1272	0.1553	0.3129	0.5318	2018
2019-02-02	Brighton	Watford	Brighton	Watford	1.8353	0.2793	0.7904	0.17	0.0396	2018
2019-02-02	Burnley	Southampton	Burnley	Southampton	2.0017	0.7877	0.6988	0.2056	0.0956	2018
2019-02-02	Cardiff	Bournemouth	Cardiff	Bournemouth	2.5309	0.352	0.9113	0.073	0.0157	2018
2019-02-02	Chelsea	Huddersfield	Chelsea	Huddersfield	2.9424	0.2604	0.9474	0.0465	0.0061	2018
2019-02-02	Crystal Palace	Fulham	Crystal Palace	Fulham	2.1958	0.5608	0.8331	0.1324	0.0345	2018
2019-02-02	Everton	Wolverhampton Wanderers	Everton	Wolves	1.3625	1.8573	0.2284	0.2697	0.5019	2018
2019-02-02	Tottenham	Newcastle United	Tottenham	Newcastle	3.1041	0.4002	0.9411	0.0473	0.0116	2018
2019-02-03	Leicester	Manchester United	Leicester	Man United	1.4007	1.4972	0.3341	0.2808	0.3851	2018
2019-02-03	Manchester City	Arsenal	Man City	Arsenal	3.031	0.7035	0.9499	0.0446	0.0055	2018
2019-02-04	West Ham	Liverpool	West Ham	Liverpool	0.7913	1.1247	0.2378	0.3212	0.441	2018
2019-02-06	Everton	Manchester City	Everton	Man City	0.1116	2.6092	0.0028	0.0398	0.9574	2018
2019-02-09	Liverpool	Bournemouth	Liverpool	Bournemouth	2.53	0.391	0.8738	0.0978	0.0284	2018
2019-02-09	Watford	Everton	Watford	Everton	1.5331	0.6411	0.6611	0.2365	0.1024	2018
2019-02-09	Huddersfield	Arsenal	Huddersfield	Arsenal	1.9682	1.4675	0.5008	0.266	0.2332	2018
2019-02-09	Southampton	Cardiff	Southampton	Cardiff	1.7067	0.9807	0.5862	0.3001	0.1137	2018
2019-02-09	Crystal Palace	West Ham	Crystal Palace	West Ham	2.6841	1.7471	0.5987	0.2197	0.1816	2018
2019-02-09	Brighton	Burnley	Brighton	Burnley	1.3161	1.8304	0.2274	0.2599	0.5127	2018
2019-02-09	Fulham	Manchester United	Fulham	Man United	2.1874	2.1321	0.3899	0.256	0.3541	2018
2019-02-10	Manchester City	Chelsea	Man City	Chelsea	4.0422	0.9019	0.9439	0.0428	0.0133	2018
2019-02-10	Tottenham	Leicester	Tottenham	Leicester	1.2114	3.0216	0.0752	0.1331	0.7917	2018
2019-02-11	Wolverhampton Wanderers	Newcastle United	Wolves	Newcastle	2.31	0.4353	0.8557	0.113	0.0313	2018
2019-02-22	Cardiff	Watford	Cardiff	Watford	1.9004	2.758	0.1667	0.2325	0.6008	2018
2019-02-22	West Ham	Fulham	West Ham	Fulham	2.7287	1.2355	0.7529	0.1775	0.0696	2018
2019-02-23	Leicester	Crystal Palace	Leicester	Crystal Palace	0.9467	1.5774	0.1775	0.2585	0.564	2018
2019-02-23	Newcastle United	Huddersfield	Newcastle	Huddersfield	3.0331	0.1339	0.9536	0.0412	0.0052	2018
2019-02-23	Bournemouth	Wolverhampton Wanderers	Bournemouth	Wolves	2.1329	1.2029	0.6443	0.2451	0.1106	2018
2019-02-23	Burnley	Tottenham	Burnley	Tottenham	1.0851	0.8452	0.4136	0.3404	0.246	2018
2019-02-24	Arsenal	Southampton	Arsenal	Southampton	2.3509	0.6132	0.8272	0.1262	0.0466	2018
2019-02-24	Manchester United	Liverpool	Man United	Liverpool	0.4749	0.3805	0.2798	0.5016	0.2186	2018
2019-02-26	Cardiff	Everton	Cardiff	Everton	0.2194	1.1421	0.0617	0.2932	0.6451	2018
2019-02-26	Huddersfield	Wolverhampton Wanderers	Huddersfield	Wolves	1.4622	0.5732	0.6423	0.2569	0.1008	2018
2019-02-26	Leicester	Brighton	Leicester	Brighton	1.9217	1.2057	0.5573	0.236	0.2067	2018
2019-02-26	Newcastle United	Burnley	Newcastle	Burnley	1.7031	1.742	0.3377	0.2839	0.3784	2018
2019-02-27	Manchester City	West Ham	Man City	West Ham	3.6774	0.4001	0.9834	0.0149	0.0017	2018
2019-02-27	Southampton	Fulham	Southampton	Fulham	1.1582	0.7987	0.4445	0.3206	0.2349	2018
2019-02-27	Liverpool	Watford	Liverpool	Watford	2.7427	0.6304	0.8634	0.1053	0.0313	2018
2019-02-27	Chelsea	Tottenham	Chelsea	Tottenham	0.626	0.7222	0.2461	0.3949	0.359	2018
2019-02-27	Crystal Palace	Manchester United	Crystal Palace	Man United	1.6933	1.5409	0.4075	0.2706	0.3219	2018
2019-02-27	Arsenal	Bournemouth	Arsenal	Bournemouth	3.1872	0.8862	0.8694	0.0909	0.0397	2018
2019-03-02	Bournemouth	Manchester City	Bournemouth	Man City	0.0	1.5952	0.0	0.1722	0.8278	2018
2019-03-02	Brighton	Huddersfield	Brighton	Huddersfield	1.399	0.2014	0.7537	0.2094	0.0369	2018
2019-03-02	Burnley	Crystal Palace	Burnley	Crystal Palace	1.9087	0.7063	0.692	0.203	0.105	2018
2019-03-02	Manchester United	Southampton	Man United	Southampton	2.5422	0.5785	0.865	0.1002	0.0348	2018
2019-03-02	Tottenham	Arsenal	Tottenham	Arsenal	1.7682	3.4571	0.0559	0.1381	0.806	2018
2019-03-02	West Ham	Newcastle United	West Ham	Newcastle	1.8889	1.1855	0.5637	0.2384	0.1979	2018
2019-03-02	Wolverhampton Wanderers	Cardiff	Wolves	Cardiff	3.2075	0.7023	0.914	0.0672	0.0188	2018
2019-03-03	Everton	Liverpool	Everton	Liverpool	0.2419	0.8113	0.0907	0.3932	0.5161	2018
2019-03-03	Fulham	Chelsea	Fulham	Chelsea	0.8985	1.5363	0.2077	0.266	0.5263	2018
2019-03-03	Watford	Leicester	Watford	Leicester	1.3652	0.7947	0.5398	0.2847	0.1755	2018
2019-03-09	Southampton	Tottenham	Southampton	Tottenham	2.0777	1.2688	0.5939	0.2267	0.1794	2018
2019-03-09	Manchester City	Watford	Man City	Watford	3.7571	0.4072	0.9836	0.0148	0.0016	2018
2019-03-09	Newcastle United	Everton	Newcastle	Everton	2.379	1.1511	0.6959	0.1969	0.1072	2018
2019-03-09	Huddersfield	Bournemouth	Huddersfield	Bournemouth	0.3391	2.1639	0.0161	0.0822	0.9017	2018
2019-03-09	Crystal Palace	Brighton	Crystal Palace	Brighton	1.4429	0.1293	0.8254	0.1596	0.015	2018
2019-03-09	Cardiff	West Ham	Cardiff	West Ham	3.4928	0.2959	0.9874	0.0113	0.0013	2018
2019-03-09	Leicester	Fulham	Leicester	Fulham	2.1349	0.151	0.9007	0.0875	0.0118	2018
2019-03-10	Arsenal	Manchester United	Arsenal	Man United	1.5272	2.3703	0.1667	0.227	0.6063	2018
2019-03-10	Chelsea	Wolverhampton Wanderers	Chelsea	Wolves	1.0471	0.6091	0.4281	0.369	0.2029	2018
2019-03-10	Liverpool	Burnley	Liverpool	Burnley	4.1234	0.4716	0.9967	0.0033	0.0	2018
2019-03-16	Bournemouth	Newcastle United	Bournemouth	Newcastle	1.6167	1.0285	0.5279	0.3036	0.1685	2018
2019-03-16	Burnley	Leicester	Burnley	Leicester	1.1701	0.609	0.5129	0.3132	0.1739	2018
2019-03-16	West Ham	Huddersfield	West Ham	Huddersfield	1.8811	1.6691	0.4068	0.2786	0.3146	2018
2019-03-17	Everton	Chelsea	Everton	Chelsea	2.2403	1.2439	0.6548	0.2116	0.1336	2018
2019-03-17	Fulham	Liverpool	Fulham	Liverpool	0.9158	2.7344	0.0355	0.1215	0.843	2018
2019-03-30	Manchester United	Watford	Man United	Watford	1.9805	1.3521	0.5605	0.2633	0.1762	2018
2019-03-30	Leicester	Bournemouth	Leicester	Bournemouth	1.8935	0.7903	0.6519	0.2348	0.1133	2018
2019-03-30	Fulham	Manchester City	Fulham	Man City	0.6615	2.3151	0.0577	0.158	0.7843	2018
2019-03-30	West Ham	Everton	West Ham	Everton	0.0892	2.6598	0.0026	0.0401	0.9573	2018
2019-03-30	Burnley	Wolverhampton Wanderers	Burnley	Wolves	0.5727	0.3979	0.3443	0.4586	0.1971	2018
2019-03-30	Brighton	Southampton	Brighton	Southampton	0.5605	0.8574	0.2085	0.3653	0.4262	2018
2019-03-30	Crystal Palace	Huddersfield	Crystal Palace	Huddersfield	2.847	0.927	0.8279	0.1139	0.0582	2018
2019-03-31	Cardiff	Chelsea	Cardiff	Chelsea	0.4461	2.0783	0.0499	0.144	0.8061	2018
2019-03-31	Liverpool	Tottenham	Liverpool	Tottenham	1.0931	1.0482	0.3417	0.3214	0.3369	2018
2019-04-01	Arsenal	Newcastle United	Arsenal	Newcastle	1.0446	0.0441	0.6851	0.3017	0.0132	2018
2019-04-02	Watford	Fulham	Watford	Fulham	1.5934	1.9092	0.2969	0.2448	0.4583	2018
2019-04-02	Wolverhampton Wanderers	Manchester United	Wolves	Man United	1.6504	2.0385	0.2727	0.2555	0.4718	2018
2019-04-03	Manchester City	Cardiff	Man City	Cardiff	3.5391	0.1358	0.9821	0.0166	0.0013	2018
2019-04-03	Tottenham	Crystal Palace	Tottenham	Crystal Palace	2.5738	0.5643	0.8421	0.1228	0.0351	2018
2019-04-03	Chelsea	Brighton	Chelsea	Brighton	3.1242	0.4409	0.9375	0.0515	0.011	2018
2019-04-05	Southampton	Liverpool	Southampton	Liverpool	0.7184	2.0065	0.0808	0.1986	0.7206	2018
2019-04-06	Bournemouth	Burnley	Bournemouth	Burnley	1.2089	1.3892	0.2917	0.3019	0.4064	2018
2019-04-06	Huddersfield	Leicester	Huddersfield	Leicester	1.623	3.6188	0.0574	0.1266	0.816	2018
2019-04-06	Newcastle United	Crystal Palace	Newcastle	Crystal Palace	0.9432	0.908	0.2979	0.355	0.3471	2018
2019-04-07	Everton	Arsenal	Everton	Arsenal	2.694	0.2019	0.9313	0.0611	0.0076	2018
2019-04-08	Chelsea	West Ham	Chelsea	West Ham	2.2329	0.4712	0.813	0.1357	0.0513	2018
2019-04-12	Leicester	Newcastle United	Leicester	Newcastle	0.8774	0.9458	0.3063	0.338	0.3557	2018
2019-04-13	Southampton	Wolverhampton Wanderers	Southampton	Wolves	3.8084	0.6428	0.9621	0.0287	0.0092	2018
2019-04-13	Tottenham	Huddersfield	Tottenham	Huddersfield	2.786	0.9835	0.8091	0.1362	0.0547	2018
2019-04-13	Manchester United	West Ham	Man United	West Ham	2.6513	1.4282	0.6925	0.1864	0.1211	2018
2019-04-13	Brighton	Bournemouth	Brighton	Bournemouth	0.2067	2.7689	0.0061	0.0463	0.9476	2018
2019-04-13	Burnley	Cardiff	Burnley	Cardiff	2.8436	0.8722	0.8572	0.1076	0.0352	2018
2019-04-13	Fulham	Everton	Fulham	Everton	1.663	1.2911	0.454	0.2794	0.2666	2018
2019-04-14	Crystal Palace	Manchester City	Crystal Palace	Man City	0.3182	2.8624	0.0105	0.0577	0.9318	2018
2019-04-14	Liverpool	Chelsea	Liverpool	Chelsea	1.3084	0.8732	0.4666	0.3108	0.2226	2018
2019-04-15	Watford	Arsenal	Watford	Arsenal	1.126	2.2668	0.1151	0.2079	0.677	2018
2019-04-16	Brighton	Cardiff	Brighton	Cardiff	0.5885	0.8195	0.2287	0.3782	0.3931	2018
2019-04-20	Wolverhampton Wanderers	Brighton	Wolves	Brighton	2.6045	0.1151	0.9436	0.0507	0.0057	2018
2019-04-20	West Ham	Leicester	West Ham	Leicester	1.3656	0.8065	0.5116	0.2912	0.1972	2018
2019-04-20	Newcastle United	Southampton	Newcastle	Southampton	1.2303	1.271	0.3524	0.2857	0.3619	2018
2019-04-20	Manchester City	Tottenham	Man City	Tottenham	2.0619	1.1989	0.5969	0.2346	0.1685	2018
2019-04-20	Huddersfield	Watford	Huddersfield	Watford	1.0907	1.0846	0.3513	0.3152	0.3335	2018
2019-04-20	Bournemouth	Fulham	Bournemouth	Fulham	2.8374	2.6169	0.4288	0.2357	0.3355	2018
2019-04-21	Arsenal	Crystal Palace	Arsenal	Crystal Palace	1.5425	2.5622	0.1677	0.2032	0.6291	2018
2019-04-21	Cardiff	Liverpool	Cardiff	Liverpool	1.1187	2.424	0.0928	0.1958	0.7114	2018
2019-04-21	Everton	Manchester United	Everton	Man United	1.5204	0.306	0.7363	0.2125	0.0512	2018
2019-04-22	Chelsea	Burnley	Chelsea	Burnley	1.282	0.7888	0.4701	0.323	0.2069	2018
2019-04-23	Watford	Southampton	Watford	Southampton	1.2725	2.12	0.1779	0.2217	0.6004	2018
2019-04-23	Tottenham	Brighton	Tottenham	Brighton	1.0032	0.1431	0.605	0.3466	0.0484	2018
2019-04-24	Manchester United	Manchester City	Man United	Man City	0.5145	0.5305	0.2632	0.4551	0.2817	2018
2019-04-24	Wolverhampton Wanderers	Arsenal	Wolves	Arsenal	0.982	0.9398	0.3351	0.3347	0.3302	2018
2019-04-26	Liverpool	Huddersfield	Liverpool	Huddersfield	3.5892	0.1624	0.9787	0.0188	0.0025	2018
2019-04-27	Brighton	Newcastle United	Brighton	Newcastle	1.2048	0.438	0.6085	0.2805	0.111	2018
2019-04-27	Crystal Palace	Everton	Crystal Palace	Everton	0.2613	1.1522	0.0838	0.3091	0.6071	2018
2019-04-27	Fulham	Cardiff	Fulham	Cardiff	0.5191	1.1132	0.1533	0.3232	0.5235	2018
2019-04-27	Southampton	Bournemouth	Southampton	Bournemouth	2.7354	2.6221	0.3977	0.2459	0.3564	2018
2019-04-27	Tottenham	West Ham	Tottenham	West Ham	1.3538	0.9916	0.454	0.2832	0.2628	2018
2019-04-27	Watford	Wolverhampton Wanderers	Watford	Wolves	0.8961	2.4436	0.0542	0.1501	0.7957	2018
2019-04-28	Burnley	Manchester City	Burnley	Man City	0.09	2.3488	0.0065	0.0734	0.9201	2018
2019-04-28	Leicester	Arsenal	Leicester	Arsenal	3.6797	0.6007	0.9466	0.042	0.0114	2018
2019-04-28	Manchester United	Chelsea	Man United	Chelsea	1.1248	1.6298	0.2291	0.2701	0.5008	2018
2019-05-03	Everton	Burnley	Everton	Burnley	1.7646	0.4733	0.7564	0.1879	0.0557	2018
2019-05-04	Wolverhampton Wanderers	Fulham	Wolves	Fulham	2.094	0.5125	0.7987	0.1543	0.047	2018
2019-05-04	Newcastle United	Liverpool	Newcastle	Liverpool	1.2971	1.4808	0.3094	0.2944	0.3962	2018
2019-05-04	West Ham	Southampton	West Ham	Southampton	1.9987	0.4437	0.8315	0.1316	0.0369	2018
2019-05-04	Bournemouth	Tottenham	Bournemouth	Tottenham	2.2262	0.7134	0.7519	0.168	0.0801	2018
2019-05-04	Cardiff	Crystal Palace	Cardiff	Crystal Palace	1.4996	1.8099	0.3133	0.2434	0.4433	2018
2019-05-05	Arsenal	Brighton	Arsenal	Brighton	2.3618	1.9059	0.4761	0.2596	0.2643	2018
2019-05-05	Chelsea	Watford	Chelsea	Watford	2.9648	1.2712	0.7586	0.1427	0.0987	2018
2019-05-05	Huddersfield	Manchester United	Huddersfield	Man United	0.7366	1.8805	0.127	0.2193	0.6537	2018
2019-05-06	Manchester City	Leicester	Man City	Leicester	1.0862	0.5373	0.5021	0.3276	0.1703	2018
2019-05-12	Fulham	Newcastle United	Fulham	Newcastle	0.5698	1.9592	0.0613	0.1596	0.7791	2018
2019-05-12	Brighton	Manchester City	Brighton	Man City	0.5953	2.2223	0.0571	0.1626	0.7803	2018
2019-05-12	Burnley	Arsenal	Burnley	Arsenal	1.7294	2.8728	0.1514	0.1901	0.6585	2018
2019-05-12	Crystal Palace	Bournemouth	Crystal Palace	Bournemouth	2.859	1.8981	0.6162	0.1984	0.1854	2018
2019-05-12	Leicester	Chelsea	Leicester	Chelsea	0.3453	1.2673	0.0796	0.2696	0.6508	2018
2019-05-12	Liverpool	Wolverhampton Wanderers	Liverpool	Wolves	1.702	0.8839	0.5894	0.2449	0.1657	2018
2019-05-12	Manchester United	Cardiff	Man United	Cardiff	1.8956	1.7109	0.4048	0.2589	0.3363	2018
2019-05-12	Southampton	Huddersfield	Southampton	Huddersfield	0.941	0.8572	0.3533	0.3511	0.2956	2018
2019-05-12	Tottenham	Everton	Tottenham	Everton	0.8826	2.0685	0.0779	0.2088	0.7133	2018
2019-05-12	Watford	West Ham	Watford	West Ham	2.0699	3.2009	0.1565	0.1899	0.6536	2018
2019-08-09	Liverpool	Norwich	Liverpool	Norwich	2.2346	0.8424	0.7377	0.1732	0.0891	2019
2019-08-10	Watford	Brighton	Watford	Brighton	0.67	0.8555	0.2434	0.362	0.3946	2019
2019-08-10	West Ham	Manchester City	West Ham	Man City	1.2003	3.1838	0.0452	0.1166	0.8382	2019
2019-08-10	Tottenham	Aston Villa	Tottenham	Aston Villa	2.5726	0.6396	0.822	0.1273	0.0507	2019
2019-08-10	Bournemouth	Sheffield United	Bournemouth	Sheffield United	1.341	1.5986	0.2083	0.3923	0.3994	2019
2019-08-10	Burnley	Southampton	Burnley	Southampton	0.9092	1.0875	0.266	0.3442	0.3898	2019
2019-08-10	Crystal Palace	Everton	Crystal Palace	Everton	0.8716	1.2246	0.2427	0.3231	0.4342	2019
2019-08-11	Leicester	Wolverhampton Wanderers	Leicester	Wolves	0.5438	0.8129	0.2174	0.3819	0.4007	2019
2019-08-11	Manchester United	Chelsea	Man United	Chelsea	2.3744	1.0953	0.7148	0.1782	0.107	2019
2019-08-11	Newcastle United	Arsenal	Newcastle	Arsenal	0.3806	1.1331	0.1052	0.3057	0.5891	2019
2019-08-17	Norwich	Newcastle United	Norwich	Newcastle	2.0957	0.9204	0.68	0.1975	0.1225	2019
2019-08-17	Arsenal	Burnley	Arsenal	Burnley	1.1644	1.3917	0.2899	0.2836	0.4265	2019
2019-08-17	Aston Villa	Bournemouth	Aston Villa	Bournemouth	1.6507	1.6278	0.3658	0.2724	0.3618	2019
2019-08-17	Brighton	West Ham	Brighton	West Ham	2.4046	1.0086	0.7183	0.179	0.1027	2019
2019-08-17	Everton	Watford	Everton	Watford	0.8329	1.1728	0.231	0.322	0.447	2019
2019-08-17	Manchester City	Tottenham	Man City	Tottenham	3.2008	0.0745	0.9674	0.0301	0.0025	2019
2019-08-17	Southampton	Liverpool	Southampton	Liverpool	2.1405	1.5202	0.5327	0.2278	0.2395	2019
2019-08-18	Chelsea	Leicester	Chelsea	Leicester	1.2263	0.9479	0.4391	0.3008	0.2601	2019
2019-08-18	Sheffield United	Crystal Palace	Sheffield United	Crystal Palace	1.8478	0.2419	0.8326	0.1408	0.0266	2019
2019-08-19	Wolverhampton Wanderers	Manchester United	Wolves	Man United	0.3074	1.1433	0.0594	0.2597	0.6809	2019
2019-08-23	Aston Villa	Everton	Aston Villa	Everton	0.8559	1.2567	0.2213	0.3058	0.4729	2019
2019-08-24	Brighton	Southampton	Brighton	Southampton	0.9977	2.0779	0.1192	0.2115	0.6693	2019
2019-08-24	Liverpool	Arsenal	Liverpool	Arsenal	2.7882	0.9855	0.7948	0.1361	0.0691	2019
2019-08-24	Manchester United	Crystal Palace	Man United	Crystal Palace	2.2356	0.677	0.7755	0.1616	0.0629	2019
2019-08-24	Norwich	Chelsea	Norwich	Chelsea	1.079	1.8943	0.1759	0.2595	0.5646	2019
2019-08-24	Sheffield United	Leicester	Sheffield United	Leicester	0.6543	0.7049	0.2916	0.4017	0.3067	2019
2019-08-24	Watford	West Ham	Watford	West Ham	2.2935	3.4577	0.1537	0.1778	0.6685	2019
2019-08-25	Bournemouth	Manchester City	Bournemouth	Man City	1.8935	3.1286	0.1625	0.1736	0.6639	2019
2019-08-25	Tottenham	Newcastle United	Tottenham	Newcastle	1.2593	0.5143	0.5898	0.2775	0.1327	2019
2019-08-25	Wolverhampton Wanderers	Burnley	Wolves	Burnley	1.3279	1.2276	0.3879	0.307	0.3051	2019
2019-08-31	West Ham	Norwich	West Ham	Norwich	2.2066	1.1674	0.6298	0.2265	0.1437	2019
2019-08-31	Newcastle United	Watford	Newcastle	Watford	1.0413	1.1068	0.3299	0.3121	0.358	2019
2019-08-31	Manchester City	Brighton	Man City	Brighton	2.3082	0.861	0.7359	0.1772	0.0869	2019
2019-08-31	Southampton	Manchester United	Southampton	Man United	0.7696	1.9036	0.1186	0.2211	0.6603	2019
2019-08-31	Crystal Palace	Aston Villa	Crystal Palace	Aston Villa	1.4139	0.3035	0.6771	0.2444	0.0785	2019
2019-08-31	Chelsea	Sheffield United	Chelsea	Sheffield United	2.3058	1.0465	0.6944	0.1949	0.1107	2019
2019-08-31	Burnley	Liverpool	Burnley	Liverpool	0.6174	1.2006	0.1772	0.3171	0.5057	2019
2019-08-31	Leicester	Bournemouth	Leicester	Bournemouth	2.2377	0.5547	0.8226	0.1353	0.0421	2019
2019-09-01	Arsenal	Tottenham	Arsenal	Tottenham	1.9251	1.9551	0.3461	0.2536	0.4003	2019
2019-09-01	Everton	Wolverhampton Wanderers	Everton	Wolves	1.4884	2.0017	0.2455	0.2459	0.5086	2019
2019-09-14	Wolverhampton Wanderers	Chelsea	Wolves	Chelsea	1.4936	3.068	0.0809	0.1625	0.7566	2019
2019-09-14	Tottenham	Crystal Palace	Tottenham	Crystal Palace	1.0494	0.5773	0.4879	0.3328	0.1793	2019
2019-09-14	Sheffield United	Southampton	Sheffield United	Southampton	1.8803	1.5766	0.4428	0.2527	0.3045	2019
2019-09-14	Norwich	Manchester City	Norwich	Man City	1.7413	2.3444	0.2487	0.2462	0.5051	2019
2019-09-14	Liverpool	Newcastle United	Liverpool	Newcastle	2.9328	0.2911	0.9452	0.0464	0.0084	2019
2019-09-14	Brighton	Burnley	Brighton	Burnley	1.6854	0.3417	0.7641	0.1893	0.0466	2019
2019-09-14	Manchester United	Leicester	Man United	Leicester	1.1002	0.4591	0.5865	0.3062	0.1073	2019
2019-09-15	Bournemouth	Everton	Bournemouth	Everton	1.4154	1.5064	0.3385	0.2793	0.3822	2019
2019-09-15	Watford	Arsenal	Watford	Arsenal	2.8321	1.0062	0.8062	0.1365	0.0573	2019
2019-09-16	Aston Villa	West Ham	Aston Villa	West Ham	1.405	0.5353	0.6373	0.2496	0.1131	2019
2019-09-20	Southampton	Bournemouth	Southampton	Bournemouth	2.1802	1.2977	0.5961	0.2395	0.1644	2019
2019-09-21	Newcastle United	Brighton	Newcastle	Brighton	1.0981	1.2159	0.3232	0.3006	0.3762	2019
2019-09-21	Leicester	Tottenham	Leicester	Tottenham	1.2875	1.3374	0.3433	0.2798	0.3769	2019
2019-09-21	Manchester City	Watford	Man City	Watford	6.6305	0.3447	0.9996	0.0004	0.0	2019
2019-09-21	Burnley	Norwich	Burnley	Norwich	2.3931	0.8014	0.7897	0.1472	0.0631	2019
2019-09-21	Everton	Sheffield United	Everton	Sheffield United	1.2604	0.508	0.5598	0.3092	0.131	2019
2019-09-22	Arsenal	Aston Villa	Arsenal	Aston Villa	2.5321	1.7155	0.5722	0.2195	0.2083	2019
2019-09-22	Chelsea	Liverpool	Chelsea	Liverpool	1.2332	1.03	0.4027	0.311	0.2863	2019
2019-09-22	Crystal Palace	Wolverhampton Wanderers	Crystal Palace	Wolves	0.9848	1.7557	0.1739	0.2419	0.5842	2019
2019-09-22	West Ham	Manchester United	West Ham	Man United	0.5138	1.2783	0.1197	0.2714	0.6089	2019
2019-09-28	Crystal Palace	Norwich	Crystal Palace	Norwich	1.805	0.7121	0.6775	0.2208	0.1017	2019
2019-09-28	Aston Villa	Burnley	Aston Villa	Burnley	0.9143	1.6692	0.1745	0.2428	0.5827	2019
2019-09-28	Bournemouth	West Ham	Bournemouth	West Ham	2.3196	1.2955	0.6247	0.2012	0.1741	2019
2019-09-28	Chelsea	Brighton	Chelsea	Brighton	4.2644	0.6163	0.9712	0.0225	0.0063	2019
2019-09-28	Everton	Manchester City	Everton	Man City	2.3585	3.1082	0.2424	0.2121	0.5455	2019
2019-09-28	Sheffield United	Liverpool	Sheffield United	Liverpool	1.1702	1.9708	0.18	0.2402	0.5798	2019
2019-09-28	Tottenham	Southampton	Tottenham	Southampton	1.1901	1.1626	0.3564	0.3113	0.3323	2019
2019-09-28	Wolverhampton Wanderers	Watford	Wolves	Watford	1.1636	1.0661	0.3492	0.3828	0.268	2019
2019-09-29	Leicester	Newcastle United	Leicester	Newcastle	1.8244	0.0541	0.8912	0.1032	0.0056	2019
2019-09-30	Manchester United	Arsenal	Man United	Arsenal	1.1335	1.704	0.2214	0.2554	0.5232	2019
2019-10-05	Watford	Sheffield United	Watford	Sheffield United	1.4432	0.3537	0.7252	0.212	0.0628	2019
2019-10-05	West Ham	Crystal Palace	West Ham	Crystal Palace	1.2358	2.0682	0.1412	0.2336	0.6252	2019
2019-10-05	Norwich	Aston Villa	Norwich	Aston Villa	1.8484	3.6783	0.0918	0.1263	0.7819	2019
2019-10-05	Burnley	Everton	Burnley	Everton	0.5589	1.3072	0.1354	0.2707	0.5939	2019
2019-10-05	Brighton	Tottenham	Brighton	Tottenham	2.6002	0.4785	0.9194	0.067	0.0136	2019
2019-10-05	Liverpool	Leicester	Liverpool	Leicester	3.7487	0.0982	0.9902	0.009	0.0008	2019
2019-10-06	Arsenal	Bournemouth	Arsenal	Bournemouth	1.2411	0.684	0.5216	0.3114	0.167	2019
2019-10-06	Manchester City	Wolverhampton Wanderers	Man City	Wolves	1.6188	1.1883	0.4735	0.2691	0.2574	2019
2019-10-06	Newcastle United	Manchester United	Newcastle	Man United	0.6503	0.9692	0.2281	0.346	0.4259	2019
2019-10-06	Southampton	Chelsea	Southampton	Chelsea	1.2704	2.152	0.1721	0.2325	0.5954	2019
2019-10-19	Leicester	Burnley	Leicester	Burnley	0.8291	1.7957	0.1307	0.2209	0.6484	2019
2019-10-19	Tottenham	Watford	Tottenham	Watford	0.8916	0.8469	0.3498	0.3494	0.3008	2019
2019-10-19	Everton	West Ham	Everton	West Ham	2.2332	0.4591	0.8303	0.1277	0.042	2019
2019-10-19	Wolverhampton Wanderers	Southampton	Wolves	Southampton	0.8875	1.3769	0.2018	0.3345	0.4637	2019
2019-10-19	Chelsea	Newcastle United	Chelsea	Newcastle	2.3007	0.1971	0.8936	0.0932	0.0132	2019
2019-10-19	Bournemouth	Norwich	Bournemouth	Norwich	0.6756	0.4029	0.3837	0.4302	0.1861	2019
2019-10-19	Aston Villa	Brighton	Aston Villa	Brighton	2.9669	1.3218	0.7539	0.1481	0.098	2019
2019-10-19	Crystal Palace	Manchester City	Crystal Palace	Man City	0.6169	4.021	0.007	0.0293	0.9637	2019
2019-10-20	Manchester United	Liverpool	Man United	Liverpool	0.7919	1.0321	0.2391	0.3812	0.3797	2019
2019-10-21	Sheffield United	Arsenal	Sheffield United	Arsenal	0.8957	0.9497	0.2926	0.3964	0.311	2019
2019-10-25	Southampton	Leicester	Southampton	Leicester	0.4573	4.3805	0.0032	0.0132	0.9836	2019
2019-10-26	Brighton	Everton	Brighton	Everton	1.1528	1.0472	0.3737	0.3492	0.2771	2019
2019-10-26	Burnley	Chelsea	Burnley	Chelsea	2.2349	0.9883	0.7194	0.1734	0.1072	2019
2019-10-26	Manchester City	Aston Villa	Man City	Aston Villa	3.19	0.9801	0.8517	0.1	0.0483	2019
2019-10-26	Watford	Bournemouth	Watford	Bournemouth	0.6749	0.8995	0.2583	0.3633	0.3784	2019
2019-10-26	West Ham	Sheffield United	West Ham	Sheffield United	2.3389	1.1617	0.7017	0.1979	0.1004	2019
2019-10-27	Arsenal	Crystal Palace	Arsenal	Crystal Palace	1.5401	1.7789	0.2675	0.2977	0.4348	2019
2019-10-27	Liverpool	Tottenham	Liverpool	Tottenham	2.1885	1.3514	0.5907	0.2368	0.1725	2019
2019-10-27	Newcastle United	Wolverhampton Wanderers	Newcastle	Wolves	0.6031	1.9325	0.0764	0.1803	0.7433	2019
2019-10-27	Norwich	Manchester United	Norwich	Man United	0.8924	4.5123	0.0079	0.0224	0.9697	2019
2019-11-02	West Ham	Newcastle United	West Ham	Newcastle	1.536	1.9319	0.271	0.258	0.471	2019
2019-11-02	Sheffield United	Burnley	Sheffield United	Burnley	2.5839	0.7166	0.83	0.1251	0.0449	2019
2019-11-02	Manchester City	Southampton	Man City	Southampton	3.3613	0.8939	0.9119	0.074	0.0141	2019
2019-11-02	Watford	Chelsea	Watford	Chelsea	1.4744	2.1831	0.2033	0.2538	0.5429	2019
2019-11-02	Bournemouth	Manchester United	Bournemouth	Man United	1.8686	0.6411	0.7315	0.1875	0.081	2019
2019-11-02	Aston Villa	Liverpool	Aston Villa	Liverpool	0.7416	2.3882	0.0731	0.1563	0.7706	2019
2019-11-02	Arsenal	Wolverhampton Wanderers	Arsenal	Wolves	1.0255	1.5103	0.2334	0.281	0.4856	2019
2019-11-02	Brighton	Norwich	Brighton	Norwich	2.655	0.4551	0.8783	0.094	0.0277	2019
2019-11-03	Crystal Palace	Leicester	Crystal Palace	Leicester	0.4429	0.9812	0.155	0.3517	0.4933	2019
2019-11-03	Everton	Tottenham	Everton	Tottenham	1.1553	0.2434	0.6632	0.2752	0.0616	2019
2019-11-08	Norwich	Watford	Norwich	Watford	0.621	1.3602	0.1585	0.28	0.5615	2019
2019-11-09	Tottenham	Sheffield United	Tottenham	Sheffield United	1.5104	0.9234	0.5262	0.2654	0.2084	2019
2019-11-09	Southampton	Everton	Southampton	Everton	0.7423	2.0888	0.0761	0.2071	0.7168	2019
2019-11-09	Newcastle United	Bournemouth	Newcastle	Bournemouth	2.3306	1.9213	0.4754	0.2446	0.28	2019
2019-11-09	Leicester	Arsenal	Leicester	Arsenal	1.3705	0.9613	0.4439	0.3099	0.2462	2019
2019-11-09	Burnley	West Ham	Burnley	West Ham	2.4158	0.4743	0.8586	0.1051	0.0363	2019
2019-11-09	Chelsea	Crystal Palace	Chelsea	Crystal Palace	3.289	0.4795	0.9423	0.0481	0.0096	2019
2019-11-10	Liverpool	Manchester City	Liverpool	Man City	1.3319	1.481	0.3127	0.2881	0.3992	2019
2019-11-10	Manchester United	Brighton	Man United	Brighton	3.653	1.1342	0.8833	0.0828	0.0339	2019
2019-11-10	Wolverhampton Wanderers	Aston Villa	Wolves	Aston Villa	2.0989	0.4732	0.7939	0.1511	0.055	2019
2019-11-23	Manchester City	Chelsea	Man City	Chelsea	1.236	0.8205	0.4647	0.3041	0.2312	2019
2019-11-23	West Ham	Tottenham	West Ham	Tottenham	0.6614	2.2068	0.0614	0.1533	0.7853	2019
2019-11-23	Everton	Norwich	Everton	Norwich	0.8127	1.8085	0.1424	0.2108	0.6468	2019
2019-11-23	Watford	Burnley	Watford	Burnley	0.9024	2.6628	0.0541	0.1127	0.8332	2019
2019-11-23	Brighton	Leicester	Brighton	Leicester	0.7847	3.5092	0.017	0.0549	0.9281	2019
2019-11-23	Bournemouth	Wolverhampton Wanderers	Bournemouth	Wolves	0.8498	1.2765	0.2059	0.3272	0.4669	2019
2019-11-23	Arsenal	Southampton	Arsenal	Southampton	1.6082	2.6031	0.1668	0.2108	0.6224	2019
2019-11-23	Crystal Palace	Liverpool	Crystal Palace	Liverpool	1.0231	1.6429	0.1967	0.2659	0.5374	2019
2019-11-24	Sheffield United	Manchester United	Sheffield United	Man United	1.5602	1.3307	0.4198	0.3029	0.2773	2019
2019-11-25	Aston Villa	Newcastle United	Aston Villa	Newcastle	2.6985	0.6978	0.8515	0.1083	0.0402	2019
2019-11-30	Tottenham	Bournemouth	Tottenham	Bournemouth	2.9319	1.0295	0.8068	0.1241	0.0691	2019
2019-11-30	Newcastle United	Manchester City	Newcastle	Man City	0.2083	2.4439	0.0129	0.0872	0.8999	2019
2019-11-30	Southampton	Watford	Southampton	Watford	1.9671	0.504	0.826	0.1455	0.0285	2019
2019-11-30	Chelsea	West Ham	Chelsea	West Ham	2.7319	1.1203	0.7651	0.1557	0.0792	2019
2019-11-30	Burnley	Crystal Palace	Burnley	Crystal Palace	1.8509	0.9367	0.617	0.2446	0.1384	2019
2019-11-30	Liverpool	Brighton	Liverpool	Brighton	1.3683	0.8676	0.5044	0.2797	0.2159	2019
2019-12-01	Leicester	Everton	Leicester	Everton	2.2435	1.2499	0.6223	0.2153	0.1624	2019
2019-12-01	Manchester United	Aston Villa	Man United	Aston Villa	1.848	1.297	0.5014	0.2793	0.2193	2019
2019-12-01	Norwich	Arsenal	Norwich	Arsenal	0.8106	1.9616	0.1015	0.191	0.7075	2019
2019-12-01	Wolverhampton Wanderers	Sheffield United	Wolves	Sheffield United	1.2742	1.473	0.3147	0.2737	0.4116	2019
2019-12-03	Burnley	Manchester City	Burnley	Man City	0.4865	2.5606	0.025	0.0891	0.8859	2019
2019-12-03	Crystal Palace	Bournemouth	Crystal Palace	Bournemouth	0.3838	0.3428	0.2392	0.5482	0.2126	2019
2019-12-04	Wolverhampton Wanderers	West Ham	Wolves	West Ham	1.8224	0.502	0.735	0.1951	0.0699	2019
2019-12-04	Southampton	Norwich	Southampton	Norwich	2.0023	0.8966	0.6864	0.2089	0.1047	2019
2019-12-04	Manchester United	Tottenham	Man United	Tottenham	1.4768	0.5423	0.6568	0.2512	0.092	2019
2019-12-04	Leicester	Watford	Leicester	Watford	2.2873	0.1997	0.9199	0.0706	0.0095	2019
2019-12-04	Chelsea	Aston Villa	Chelsea	Aston Villa	1.9774	0.8609	0.6494	0.2192	0.1314	2019
2019-12-04	Liverpool	Everton	Liverpool	Everton	2.414	1.7645	0.5327	0.2329	0.2344	2019
2019-12-05	Arsenal	Brighton	Arsenal	Brighton	0.9654	1.5345	0.229	0.2568	0.5142	2019
2019-12-05	Sheffield United	Newcastle United	Sheffield United	Newcastle	1.0917	0.5338	0.5039	0.3343	0.1618	2019
2019-12-07	Tottenham	Burnley	Tottenham	Burnley	2.3968	1.0864	0.7218	0.1919	0.0863	2019
2019-12-07	Manchester City	Manchester United	Man City	Man United	2.0711	1.6339	0.4696	0.2472	0.2832	2019
2019-12-07	Watford	Crystal Palace	Watford	Crystal Palace	1.5713	0.2107	0.7994	0.1733	0.0273	2019
2019-12-07	Bournemouth	Liverpool	Bournemouth	Liverpool	0.1546	3.0445	0.0046	0.0368	0.9586	2019
2019-12-07	Everton	Chelsea	Everton	Chelsea	2.0389	1.2573	0.5741	0.2352	0.1907	2019
2019-12-08	Aston Villa	Leicester	Aston Villa	Leicester	1.2414	4.0329	0.0239	0.0624	0.9137	2019
2019-12-08	Brighton	Wolverhampton Wanderers	Brighton	Wolves	0.9516	1.8721	0.1487	0.2284	0.6229	2019
2019-12-08	Newcastle United	Southampton	Newcastle	Southampton	1.1045	1.8925	0.1687	0.2549	0.5764	2019
2019-12-08	Norwich	Sheffield United	Norwich	Sheffield United	0.5858	0.7129	0.2498	0.4017	0.3485	2019
2019-12-09	West Ham	Arsenal	West Ham	Arsenal	0.5218	1.7918	0.073	0.1861	0.7409	2019
2019-12-14	Sheffield United	Aston Villa	Sheffield United	Aston Villa	1.888	0.9726	0.632	0.2565	0.1115	2019
2019-12-14	Southampton	West Ham	Southampton	West Ham	0.8059	0.9032	0.311	0.3452	0.3438	2019
2019-12-14	Liverpool	Watford	Liverpool	Watford	1.5667	1.0117	0.518	0.2644	0.2176	2019
2019-12-14	Burnley	Newcastle United	Burnley	Newcastle	1.436	1.0873	0.4421	0.3378	0.2201	2019
2019-12-14	Chelsea	Bournemouth	Chelsea	Bournemouth	2.0212	1.2078	0.566	0.2294	0.2046	2019
2019-12-14	Leicester	Norwich	Leicester	Norwich	1.0642	1.1641	0.3044	0.3038	0.3918	2019
2019-12-15	Arsenal	Manchester City	Arsenal	Man City	0.2816	1.6955	0.042	0.1757	0.7823	2019
2019-12-15	Manchester United	Everton	Man United	Everton	1.4833	0.2768	0.7171	0.2244	0.0585	2019
2019-12-15	Wolverhampton Wanderers	Tottenham	Wolves	Tottenham	0.7187	0.9892	0.2404	0.3386	0.421	2019
2019-12-16	Crystal Palace	Brighton	Crystal Palace	Brighton	0.4849	2.4836	0.0214	0.081	0.8976	2019
2019-12-21	Norwich	Wolverhampton Wanderers	Norwich	Wolves	1.2654	1.6522	0.2615	0.2668	0.4717	2019
2019-12-21	Newcastle United	Crystal Palace	Newcastle	Crystal Palace	0.7144	0.9854	0.2554	0.3549	0.3897	2019
2019-12-21	Everton	Arsenal	Everton	Arsenal	0.4865	0.8818	0.1606	0.3613	0.4781	2019
2019-12-21	Manchester City	Leicester	Man City	Leicester	3.5914	1.0139	0.9032	0.0714	0.0254	2019
2019-12-21	Bournemouth	Burnley	Bournemouth	Burnley	0.1385	0.1443	0.1153	0.7656	0.1191	2019
2019-12-21	Aston Villa	Southampton	Aston Villa	Southampton	0.9211	2.6344	0.0701	0.1332	0.7967	2019
2019-12-21	Brighton	Sheffield United	Brighton	Sheffield United	0.4284	1.6593	0.0649	0.1924	0.7427	2019
2019-12-22	Tottenham	Chelsea	Tottenham	Chelsea	0.2767	1.4937	0.0406	0.1922	0.7672	2019
2019-12-22	Watford	Manchester United	Watford	Man United	1.5929	1.5309	0.3791	0.2811	0.3398	2019
2019-12-26	Manchester United	Newcastle United	Man United	Newcastle	1.9964	1.0502	0.612	0.2376	0.1504	2019
2019-12-26	Tottenham	Brighton	Tottenham	Brighton	1.0265	1.0901	0.3168	0.3158	0.3674	2019
2019-12-26	Sheffield United	Watford	Sheffield United	Watford	2.0448	0.5966	0.7843	0.1616	0.0541	2019
2019-12-26	Leicester	Liverpool	Leicester	Liverpool	0.121	3.7697	0.0003	0.0086	0.9911	2019
2019-12-26	Chelsea	Southampton	Chelsea	Southampton	0.86	0.9813	0.2827	0.3415	0.3758	2019
2019-12-26	Crystal Palace	West Ham	Crystal Palace	West Ham	2.142	0.7963	0.7301	0.1812	0.0887	2019
2019-12-26	Aston Villa	Norwich	Aston Villa	Norwich	0.6542	1.4501	0.1589	0.2584	0.5827	2019
2019-12-26	Everton	Burnley	Everton	Burnley	1.4752	0.5653	0.6218	0.2726	0.1056	2019
2019-12-26	Bournemouth	Arsenal	Bournemouth	Arsenal	1.5546	1.4246	0.4082	0.2741	0.3177	2019
2019-12-27	Wolverhampton Wanderers	Manchester City	Wolves	Man City	2.3941	1.5204	0.6128	0.2356	0.1516	2019
2019-12-28	West Ham	Leicester	West Ham	Leicester	0.7821	2.6235	0.0516	0.1144	0.834	2019
2019-12-28	Brighton	Bournemouth	Brighton	Bournemouth	1.0588	0.5007	0.5128	0.3292	0.158	2019
2019-12-28	Burnley	Manchester United	Burnley	Man United	0.3867	2.1054	0.0282	0.1155	0.8563	2019
2019-12-28	Newcastle United	Everton	Newcastle	Everton	1.6321	2.8258	0.1581	0.1764	0.6655	2019
2019-12-28	Norwich	Tottenham	Norwich	Tottenham	0.2681	1.8219	0.0263	0.141	0.8327	2019
2019-12-28	Southampton	Crystal Palace	Southampton	Crystal Palace	1.4794	0.1378	0.7755	0.1989	0.0256	2019
2019-12-28	Watford	Aston Villa	Watford	Aston Villa	3.2531	0.611	0.9266	0.0573	0.0161	2019
2019-12-29	Manchester City	Sheffield United	Man City	Sheffield United	1.0863	1.2335	0.3044	0.3003	0.3953	2019
2019-12-29	Liverpool	Wolverhampton Wanderers	Liverpool	Wolves	1.4912	0.3638	0.7092	0.224	0.0668	2019
2019-12-29	Arsenal	Chelsea	Arsenal	Chelsea	0.7852	1.4967	0.1634	0.2709	0.5657	2019
2020-01-01	Arsenal	Manchester United	Arsenal	Man United	1.9075	0.7156	0.7141	0.2018	0.0841	2019
2020-01-01	Brighton	Chelsea	Brighton	Chelsea	1.5698	1.575	0.3583	0.2959	0.3458	2019
2020-01-01	Burnley	Aston Villa	Burnley	Aston Villa	2.3442	1.7482	0.532	0.2321	0.2359	2019
2020-01-01	Manchester City	Everton	Man City	Everton	1.7976	0.8489	0.6084	0.2598	0.1318	2019
2020-01-01	Newcastle United	Leicester	Newcastle	Leicester	0.7801	2.4364	0.0438	0.1446	0.8116	2019
2020-01-01	Norwich	Crystal Palace	Norwich	Crystal Palace	1.6645	1.299	0.4478	0.2915	0.2607	2019
2020-01-01	Southampton	Tottenham	Southampton	Tottenham	1.5119	1.078	0.4731	0.2856	0.2413	2019
2020-01-01	Watford	Wolverhampton Wanderers	Watford	Wolves	1.0705	1.2325	0.3114	0.298	0.3906	2019
2020-01-01	West Ham	Bournemouth	West Ham	Bournemouth	2.3283	0.7207	0.8034	0.1575	0.0391	2019
2020-01-02	Liverpool	Sheffield United	Liverpool	Sheffield United	3.0465	0.6346	0.9328	0.0591	0.0081	2019
2020-01-10	Sheffield United	West Ham	Sheffield United	West Ham	2.0277	0.9048	0.6699	0.207	0.1231	2019
2020-01-11	Manchester United	Norwich	Man United	Norwich	3.1346	0.276	0.9713	0.0254	0.0033	2019
2020-01-11	Wolverhampton Wanderers	Newcastle United	Wolves	Newcastle	2.048	0.1845	0.8999	0.089	0.0111	2019
2020-01-11	Tottenham	Liverpool	Tottenham	Liverpool	1.1058	1.7456	0.2095	0.2573	0.5332	2019
2020-01-11	Leicester	Southampton	Leicester	Southampton	0.7801	2.406	0.0603	0.151	0.7887	2019
2020-01-11	Everton	Brighton	Everton	Brighton	2.0253	1.5332	0.4903	0.2518	0.2579	2019
2020-01-11	Crystal Palace	Arsenal	Crystal Palace	Arsenal	0.3179	1.4392	0.0317	0.1698	0.7985	2019
2020-01-11	Chelsea	Burnley	Chelsea	Burnley	2.8763	0.7174	0.8783	0.097	0.0247	2019
2020-01-12	Aston Villa	Manchester City	Aston Villa	Man City	1.1257	3.7513	0.0269	0.0804	0.8927	2019
2020-01-12	Bournemouth	Watford	Bournemouth	Watford	0.3204	2.2983	0.0223	0.1044	0.8733	2019
2020-01-18	Arsenal	Sheffield United	Arsenal	Sheffield United	1.2288	1.1844	0.3527	0.3268	0.3205	2019
2020-01-18	Brighton	Aston Villa	Brighton	Aston Villa	1.3003	1.0205	0.433	0.3044	0.2626	2019
2020-01-18	Manchester City	Crystal Palace	Man City	Crystal Palace	2.4731	0.5867	0.83	0.1309	0.0391	2019
2020-01-18	Newcastle United	Chelsea	Newcastle	Chelsea	0.893	2.0544	0.1176	0.2097	0.6727	2019
2020-01-18	Norwich	Bournemouth	Norwich	Bournemouth	1.7605	0.5583	0.7257	0.2016	0.0727	2019
2020-01-18	Southampton	Wolverhampton Wanderers	Southampton	Wolves	0.787	2.1772	0.0779	0.1631	0.759	2019
2020-01-18	Watford	Tottenham	Watford	Tottenham	2.3917	1.767	0.5385	0.2236	0.2379	2019
2020-01-18	West Ham	Everton	West Ham	Everton	1.6844	1.9547	0.3048	0.2539	0.4413	2019
2020-01-19	Burnley	Leicester	Burnley	Leicester	1.5089	2.3342	0.1548	0.2598	0.5854	2019
2020-01-19	Liverpool	Manchester United	Liverpool	Man United	2.0065	1.4185	0.5023	0.258	0.2397	2019
2020-01-21	Everton	Newcastle United	Everton	Newcastle	2.0525	0.5709	0.7659	0.1706	0.0635	2019
2020-01-21	Sheffield United	Manchester City	Sheffield United	Man City	0.7749	2.873	0.0228	0.0931	0.8841	2019
2020-01-21	Crystal Palace	Southampton	Crystal Palace	Southampton	0.6746	1.1306	0.1976	0.3236	0.4788	2019
2020-01-21	Chelsea	Arsenal	Chelsea	Arsenal	3.3861	0.5681	0.9524	0.0418	0.0058	2019
2020-01-21	Bournemouth	Brighton	Bournemouth	Brighton	1.9231	1.9723	0.3485	0.2752	0.3763	2019
2020-01-21	Aston Villa	Watford	Aston Villa	Watford	1.0674	1.811	0.1601	0.2474	0.5925	2019
2020-01-22	Leicester	West Ham	Leicester	West Ham	2.913	1.1625	0.829	0.1353	0.0357	2019
2020-01-22	Manchester United	Burnley	Man United	Burnley	1.416	0.7173	0.5315	0.2893	0.1792	2019
2020-01-22	Tottenham	Norwich	Tottenham	Norwich	2.2228	1.4247	0.5976	0.2549	0.1475	2019
2020-01-23	Wolverhampton Wanderers	Liverpool	Wolves	Liverpool	1.8544	1.5902	0.4512	0.25	0.2988	2019
2020-01-29	West Ham	Liverpool	West Ham	Liverpool	0.8783	2.5993	0.0492	0.1417	0.8091	2019
2020-02-01	Bournemouth	Aston Villa	Bournemouth	Aston Villa	2.7224	1.4096	0.7011	0.1708	0.1281	2019
2020-02-01	Crystal Palace	Sheffield United	Crystal Palace	Sheffield United	0.9701	0.8608	0.3565	0.3416	0.3019	2019
2020-02-01	Leicester	Chelsea	Leicester	Chelsea	1.6596	0.807	0.5887	0.2617	0.1496	2019
2020-02-01	Liverpool	Southampton	Liverpool	Southampton	3.7195	0.7163	0.9565	0.035	0.0085	2019
2020-02-01	Manchester United	Wolverhampton Wanderers	Man United	Wolves	1.1861	1.5421	0.2764	0.2711	0.4525	2019
2020-02-01	Newcastle United	Norwich	Newcastle	Norwich	0.9373	2.3998	0.0835	0.1615	0.755	2019
2020-02-01	Watford	Everton	Watford	Everton	0.9192	2.7018	0.0386	0.12	0.8414	2019
2020-02-01	West Ham	Brighton	West Ham	Brighton	1.3077	2.0318	0.2142	0.2356	0.5502	2019
2020-02-02	Tottenham	Manchester City	Tottenham	Man City	0.4203	3.2514	0.0069	0.0363	0.9568	2019
2020-02-02	Burnley	Arsenal	Burnley	Arsenal	2.2456	1.4803	0.5772	0.2186	0.2042	2019
2020-02-08	Brighton	Watford	Brighton	Watford	0.762	0.28	0.4631	0.4184	0.1185	2019
2020-02-08	Everton	Crystal Palace	Everton	Crystal Palace	2.791	0.8653	0.8528	0.1105	0.0367	2019
2020-02-09	Sheffield United	Bournemouth	Sheffield United	Bournemouth	2.0447	1.0718	0.6383	0.226	0.1357	2019
2020-02-14	Wolverhampton Wanderers	Leicester	Wolves	Leicester	1.1449	0.5274	0.5283	0.311	0.1607	2019
2020-02-15	Norwich	Liverpool	Norwich	Liverpool	0.3835	2.0733	0.0262	0.1252	0.8486	2019
2020-02-15	Southampton	Burnley	Southampton	Burnley	0.694	0.8927	0.2518	0.3497	0.3985	2019
2020-02-16	Aston Villa	Tottenham	Aston Villa	Tottenham	1.7131	3.8602	0.0761	0.1094	0.8145	2019
2020-02-16	Arsenal	Newcastle United	Arsenal	Newcastle	3.0226	1.1666	0.8118	0.126	0.0622	2019
2020-02-17	Chelsea	Manchester United	Chelsea	Man United	0.9402	0.6818	0.3915	0.3491	0.2594	2019
2020-02-19	Manchester City	West Ham	Man City	West Ham	2.1378	0.0896	0.8968	0.0955	0.0077	2019
2020-02-22	Sheffield United	Brighton	Sheffield United	Brighton	1.6597	1.0603	0.5221	0.2759	0.202	2019
2020-02-22	Leicester	Manchester City	Leicester	Man City	0.7233	2.4275	0.054	0.1328	0.8132	2019
2020-02-22	Southampton	Aston Villa	Southampton	Aston Villa	3.0293	0.4723	0.9014	0.0788	0.0198	2019
2020-02-22	Chelsea	Tottenham	Chelsea	Tottenham	1.7819	0.2659	0.8213	0.1481	0.0306	2019
2020-02-22	Burnley	Bournemouth	Burnley	Bournemouth	3.0993	1.7572	0.6945	0.1712	0.1343	2019
2020-02-22	Crystal Palace	Newcastle United	Crystal Palace	Newcastle	1.7555	0.1645	0.8231	0.1531	0.0238	2019
2020-02-23	Manchester United	Watford	Man United	Watford	2.5042	0.295	0.9024	0.0808	0.0168	2019
2020-02-23	Wolverhampton Wanderers	Norwich	Wolves	Norwich	3.2503	0.3606	0.9761	0.0212	0.0027	2019
2020-02-23	Arsenal	Everton	Arsenal	Everton	1.3357	2.6569	0.0959	0.1757	0.7284	2019
2020-02-24	Liverpool	West Ham	Liverpool	West Ham	2.4821	0.6382	0.8423	0.1185	0.0392	2019
2020-02-28	Norwich	Leicester	Norwich	Leicester	0.5917	1.4258	0.1394	0.2704	0.5902	2019
2020-02-29	Bournemouth	Chelsea	Bournemouth	Chelsea	1.585	1.9827	0.2643	0.2632	0.4725	2019
2020-02-29	Brighton	Crystal Palace	Brighton	Crystal Palace	1.7871	2.1716	0.2966	0.2252	0.4782	2019
2020-02-29	Newcastle United	Burnley	Newcastle	Burnley	1.1171	0.6176	0.4773	0.3307	0.192	2019
2020-02-29	Watford	Liverpool	Watford	Liverpool	2.7135	0.206	0.95	0.0442	0.0058	2019
2020-02-29	West Ham	Southampton	West Ham	Southampton	2.7868	0.8686	0.8335	0.1123	0.0542	2019
2020-03-01	Tottenham	Wolverhampton Wanderers	Tottenham	Wolves	1.6308	2.6225	0.1427	0.2177	0.6396	2019
2020-03-01	Everton	Manchester United	Everton	Man United	2.4126	1.1256	0.7023	0.1877	0.11	2019
2020-03-07	Arsenal	West Ham	Arsenal	West Ham	1.5597	1.6161	0.3429	0.2922	0.3649	2019
2020-03-07	Burnley	Tottenham	Burnley	Tottenham	3.333	1.1367	0.8821	0.0881	0.0298	2019
2020-03-07	Crystal Palace	Watford	Crystal Palace	Watford	0.8561	0.4492	0.4571	0.3684	0.1745	2019
2020-03-07	Liverpool	Bournemouth	Liverpool	Bournemouth	1.8945	1.2954	0.524	0.2751	0.2009	2019
2020-03-07	Sheffield United	Norwich	Sheffield United	Norwich	1.1726	2.5545	0.0689	0.1609	0.7702	2019
2020-03-07	Southampton	Newcastle United	Southampton	Newcastle	0.3489	3.0638	0.0066	0.0362	0.9572	2019
2020-03-07	Wolverhampton Wanderers	Brighton	Wolves	Brighton	0.8982	0.3089	0.5107	0.3715	0.1178	2019
2020-03-08	Manchester United	Manchester City	Man United	Man City	1.7389	0.5855	0.7359	0.2192	0.0449	2019
2020-03-08	Chelsea	Everton	Chelsea	Everton	2.0288	0.4459	0.7935	0.1647	0.0418	2019
2020-03-09	Leicester	Aston Villa	Leicester	Aston Villa	2.4124	0.6724	0.8191	0.1377	0.0432	2019
2020-06-17	Aston Villa	Sheffield United	Aston Villa	Sheffield United	1.0088	0.2359	0.5797	0.3411	0.0792	2019
2020-06-17	Manchester City	Arsenal	Man City	Arsenal	2.7372	0.4968	0.8987	0.0832	0.0181	2019
2020-06-19	Norwich	Southampton	Norwich	Southampton	0.6549	1.871	0.1121	0.2043	0.6836	2019
2020-06-19	Tottenham	Manchester United	Tottenham	Man United	0.5349	1.7731	0.0707	0.1876	0.7417	2019
2020-06-20	Bournemouth	Crystal Palace	Bournemouth	Crystal Palace	0.3636	0.7885	0.1479	0.3899	0.4622	2019
2020-06-20	Brighton	Arsenal	Brighton	Arsenal	0.671	0.6963	0.3098	0.3906	0.2996	2019
2020-06-20	Watford	Leicester	Watford	Leicester	1.0076	1.0525	0.3263	0.3235	0.3502	2019
2020-06-20	West Ham	Wolverhampton Wanderers	West Ham	Wolves	0.4421	1.0643	0.106	0.3138	0.5802	2019
2020-06-21	Aston Villa	Chelsea	Aston Villa	Chelsea	1.5722	1.1401	0.5017	0.2766	0.2217	2019
2020-06-21	Everton	Liverpool	Everton	Liverpool	0.6215	0.6591	0.2873	0.4072	0.3055	2019
2020-06-21	Newcastle United	Sheffield United	Newcastle	Sheffield United	2.1515	0.5711	0.809	0.1441	0.0469	2019
2020-06-22	Manchester City	Burnley	Man City	Burnley	2.711	0.0303	0.9754	0.0241	0.0005	2019
2020-06-23	Leicester	Brighton	Leicester	Brighton	0.5055	1.1023	0.12	0.3138	0.5662	2019
2020-06-23	Tottenham	West Ham	Tottenham	West Ham	2.2412	0.831	0.7495	0.1693	0.0812	2019
2020-06-24	Wolverhampton Wanderers	Bournemouth	Wolves	Bournemouth	0.715	0.0619	0.5032	0.4655	0.0313	2019
2020-06-24	Norwich	Everton	Norwich	Everton	0.3828	0.6549	0.1807	0.4444	0.3749	2019
2020-06-24	Manchester United	Sheffield United	Man United	Sheffield United	2.8416	0.1081	0.9616	0.0349	0.0035	2019
2020-06-24	Newcastle United	Aston Villa	Newcastle	Aston Villa	0.6618	1.2299	0.1822	0.2927	0.5251	2019
2020-06-24	Liverpool	Crystal Palace	Liverpool	Crystal Palace	2.5673	0.0645	0.9511	0.0466	0.0023	2019
2020-06-25	Burnley	Watford	Burnley	Watford	0.9648	0.4955	0.4852	0.3483	0.1665	2019
2020-06-25	Chelsea	Manchester City	Chelsea	Man City	4.206	0.6906	0.9765	0.0182	0.0053	2019
2020-06-25	Southampton	Arsenal	Southampton	Arsenal	0.7383	2.186	0.0711	0.1582	0.7707	2019
2020-06-27	Aston Villa	Wolverhampton Wanderers	Aston Villa	Wolves	0.4034	0.7035	0.18	0.4278	0.3922	2019
2020-06-28	Watford	Southampton	Watford	Southampton	0.3653	1.3364	0.087	0.2589	0.6541	2019
2020-06-29	Crystal Palace	Burnley	Crystal Palace	Burnley	1.0653	0.3599	0.5505	0.3305	0.119	2019
2020-06-30	Brighton	Manchester United	Brighton	Man United	0.3101	1.209	0.082	0.2859	0.6321	2019
2020-07-01	Arsenal	Norwich	Arsenal	Norwich	1.765	0.1539	0.8241	0.1551	0.0208	2019
2020-07-01	Bournemouth	Newcastle United	Bournemouth	Newcastle	1.275	2.2346	0.1598	0.2189	0.6213	2019
2020-07-01	Everton	Leicester	Everton	Leicester	1.1759	1.8038	0.1919	0.2749	0.5332	2019
2020-07-01	West Ham	Chelsea	West Ham	Chelsea	2.105	1.5761	0.5173	0.2526	0.2301	2019
2020-07-02	Manchester City	Liverpool	Man City	Liverpool	2.6543	0.8196	0.8124	0.1305	0.0571	2019
2020-07-02	Sheffield United	Tottenham	Sheffield United	Tottenham	1.5999	1.0152	0.543	0.3008	0.1562	2019
2020-07-04	Wolverhampton Wanderers	Arsenal	Wolves	Arsenal	0.9852	1.2827	0.2571	0.3029	0.44	2019
2020-07-04	Norwich	Brighton	Norwich	Brighton	0.5451	0.903	0.1898	0.3523	0.4579	2019
2020-07-04	Leicester	Crystal Palace	Leicester	Crystal Palace	2.2068	0.5075	0.808	0.1429	0.0491	2019
2020-07-04	Chelsea	Watford	Chelsea	Watford	2.7888	0.609	0.8812	0.092	0.0268	2019
2020-07-04	Manchester United	Bournemouth	Man United	Bournemouth	2.6326	1.5216	0.6435	0.2102	0.1463	2019
2020-07-05	Burnley	Sheffield United	Burnley	Sheffield United	1.3197	1.6334	0.2814	0.2771	0.4415	2019
2020-07-05	Liverpool	Aston Villa	Liverpool	Aston Villa	1.0837	0.6898	0.4708	0.335	0.1942	2019
2020-07-05	Newcastle United	West Ham	Newcastle	West Ham	1.4912	2.0307	0.2292	0.2624	0.5084	2019
2020-07-05	Southampton	Manchester City	Southampton	Man City	0.6288	3.3958	0.017	0.0606	0.9224	2019
2020-07-06	Tottenham	Everton	Tottenham	Everton	0.5118	0.4038	0.2951	0.4878	0.2171	2019
2020-07-07	Arsenal	Leicester	Arsenal	Leicester	1.2902	1.0024	0.4342	0.308	0.2578	2019
2020-07-07	Crystal Palace	Chelsea	Crystal Palace	Chelsea	1.2882	2.6575	0.101	0.1868	0.7122	2019
2020-07-07	Watford	Norwich	Watford	Norwich	0.7252	1.1338	0.1997	0.322	0.4783	2019
2020-07-08	West Ham	Burnley	West Ham	Burnley	1.9982	1.0529	0.6154	0.2222	0.1624	2019
2020-07-08	Brighton	Liverpool	Brighton	Liverpool	2.3646	2.6162	0.3527	0.2139	0.4334	2019
2020-07-08	Manchester City	Newcastle United	Man City	Newcastle	3.2866	0.2164	0.9575	0.0363	0.0062	2019
2020-07-08	Sheffield United	Wolverhampton Wanderers	Sheffield United	Wolves	0.4705	0.3269	0.2959	0.5174	0.1867	2019
2020-07-09	Everton	Southampton	Everton	Southampton	0.6714	2.2968	0.0437	0.1349	0.8214	2019
2020-07-09	Aston Villa	Manchester United	Aston Villa	Man United	0.5989	2.8653	0.0244	0.0809	0.8947	2019
2020-07-09	Bournemouth	Tottenham	Bournemouth	Tottenham	0.9603	0.4793	0.4893	0.3526	0.1581	2019
2020-07-11	Brighton	Manchester City	Brighton	Man City	0.1496	5.5177	0.0	0.0003	0.9997	2019
2020-07-11	Liverpool	Burnley	Liverpool	Burnley	2.1765	0.4523	0.8039	0.1477	0.0484	2019
2020-07-11	Norwich	West Ham	Norwich	West Ham	0.6133	3.8109	0.0069	0.029	0.9641	2019
2020-07-11	Sheffield United	Chelsea	Sheffield United	Chelsea	2.0063	1.1751	0.6044	0.2302	0.1654	2019
2020-07-11	Watford	Newcastle United	Watford	Newcastle	3.1286	1.4913	0.782	0.1508	0.0672	2019
2020-07-12	Aston Villa	Crystal Palace	Aston Villa	Crystal Palace	1.6977	0.9742	0.5655	0.2501	0.1844	2019
2020-07-12	Bournemouth	Leicester	Bournemouth	Leicester	2.5431	1.6608	0.6175	0.2228	0.1597	2019
2020-07-12	Tottenham	Arsenal	Tottenham	Arsenal	1.8185	0.6899	0.6852	0.2064	0.1084	2019
2020-07-12	Wolverhampton Wanderers	Everton	Wolves	Everton	2.8672	0.2866	0.9515	0.04	0.0085	2019
2020-07-13	Manchester United	Southampton	Man United	Southampton	1.5033	1.8051	0.2591	0.3093	0.4316	2019
2020-07-14	Chelsea	Norwich	Chelsea	Norwich	3.0512	0.0631	0.971	0.0274	0.0016	2019
2020-07-15	Newcastle United	Tottenham	Newcastle	Tottenham	1.0575	1.7498	0.159	0.2568	0.5842	2019
2020-07-15	Manchester City	Bournemouth	Man City	Bournemouth	0.8276	1.6663	0.1546	0.2441	0.6013	2019
2020-07-15	Arsenal	Liverpool	Arsenal	Liverpool	1.3152	2.2233	0.1866	0.2257	0.5877	2019
2020-07-15	Burnley	Wolverhampton Wanderers	Burnley	Wolves	1.5344	1.2857	0.4308	0.3045	0.2647	2019
2020-07-16	Crystal Palace	Manchester United	Crystal Palace	Man United	0.5721	1.9045	0.0851	0.191	0.7239	2019
2020-07-16	Everton	Aston Villa	Everton	Aston Villa	0.9444	1.5202	0.1951	0.2819	0.523	2019
2020-07-16	Leicester	Sheffield United	Leicester	Sheffield United	3.0575	0.6602	0.9014	0.0746	0.024	2019
2020-07-16	Southampton	Brighton	Southampton	Brighton	2.3375	0.6726	0.7883	0.1493	0.0624	2019
2020-07-17	West Ham	Watford	West Ham	Watford	0.834	1.034	0.2662	0.3363	0.3975	2019
2020-07-18	Norwich	Burnley	Norwich	Burnley	0.5766	1.8233	0.0925	0.2089	0.6986	2019
2020-07-19	Bournemouth	Southampton	Bournemouth	Southampton	0.5831	2.2453	0.0504	0.1363	0.8133	2019
2020-07-19	Tottenham	Leicester	Tottenham	Leicester	0.7669	1.2008	0.227	0.3092	0.4638	2019
2020-07-20	Brighton	Newcastle United	Brighton	Newcastle	0.8559	0.9291	0.3094	0.3412	0.3494	2019
2020-07-20	Sheffield United	Everton	Sheffield United	Everton	0.4685	0.6248	0.2122	0.4242	0.3636	2019
2020-07-20	Wolverhampton Wanderers	Crystal Palace	Wolves	Crystal Palace	1.487	0.4401	0.7139	0.2176	0.0685	2019
2020-07-21	Aston Villa	Arsenal	Aston Villa	Arsenal	0.5741	0.7371	0.247	0.3967	0.3563	2019
2020-07-21	Watford	Manchester City	Watford	Man City	0.1319	3.7381	0.0002	0.0069	0.9929	2019
2020-07-22	Manchester United	West Ham	Man United	West Ham	0.9842	1.2901	0.2391	0.325	0.4359	2019
2020-07-22	Liverpool	Chelsea	Liverpool	Chelsea	1.4518	2.3821	0.1498	0.2219	0.6283	2019
2020-07-26	Newcastle United	Liverpool	Newcastle	Liverpool	0.3393	0.5682	0.1985	0.4726	0.3289	2019
2020-07-26	Manchester City	Norwich	Man City	Norwich	3.5675	0.7866	0.9055	0.0714	0.0231	2019
2020-07-26	Southampton	Sheffield United	Southampton	Sheffield United	1.6431	1.4105	0.4064	0.2985	0.2951	2019
2020-07-26	Leicester	Manchester United	Leicester	Man United	0.7547	1.4102	0.153	0.281	0.566	2019
2020-07-26	West Ham	Aston Villa	West Ham	Aston Villa	0.7815	0.9836	0.2721	0.3463	0.3816	2019
2020-07-26	Crystal Palace	Tottenham	Crystal Palace	Tottenham	0.9885	0.3103	0.5715	0.3333	0.0952	2019
2020-07-26	Chelsea	Wolverhampton Wanderers	Chelsea	Wolves	1.1594	0.1646	0.659	0.2977	0.0433	2019
2020-07-26	Burnley	Brighton	Burnley	Brighton	1.4424	1.3696	0.3839	0.2779	0.3382	2019
2020-07-26	Arsenal	Watford	Arsenal	Watford	1.9528	3.9197	0.0736	0.1256	0.8008	2019
2020-07-26	Everton	Bournemouth	Everton	Bournemouth	1.747	1.4646	0.4243	0.3157	0.26	2019
2020-09-12	Crystal Palace	Southampton	Crystal Palace	Southampton	1.3957	1.2627	0.3916	0.3022	0.3062	2020
2020-09-12	Fulham	Arsenal	Fulham	Arsenal	0.1263	2.1629	0.0037	0.0476	0.9487	2020
2020-09-12	Liverpool	Leeds	Liverpool	Leeds	3.1541	0.2698	0.9658	0.0296	0.0046	2020
2020-09-12	West Ham	Newcastle United	West Ham	Newcastle	0.8614	1.6591	0.1506	0.248	0.6014	2020
2020-09-13	West Bromwich Albion	Leicester	West Bromwich Albion	Leicester	0.353	2.9558	0.007	0.0358	0.9572	2020
2020-09-13	Tottenham	Everton	Tottenham	Everton	0.8229	1.2679	0.22	0.2977	0.4823	2020
2020-09-14	Brighton	Chelsea	Brighton	Chelsea	1.4428	1.2706	0.3871	0.3153	0.2976	2020
2020-09-14	Sheffield United	Wolverhampton Wanderers	Sheffield United	Wolves	0.9493	1.6131	0.1683	0.2906	0.5411	2020
2020-09-19	Arsenal	West Ham	Arsenal	West Ham	1.329	2.0638	0.1916	0.2407	0.5677	2020
2020-09-19	Everton	West Bromwich Albion	Everton	West Bromwich Albion	4.1625	0.3153	0.9973	0.0022	0.0005	2020
2020-09-19	Leeds	Fulham	Leeds	Fulham	1.4525	1.555	0.3157	0.3137	0.3706	2020
2020-09-19	Manchester United	Crystal Palace	Man United	Crystal Palace	1.0974	1.9146	0.1695	0.2378	0.5927	2020
2020-09-20	Southampton	Tottenham	Southampton	Tottenham	2.2771	2.28	0.3533	0.2765	0.3702	2020
2020-09-20	Newcastle United	Brighton	Newcastle	Brighton	0.5207	1.8766	0.0459	0.1757	0.7784	2020
2020-09-20	Chelsea	Liverpool	Chelsea	Liverpool	0.9042	2.2521	0.0572	0.195	0.7478	2020
2020-09-20	Leicester	Burnley	Leicester	Burnley	0.9874	1.524	0.2291	0.2639	0.507	2020
2020-09-21	Aston Villa	Sheffield United	Aston Villa	Sheffield United	0.8053	0.8497	0.2616	0.3753	0.3631	2020
2020-09-21	Wolverhampton Wanderers	Manchester City	Wolves	Man City	0.7277	2.0765	0.0838	0.1706	0.7456	2020
2020-09-26	Brighton	Manchester United	Brighton	Man United	2.9766	1.5758	0.7204	0.1779	0.1017	2020
2020-09-26	Burnley	Southampton	Burnley	Southampton	0.3471	0.7066	0.1508	0.4188	0.4304	2020
2020-09-26	Crystal Palace	Everton	Crystal Palace	Everton	0.4431	2.2719	0.0286	0.1089	0.8625	2020
2020-09-26	West Bromwich Albion	Chelsea	West Bromwich Albion	Chelsea	0.9112	2.3605	0.0777	0.1726	0.7497	2020
2020-09-27	Manchester City	Leicester	Man City	Leicester	1.4463	2.8672	0.0894	0.1492	0.7614	2020
2020-09-27	Sheffield United	Leeds	Sheffield United	Leeds	1.5328	1.4664	0.3921	0.2709	0.337	2020
2020-09-27	Tottenham	Newcastle United	Tottenham	Newcastle	3.1877	0.9427	0.886	0.0894	0.0246	2020
2020-09-27	West Ham	Wolverhampton Wanderers	West Ham	Wolves	3.057	0.3852	0.9395	0.0484	0.0121	2020
2020-09-28	Fulham	Aston Villa	Fulham	Aston Villa	0.5347	2.0322	0.0665	0.1687	0.7648	2020
2020-09-28	Liverpool	Arsenal	Liverpool	Arsenal	2.7383	1.1782	0.7546	0.1695	0.0759	2020
2020-10-03	Newcastle United	Burnley	Newcastle	Burnley	1.9563	0.4388	0.8267	0.1338	0.0395	2020
2020-10-03	Leeds	Manchester City	Leeds	Man City	2.5666	1.4153	0.6582	0.1825	0.1593	2020
2020-10-03	Chelsea	Crystal Palace	Chelsea	Crystal Palace	2.5143	0.1032	0.9641	0.034	0.0019	2020
2020-10-03	Everton	Brighton	Everton	Brighton	2.3403	1.1657	0.6864	0.2051	0.1085	2020
2020-10-04	Arsenal	Sheffield United	Arsenal	Sheffield United	0.6671	0.145	0.481	0.4495	0.0695	2020
2020-10-04	Aston Villa	Liverpool	Aston Villa	Liverpool	3.0763	1.657	0.6988	0.1605	0.1407	2020
2020-10-04	Leicester	West Ham	Leicester	West Ham	0.456	2.0323	0.0488	0.163	0.7882	2020
2020-10-04	Manchester United	Tottenham	Man United	Tottenham	0.8734	3.3017	0.0166	0.0804	0.903	2020
2020-10-04	Southampton	West Bromwich Albion	Southampton	West Bromwich Albion	0.9491	0.1613	0.5842	0.3636	0.0522	2020
2020-10-04	Wolverhampton Wanderers	Fulham	Wolves	Fulham	0.8936	0.9694	0.2918	0.3533	0.3549	2020
2020-10-17	Chelsea	Southampton	Chelsea	Southampton	1.9871	1.4235	0.5201	0.2782	0.2017	2020
2020-10-17	Everton	Liverpool	Everton	Liverpool	1.36	2.4949	0.1599	0.1957	0.6444	2020
2020-10-17	Manchester City	Arsenal	Man City	Arsenal	1.4302	0.8383	0.5302	0.2829	0.1869	2020
2020-10-17	Newcastle United	Manchester United	Newcastle	Man United	0.8675	2.2173	0.0765	0.1952	0.7283	2020
2020-10-18	Tottenham	West Ham	Tottenham	West Ham	1.776	1.4999	0.4284	0.2958	0.2758	2020
2020-10-18	Crystal Palace	Brighton	Crystal Palace	Brighton	0.7612	1.0935	0.2443	0.3704	0.3853	2020
2020-10-18	Leicester	Aston Villa	Leicester	Aston Villa	0.6716	0.8738	0.2525	0.3567	0.3908	2020
2020-10-18	Sheffield United	Fulham	Sheffield United	Fulham	1.6636	1.3561	0.4387	0.3183	0.243	2020
2020-10-19	West Bromwich Albion	Burnley	West Bromwich Albion	Burnley	0.7317	1.0853	0.2211	0.3288	0.4501	2020
2020-10-19	Leeds	Wolverhampton Wanderers	Leeds	Wolves	1.0833	0.6182	0.4733	0.3334	0.1933	2020
2020-10-23	Aston Villa	Leeds	Aston Villa	Leeds	1.5012	2.3769	0.2041	0.2113	0.5846	2020
2020-10-24	Fulham	Crystal Palace	Fulham	Crystal Palace	1.0526	2.8105	0.0666	0.1314	0.802	2020
2020-10-24	Liverpool	Sheffield United	Liverpool	Sheffield United	2.4029	1.3979	0.6498	0.2161	0.1341	2020
2020-10-24	Manchester United	Chelsea	Man United	Chelsea	0.6484	0.2199	0.4197	0.4747	0.1056	2020
2020-10-24	West Ham	Manchester City	West Ham	Man City	0.2637	0.8925	0.0966	0.3869	0.5165	2020
2020-10-25	Arsenal	Leicester	Arsenal	Leicester	0.7394	0.7362	0.2978	0.379	0.3232	2020
2020-10-25	Southampton	Everton	Southampton	Everton	0.7415	0.2871	0.4409	0.4299	0.1292	2020
2020-10-25	Wolverhampton Wanderers	Newcastle United	Wolves	Newcastle	0.7586	0.2537	0.4507	0.4333	0.116	2020
2020-10-26	Brighton	West Bromwich Albion	Brighton	West Bromwich Albion	0.5468	0.2957	0.366	0.4803	0.1537	2020
2020-10-26	Burnley	Tottenham	Burnley	Tottenham	0.9505	0.7973	0.3729	0.3409	0.2862	2020
2020-10-30	Wolverhampton Wanderers	Crystal Palace	Wolves	Crystal Palace	1.349	0.8028	0.509	0.293	0.198	2020
2020-10-31	Liverpool	West Ham	Liverpool	West Ham	1.563	0.269	0.7962	0.171	0.0328	2020
2020-10-31	Sheffield United	Manchester City	Sheffield United	Man City	0.6875	1.8964	0.0699	0.2127	0.7174	2020
2020-10-31	Burnley	Chelsea	Burnley	Chelsea	0.4073	1.2308	0.1035	0.2914	0.6051	2020
2020-11-01	Tottenham	Brighton	Tottenham	Brighton	1.9724	0.3245	0.8592	0.1151	0.0257	2020
2020-11-01	Newcastle United	Everton	Newcastle	Everton	2.6311	1.2181	0.7653	0.1563	0.0784	2020
2020-11-01	Manchester United	Arsenal	Man United	Arsenal	0.3941	0.9981	0.1004	0.3182	0.5814	2020
2020-11-01	Aston Villa	Southampton	Aston Villa	Southampton	2.4486	1.0033	0.7378	0.172	0.0902	2020
2020-11-02	Fulham	West Bromwich Albion	Fulham	West Bromwich Albion	1.6225	0.4827	0.7108	0.2057	0.0835	2020
2020-11-02	Leeds	Leicester	Leeds	Leicester	1.7482	3.0766	0.1116	0.1818	0.7066	2020
2020-11-06	Brighton	Burnley	Brighton	Burnley	1.5902	0.3269	0.7227	0.2148	0.0625	2020
2020-11-06	Southampton	Newcastle United	Southampton	Newcastle	0.9858	0.1756	0.5809	0.3577	0.0614	2020
2020-11-07	Chelsea	Sheffield United	Chelsea	Sheffield United	2.8762	0.744	0.8726	0.0989	0.0285	2020
2020-11-07	Crystal Palace	Leeds	Crystal Palace	Leeds	1.3017	0.8479	0.4854	0.292	0.2226	2020
2020-11-07	Everton	Manchester United	Everton	Man United	0.3765	1.5964	0.069	0.2068	0.7242	2020
2020-11-07	West Ham	Fulham	West Ham	Fulham	1.4261	1.8492	0.2509	0.2638	0.4853	2020
2020-11-08	Arsenal	Aston Villa	Arsenal	Aston Villa	1.3904	1.9855	0.2332	0.2465	0.5203	2020
2020-11-08	Leicester	Wolverhampton Wanderers	Leicester	Wolves	2.0545	0.5794	0.8134	0.144	0.0426	2020
2020-11-08	Manchester City	Liverpool	Man City	Liverpool	1.5849	1.1879	0.4692	0.3291	0.2017	2020
2020-11-08	West Bromwich Albion	Tottenham	West Bromwich Albion	Tottenham	0.7994	1.8706	0.1207	0.2169	0.6624	2020
2020-11-21	Newcastle United	Chelsea	Newcastle	Chelsea	0.3683	1.8192	0.0513	0.1759	0.7728	2020
2020-11-21	Tottenham	Manchester City	Tottenham	Man City	0.7611	1.6632	0.1445	0.2444	0.6111	2020
2020-11-21	Aston Villa	Brighton	Aston Villa	Brighton	1.7651	1.5004	0.4473	0.2738	0.2789	2020
2020-11-21	Manchester United	West Bromwich Albion	Man United	West Bromwich Albion	2.4299	0.4386	0.8842	0.0918	0.024	2020
2020-11-22	Fulham	Everton	Fulham	Everton	1.8703	2.2508	0.2729	0.2637	0.4634	2020
2020-11-22	Leeds	Arsenal	Leeds	Arsenal	1.9617	0.7108	0.6937	0.2006	0.1057	2020
2020-11-22	Liverpool	Leicester	Liverpool	Leicester	3.7725	1.984	0.7591	0.1383	0.1026	2020
2020-11-22	Sheffield United	West Ham	Sheffield United	West Ham	0.6924	2.1142	0.0757	0.1728	0.7515	2020
2020-11-23	Burnley	Crystal Palace	Burnley	Crystal Palace	1.7534	1.2833	0.4942	0.2612	0.2446	2020
2020-11-23	Wolverhampton Wanderers	Southampton	Wolves	Southampton	1.5748	1.0785	0.4908	0.2832	0.226	2020
2020-11-27	Crystal Palace	Newcastle United	Crystal Palace	Newcastle	0.5349	1.2793	0.1382	0.2907	0.5711	2020
2020-11-28	West Bromwich Albion	Sheffield United	West Bromwich Albion	Sheffield United	1.7164	3.3654	0.112	0.1416	0.7464	2020
2020-11-28	Manchester City	Burnley	Man City	Burnley	2.2613	0.4199	0.8292	0.1283	0.0425	2020
2020-11-28	Brighton	Liverpool	Brighton	Liverpool	2.3072	0.2811	0.9205	0.0683	0.0112	2020
2020-11-28	Everton	Leeds	Everton	Leeds	1.2923	3.1132	0.077	0.1377	0.7853	2020
2020-11-29	Arsenal	Wolverhampton Wanderers	Arsenal	Wolves	1.1185	2.0069	0.1526	0.2366	0.6108	2020
2020-11-29	Chelsea	Tottenham	Chelsea	Tottenham	0.9748	0.2269	0.5514	0.3637	0.0849	2020
2020-11-29	Southampton	Manchester United	Southampton	Man United	0.4988	2.4755	0.0381	0.1118	0.8501	2020
2020-11-30	Leicester	Fulham	Leicester	Fulham	1.2781	2.0372	0.1823	0.2401	0.5776	2020
2020-11-30	West Ham	Aston Villa	West Ham	Aston Villa	0.5716	2.3905	0.0322	0.1121	0.8557	2020
2020-12-05	Manchester City	Fulham	Man City	Fulham	3.2633	0.2874	0.9658	0.0301	0.0041	2020
2020-12-05	West Ham	Manchester United	West Ham	Man United	2.5301	1.7871	0.5546	0.2197	0.2257	2020
2020-12-05	Chelsea	Leeds	Chelsea	Leeds	4.8947	1.0277	0.9757	0.0189	0.0054	2020
2020-12-05	Burnley	Everton	Burnley	Everton	0.7304	2.2814	0.0537	0.144	0.8023	2020
2020-12-06	Liverpool	Wolverhampton Wanderers	Liverpool	Wolves	1.5945	0.3578	0.7432	0.1988	0.058	2020
2020-12-06	Sheffield United	Leicester	Sheffield United	Leicester	0.2907	1.3904	0.0609	0.2424	0.6967	2020
2020-12-06	Tottenham	Arsenal	Tottenham	Arsenal	0.3906	0.5952	0.1973	0.4601	0.3426	2020
2020-12-06	West Bromwich Albion	Crystal Palace	West Bromwich Albion	Crystal Palace	0.5672	1.6866	0.1028	0.2216	0.6756	2020
2020-12-07	Brighton	Southampton	Brighton	Southampton	2.0338	1.348	0.5465	0.2771	0.1764	2020
2020-12-11	Leeds	West Ham	Leeds	West Ham	1.5664	1.7851	0.3202	0.2674	0.4124	2020
2020-12-12	Everton	Chelsea	Everton	Chelsea	1.2216	1.0063	0.4004	0.3507	0.2489	2020
2020-12-12	Manchester United	Manchester City	Man United	Man City	0.5916	1.2843	0.1496	0.2848	0.5656	2020
2020-12-12	Newcastle United	West Bromwich Albion	Newcastle	West Bromwich Albion	0.9042	0.5732	0.4254	0.3604	0.2142	2020
2020-12-12	Wolverhampton Wanderers	Aston Villa	Wolves	Aston Villa	1.1356	1.2687	0.288	0.3207	0.3913	2020
2020-12-13	Southampton	Sheffield United	Southampton	Sheffield United	2.2797	0.2191	0.8969	0.089	0.0141	2020
2020-12-13	Leicester	Brighton	Leicester	Brighton	1.6435	0.7917	0.6082	0.2453	0.1465	2020
2020-12-13	Fulham	Liverpool	Fulham	Liverpool	1.7251	1.8244	0.3366	0.2847	0.3787	2020
2020-12-13	Crystal Palace	Tottenham	Crystal Palace	Tottenham	1.8444	1.4079	0.4846	0.2605	0.2549	2020
2020-12-13	Arsenal	Burnley	Arsenal	Burnley	1.8536	0.8154	0.6447	0.2211	0.1342	2020
2020-12-15	Manchester City	West Bromwich Albion	Man City	West Bromwich Albion	2.5859	0.2102	0.9138	0.0742	0.012	2020
2020-12-15	Wolverhampton Wanderers	Chelsea	Wolves	Chelsea	0.6838	1.5677	0.1287	0.2507	0.6206	2020
2020-12-16	Arsenal	Southampton	Arsenal	Southampton	0.6611	1.113	0.1907	0.3312	0.4781	2020
2020-12-16	Fulham	Brighton	Fulham	Brighton	1.0045	0.4625	0.5269	0.337	0.1361	2020
2020-12-16	Leeds	Newcastle United	Leeds	Newcastle	2.9514	1.4444	0.7302	0.1724	0.0974	2020
2020-12-16	Leicester	Everton	Leicester	Everton	0.8388	1.5149	0.1305	0.2971	0.5724	2020
2020-12-16	Liverpool	Tottenham	Liverpool	Tottenham	1.2178	1.5161	0.2781	0.2611	0.4608	2020
2020-12-16	West Ham	Crystal Palace	West Ham	Crystal Palace	0.4495	1.0911	0.1279	0.3153	0.5568	2020
2020-12-17	Aston Villa	Burnley	Aston Villa	Burnley	1.8114	0.3167	0.7678	0.1799	0.0523	2020
2020-12-17	Sheffield United	Manchester United	Sheffield United	Man United	1.2352	1.7867	0.2175	0.2633	0.5192	2020
2020-12-19	Newcastle United	Fulham	Newcastle	Fulham	1.2672	1.1064	0.4058	0.3137	0.2805	2020
2020-12-19	Southampton	Manchester City	Southampton	Man City	0.587	1.156	0.161	0.3106	0.5284	2020
2020-12-19	Crystal Palace	Liverpool	Crystal Palace	Liverpool	0.4893	2.869	0.0192	0.074	0.9068	2020
2020-12-19	Everton	Arsenal	Everton	Arsenal	0.6617	1.2521	0.1508	0.2951	0.5541	2020
2020-12-20	Manchester United	Leeds	Man United	Leeds	4.7774	1.6347	0.9111	0.0538	0.0351	2020
2020-12-20	Tottenham	Leicester	Tottenham	Leicester	0.9459	1.7477	0.1388	0.2862	0.575	2020
2020-12-20	Brighton	Sheffield United	Brighton	Sheffield United	2.901	1.0371	0.8142	0.1309	0.0549	2020
2020-12-20	West Bromwich Albion	Aston Villa	West Bromwich Albion	Aston Villa	0.0388	2.6196	0.0007	0.023	0.9763	2020
2020-12-21	Chelsea	West Ham	Chelsea	West Ham	2.4116	0.2777	0.9248	0.0652	0.01	2020
2020-12-21	Burnley	Wolverhampton Wanderers	Burnley	Wolves	1.2046	1.4572	0.2779	0.2962	0.4259	2020
2020-12-26	Arsenal	Chelsea	Arsenal	Chelsea	1.9448	2.2541	0.2853	0.2648	0.4499	2020
2020-12-26	Aston Villa	Crystal Palace	Aston Villa	Crystal Palace	4.5821	0.8491	0.9765	0.0188	0.0047	2020
2020-12-26	Fulham	Southampton	Fulham	Southampton	0.7819	0.1197	0.5283	0.4211	0.0506	2020
2020-12-26	Leicester	Manchester United	Leicester	Man United	1.0396	2.0842	0.1358	0.217	0.6472	2020
2020-12-26	Manchester City	Newcastle United	Man City	Newcastle	3.1957	0.201	0.9721	0.0238	0.0041	2020
2020-12-26	Sheffield United	Everton	Sheffield United	Everton	1.2511	0.5688	0.5874	0.2991	0.1135	2020
2020-12-27	Leeds	Burnley	Leeds	Burnley	2.1327	1.5459	0.5321	0.2575	0.2104	2020
2020-12-27	Liverpool	West Bromwich Albion	Liverpool	West Bromwich Albion	1.4548	0.7398	0.5437	0.2912	0.1651	2020
2020-12-27	West Ham	Brighton	West Ham	Brighton	1.3888	1.5055	0.3232	0.2901	0.3867	2020
2020-12-27	Wolverhampton Wanderers	Tottenham	Wolves	Tottenham	0.7426	0.4081	0.4091	0.4096	0.1813	2020
2020-12-28	Chelsea	Aston Villa	Chelsea	Aston Villa	1.537	0.7309	0.6007	0.2712	0.1281	2020
2020-12-28	Crystal Palace	Leicester	Crystal Palace	Leicester	0.3213	1.7213	0.0389	0.1668	0.7943	2020
2020-12-29	Southampton	West Ham	Southampton	West Ham	0.671	1.0725	0.1937	0.3418	0.4645	2020
2020-12-29	Manchester United	Wolverhampton Wanderers	Man United	Wolves	1.4821	0.411	0.7471	0.1978	0.0551	2020
2020-12-29	West Bromwich Albion	Leeds	West Bromwich Albion	Leeds	0.4355	1.5422	0.0736	0.2468	0.6796	2020
2020-12-29	Brighton	Arsenal	Brighton	Arsenal	0.7994	1.3139	0.1948	0.2845	0.5207	2020
2020-12-29	Burnley	Sheffield United	Burnley	Sheffield United	0.9738	0.4926	0.5046	0.3332	0.1622	2020
2020-12-30	Newcastle United	Liverpool	Newcastle	Liverpool	0.8179	1.3205	0.2097	0.2881	0.5022	2020
2021-01-01	Everton	West Ham	Everton	West Ham	0.371	1.1971	0.0929	0.2811	0.626	2020
2021-01-01	Manchester United	Aston Villa	Man United	Aston Villa	2.4647	1.5643	0.5885	0.2225	0.189	2020
2021-01-02	Brighton	Wolverhampton Wanderers	Brighton	Wolves	2.4228	1.8186	0.5295	0.2673	0.2032	2020
2021-01-02	Crystal Palace	Sheffield United	Crystal Palace	Sheffield United	0.5989	0.3232	0.3625	0.4722	0.1653	2020
2021-01-02	Tottenham	Leeds	Tottenham	Leeds	2.5286	1.1563	0.7069	0.1737	0.1194	2020
2021-01-02	West Bromwich Albion	Arsenal	West Bromwich Albion	Arsenal	0.8699	4.0343	0.0061	0.033	0.9609	2020
2021-01-03	Newcastle United	Leicester	Newcastle	Leicester	0.2646	0.7021	0.12	0.433	0.447	2020
2021-01-03	Chelsea	Manchester City	Chelsea	Man City	0.691	3.1806	0.0236	0.0772	0.8992	2020
2021-01-04	Southampton	Liverpool	Southampton	Liverpool	0.5004	1.372	0.1159	0.2744	0.6097	2020
2021-01-12	Burnley	Manchester United	Burnley	Man United	0.6486	1.24	0.1875	0.3023	0.5102	2020
2021-01-12	Sheffield United	Newcastle United	Sheffield United	Newcastle	2.0131	1.0474	0.6246	0.2342	0.1412	2020
2021-01-12	Wolverhampton Wanderers	Everton	Wolves	Everton	0.8525	0.3234	0.4722	0.3951	0.1327	2020
2021-01-13	Manchester City	Brighton	Man City	Brighton	2.9085	0.1771	0.9559	0.0392	0.0049	2020
2021-01-13	Tottenham	Fulham	Tottenham	Fulham	3.1437	1.0533	0.8342	0.1077	0.0581	2020
2021-01-14	Arsenal	Crystal Palace	Arsenal	Crystal Palace	0.3686	0.7096	0.1608	0.4365	0.4027	2020
2021-01-16	Wolverhampton Wanderers	West Bromwich Albion	Wolves	West Bromwich Albion	1.9436	2.4633	0.244	0.2365	0.5195	2020
2021-01-16	West Ham	Burnley	West Ham	Burnley	1.734	0.3957	0.7582	0.1885	0.0533	2020
2021-01-16	Leeds	Brighton	Leeds	Brighton	0.2452	1.1442	0.0547	0.2547	0.6906	2020
2021-01-16	Fulham	Chelsea	Fulham	Chelsea	0.4613	1.3794	0.1163	0.2684	0.6153	2020
2021-01-16	Leicester	Southampton	Leicester	Southampton	2.1202	0.3781	0.8242	0.1382	0.0376	2020
2021-01-17	Liverpool	Manchester United	Liverpool	Man United	1.2021	1.1893	0.3456	0.308	0.3464	2020
2021-01-17	Manchester City	Crystal Palace	Man City	Crystal Palace	0.9611	0.0516	0.6417	0.3394	0.0189	2020
2021-01-17	Sheffield United	Tottenham	Sheffield United	Tottenham	0.9781	1.2838	0.2638	0.2989	0.4373	2020
2021-01-18	Arsenal	Newcastle United	Arsenal	Newcastle	2.3074	0.1688	0.9022	0.0861	0.0117	2020
2021-01-19	Leicester	Chelsea	Leicester	Chelsea	1.1449	0.6157	0.514	0.3091	0.1769	2020
2021-01-19	West Ham	West Bromwich Albion	West Ham	West Bromwich Albion	2.1751	0.4641	0.843	0.1265	0.0305	2020
2021-01-20	Fulham	Manchester United	Fulham	Man United	0.7537	1.684	0.1286	0.2406	0.6308	2020
2021-01-20	Manchester City	Aston Villa	Man City	Aston Villa	3.3439	0.6018	0.933	0.0513	0.0157	2020
2021-01-21	Liverpool	Burnley	Liverpool	Burnley	1.6491	1.0806	0.4994	0.2767	0.2239	2020
2021-01-23	Aston Villa	Newcastle United	Aston Villa	Newcastle	2.6026	0.4004	0.908	0.0743	0.0177	2020
2021-01-26	Southampton	Arsenal	Southampton	Arsenal	0.995	2.4339	0.0733	0.1715	0.7552	2020
2021-01-26	West Bromwich Albion	Manchester City	West Bromwich Albion	Man City	0.5683	2.2484	0.0239	0.1323	0.8438	2020
2021-01-26	Crystal Palace	West Ham	Crystal Palace	West Ham	0.629	3.3032	0.0139	0.0546	0.9315	2020
2021-01-26	Newcastle United	Leeds	Newcastle	Leeds	1.1364	0.7859	0.4368	0.3274	0.2358	2020
2021-01-27	Manchester United	Sheffield United	Man United	Sheffield United	0.9931	0.6895	0.4096	0.3432	0.2472	2020
2021-01-27	Everton	Leicester	Everton	Leicester	0.475	0.792	0.2061	0.3883	0.4056	2020
2021-01-27	Brighton	Fulham	Brighton	Fulham	2.2913	0.5132	0.8321	0.1258	0.0421	2020
2021-01-27	Burnley	Aston Villa	Burnley	Aston Villa	0.7177	2.7072	0.0368	0.112	0.8512	2020
2021-01-27	Chelsea	Wolverhampton Wanderers	Chelsea	Wolves	0.6633	0.6319	0.2961	0.395	0.3089	2020
2021-01-28	Tottenham	Liverpool	Tottenham	Liverpool	0.1046	2.588	0.001	0.0234	0.9756	2020
2021-01-30	Arsenal	Manchester United	Arsenal	Man United	0.7472	1.5133	0.1496	0.2491	0.6013	2020
2021-01-30	Crystal Palace	Wolverhampton Wanderers	Crystal Palace	Wolves	1.3688	0.4509	0.6637	0.252	0.0843	2020
2021-01-30	Everton	Newcastle United	Everton	Newcastle	0.966	2.0883	0.1367	0.2001	0.6632	2020
2021-01-30	Manchester City	Sheffield United	Man City	Sheffield United	1.5312	0.1545	0.8331	0.1503	0.0166	2020
2021-01-30	Southampton	Aston Villa	Southampton	Aston Villa	2.2256	0.7955	0.745	0.1783	0.0767	2020
2021-01-30	West Bromwich Albion	Fulham	West Bromwich Albion	Fulham	0.9947	1.5204	0.2182	0.2867	0.4951	2020
2021-01-31	Leicester	Leeds	Leicester	Leeds	1.7343	1.8141	0.3472	0.2628	0.39	2020
2021-01-31	Brighton	Tottenham	Brighton	Tottenham	1.7739	0.3725	0.7747	0.1711	0.0542	2020
2021-01-31	Chelsea	Burnley	Chelsea	Burnley	1.4405	0.3907	0.6509	0.2679	0.0812	2020
2021-01-31	West Ham	Liverpool	West Ham	Liverpool	0.8831	2.0581	0.0975	0.2051	0.6974	2020
2021-02-02	Wolverhampton Wanderers	Arsenal	Wolves	Arsenal	1.5616	0.7163	0.6219	0.2553	0.1228	2020
2021-02-02	Newcastle United	Crystal Palace	Newcastle	Crystal Palace	1.9076	0.8093	0.6511	0.2222	0.1267	2020
2021-02-02	Manchester United	Southampton	Man United	Southampton	5.0325	0.5079	0.9916	0.0075	0.0009	2020
2021-02-02	Sheffield United	West Bromwich Albion	Sheffield United	West Bromwich Albion	1.358	1.6187	0.2481	0.3174	0.4345	2020
2021-02-03	Aston Villa	West Ham	Aston Villa	West Ham	0.7412	1.7906	0.1371	0.2225	0.6404	2020
2021-02-03	Burnley	Manchester City	Burnley	Man City	0.0489	2.1215	0.002	0.0706	0.9274	2020
2021-02-03	Fulham	Leicester	Fulham	Leicester	0.7313	1.713	0.0773	0.2402	0.6825	2020
2021-02-03	Leeds	Everton	Leeds	Everton	1.143	1.9154	0.1702	0.2423	0.5875	2020
2021-02-03	Liverpool	Brighton	Liverpool	Brighton	1.0952	1.1898	0.3094	0.3128	0.3778	2020
2021-02-04	Tottenham	Chelsea	Tottenham	Chelsea	0.5694	2.393	0.0393	0.1251	0.8356	2020
2021-02-06	Aston Villa	Arsenal	Aston Villa	Arsenal	1.1979	0.6796	0.4986	0.3021	0.1993	2020
2021-02-06	Burnley	Brighton	Burnley	Brighton	1.8893	0.6127	0.728	0.1852	0.0868	2020
2021-02-06	Fulham	West Ham	Fulham	West Ham	1.6088	0.9435	0.5319	0.2729	0.1952	2020
2021-02-06	Manchester United	Everton	Man United	Everton	1.7177	1.5571	0.4001	0.2778	0.3221	2020
2021-02-06	Newcastle United	Southampton	Newcastle	Southampton	0.9106	1.4345	0.2193	0.2865	0.4942	2020
2021-02-07	Tottenham	West Bromwich Albion	Tottenham	West Bromwich Albion	1.93	0.6987	0.7001	0.2046	0.0953	2020
2021-02-07	Wolverhampton Wanderers	Leicester	Wolves	Leicester	1.3551	0.6322	0.5741	0.2754	0.1505	2020
2021-02-07	Liverpool	Manchester City	Liverpool	Man City	1.1773	3.552	0.0077	0.0419	0.9504	2020
2021-02-07	Sheffield United	Chelsea	Sheffield United	Chelsea	0.623	1.6414	0.0869	0.2349	0.6782	2020
2021-02-08	Leeds	Crystal Palace	Leeds	Crystal Palace	2.6477	0.3703	0.9029	0.0772	0.0199	2020
2021-02-13	Brighton	Aston Villa	Brighton	Aston Villa	2.3323	0.144	0.9125	0.0777	0.0098	2020
2021-02-13	Crystal Palace	Burnley	Crystal Palace	Burnley	0.6456	1.955	0.0914	0.1803	0.7283	2020
2021-02-13	Leicester	Liverpool	Leicester	Liverpool	2.0738	1.6832	0.4663	0.2664	0.2673	2020
2021-02-13	Manchester City	Tottenham	Man City	Tottenham	2.4622	0.4235	0.8805	0.0952	0.0243	2020
2021-02-14	West Bromwich Albion	Manchester United	West Bromwich Albion	Man United	0.946	0.4239	0.5013	0.3551	0.1436	2020
2021-02-14	Southampton	Wolverhampton Wanderers	Southampton	Wolves	0.8536	1.0936	0.2361	0.3448	0.4191	2020
2021-02-14	Everton	Fulham	Everton	Fulham	0.3141	2.5509	0.0068	0.0481	0.9451	2020
2021-02-14	Arsenal	Leeds	Arsenal	Leeds	2.5061	0.7707	0.8375	0.123	0.0395	2020
2021-02-15	Chelsea	Newcastle United	Chelsea	Newcastle	2.5428	0.4326	0.8826	0.0951	0.0223	2020
2021-02-15	West Ham	Sheffield United	West Ham	Sheffield United	2.3274	0.9267	0.7379	0.1827	0.0794	2020
2021-02-17	Burnley	Fulham	Burnley	Fulham	1.2064	0.5945	0.5452	0.2995	0.1553	2020
2021-02-17	Everton	Manchester City	Everton	Man City	1.0466	1.2322	0.2781	0.3846	0.3373	2020
2021-02-19	Wolverhampton Wanderers	Leeds	Wolves	Leeds	0.592	2.4793	0.0445	0.1246	0.8309	2020
2021-02-20	Southampton	Chelsea	Southampton	Chelsea	0.4966	1.4485	0.0713	0.2519	0.6768	2020
2021-02-20	Liverpool	Everton	Liverpool	Everton	1.5405	2.0147	0.2479	0.2577	0.4944	2020
2021-02-20	Burnley	West Bromwich Albion	Burnley	West Bromwich Albion	0.5352	1.7192	0.0492	0.1886	0.7622	2020
2021-02-20	Fulham	Sheffield United	Fulham	Sheffield United	1.2101	0.9777	0.401	0.3167	0.2823	2020
2021-02-21	Arsenal	Manchester City	Arsenal	Man City	0.3312	2.0887	0.0335	0.1341	0.8324	2020
2021-02-21	Aston Villa	Leicester	Aston Villa	Leicester	1.7084	1.2385	0.4989	0.2797	0.2214	2020
2021-02-21	Manchester United	Newcastle United	Man United	Newcastle	1.7256	0.3418	0.7921	0.1648	0.0431	2020
2021-02-21	West Ham	Tottenham	West Ham	Tottenham	1.0925	0.7707	0.4855	0.3432	0.1713	2020
2021-02-22	Brighton	Crystal Palace	Brighton	Crystal Palace	2.592	0.1799	0.9263	0.0656	0.0081	2020
2021-02-23	Leeds	Southampton	Leeds	Southampton	1.8475	1.4798	0.452	0.2588	0.2892	2020
2021-02-27	Leeds	Aston Villa	Leeds	Aston Villa	1.0011	0.8763	0.3618	0.3531	0.2851	2020
2021-02-27	Manchester City	West Ham	Man City	West Ham	0.7606	1.9289	0.0637	0.1992	0.7371	2020
2021-02-27	Newcastle United	Wolverhampton Wanderers	Newcastle	Wolves	1.9519	1.2783	0.539	0.2409	0.2201	2020
2021-02-27	West Bromwich Albion	Brighton	West Bromwich Albion	Brighton	0.6871	3.1211	0.0135	0.0646	0.9219	2020
2021-02-28	Tottenham	Burnley	Tottenham	Burnley	2.3579	0.6032	0.8138	0.1319	0.0543	2020
2021-02-28	Sheffield United	Liverpool	Sheffield United	Liverpool	0.7771	2.8055	0.0461	0.1081	0.8458	2020
2021-02-28	Leicester	Arsenal	Leicester	Arsenal	0.5336	2.1065	0.0266	0.1097	0.8637	2020
2021-02-28	Crystal Palace	Fulham	Crystal Palace	Fulham	0.088	0.8131	0.0365	0.4295	0.534	2020
2021-02-28	Chelsea	Manchester United	Chelsea	Man United	1.1729	0.3595	0.621	0.2899	0.0891	2020
2021-03-01	Everton	Southampton	Everton	Southampton	1.4205	0.6657	0.5895	0.2921	0.1184	2020
2021-03-02	Manchester City	Wolverhampton Wanderers	Man City	Wolves	3.262	0.3188	0.9559	0.0369	0.0072	2020
2021-03-03	Burnley	Leicester	Burnley	Leicester	1.2679	1.2411	0.365	0.297	0.338	2020
2021-03-03	Crystal Palace	Manchester United	Crystal Palace	Man United	0.7424	0.584	0.3773	0.3779	0.2448	2020
2021-03-03	Sheffield United	Aston Villa	Sheffield United	Aston Villa	0.7163	1.4418	0.157	0.283	0.56	2020
2021-03-04	Fulham	Tottenham	Fulham	Tottenham	1.1715	1.5519	0.2445	0.2814	0.4741	2020
2021-03-04	Liverpool	Chelsea	Liverpool	Chelsea	0.247	1.2264	0.0629	0.271	0.6661	2020
2021-03-04	West Bromwich Albion	Everton	West Bromwich Albion	Everton	1.0204	1.4079	0.2458	0.2813	0.4729	2020
2021-03-06	Aston Villa	Wolverhampton Wanderers	Aston Villa	Wolves	0.9564	2.1509	0.0783	0.1901	0.7316	2020
2021-03-06	Brighton	Leicester	Brighton	Leicester	0.7547	1.038	0.2386	0.3338	0.4276	2020
2021-03-06	Burnley	Arsenal	Burnley	Arsenal	1.1037	2.5369	0.1026	0.1738	0.7236	2020
2021-03-06	Sheffield United	Southampton	Sheffield United	Southampton	0.9082	2.3739	0.0726	0.1717	0.7557	2020
2021-03-07	Manchester City	Manchester United	Man City	Man United	1.2756	2.1141	0.1821	0.2071	0.6108	2020
2021-03-07	Tottenham	Crystal Palace	Tottenham	Crystal Palace	2.2416	0.5594	0.8314	0.1326	0.036	2020
2021-03-07	Liverpool	Fulham	Liverpool	Fulham	0.7018	1.3705	0.1574	0.2768	0.5658	2020
2021-03-07	West Bromwich Albion	Newcastle United	West Bromwich Albion	Newcastle	1.465	0.4546	0.6665	0.2392	0.0943	2020
2021-03-08	West Ham	Leeds	West Ham	Leeds	2.3756	1.3497	0.6568	0.2033	0.1399	2020
2021-03-08	Chelsea	Everton	Chelsea	Everton	2.5722	0.2708	0.9309	0.0583	0.0108	2020
2021-03-10	Manchester City	Southampton	Man City	Southampton	3.105	1.6056	0.7399	0.1695	0.0906	2020
2021-03-12	Newcastle United	Aston Villa	Newcastle	Aston Villa	0.8732	0.7487	0.3578	0.3501	0.2921	2020
2021-03-13	Leeds	Chelsea	Leeds	Chelsea	0.383	0.9711	0.1358	0.3647	0.4995	2020
2021-03-13	Fulham	Manchester City	Fulham	Man City	0.4495	2.7258	0.0073	0.0514	0.9413	2020
2021-03-13	Everton	Burnley	Everton	Burnley	1.6985	0.7485	0.6458	0.2217	0.1325	2020
2021-03-13	Crystal Palace	West Bromwich Albion	Crystal Palace	West Bromwich Albion	1.3069	0.5134	0.6416	0.2594	0.099	2020
2021-03-14	Arsenal	Tottenham	Arsenal	Tottenham	1.5653	0.7056	0.6294	0.2781	0.0925	2020
2021-03-14	Leicester	Sheffield United	Leicester	Sheffield United	4.5457	0.0935	0.9969	0.0028	0.0003	2020
2021-03-14	Manchester United	West Ham	Man United	West Ham	1.7013	0.4637	0.7121	0.2097	0.0782	2020
2021-03-14	Southampton	Brighton	Southampton	Brighton	1.035	0.896	0.3796	0.3355	0.2849	2020
2021-03-15	Wolverhampton Wanderers	Liverpool	Wolves	Liverpool	1.2917	1.0552	0.4272	0.2998	0.273	2020
2021-03-19	Fulham	Leeds	Fulham	Leeds	1.475	1.4071	0.3806	0.2745	0.3449	2020
2021-03-20	Brighton	Newcastle United	Brighton	Newcastle	0.9519	0.1009	0.6071	0.3553	0.0376	2020
2021-03-21	Aston Villa	Tottenham	Aston Villa	Tottenham	0.4397	1.7201	0.0436	0.1674	0.789	2020
2021-03-21	West Ham	Arsenal	West Ham	Arsenal	2.5063	1.3522	0.6805	0.1962	0.1233	2020
2021-04-03	Arsenal	Liverpool	Arsenal	Liverpool	0.1612	2.4373	0.0079	0.0691	0.923	2020
2021-04-03	Chelsea	West Bromwich Albion	Chelsea	West Bromwich Albion	2.5592	1.3832	0.6651	0.1824	0.1525	2020
2021-04-03	Leeds	Sheffield United	Leeds	Sheffield United	2.506	0.8677	0.7805	0.1599	0.0596	2020
2021-04-03	Leicester	Manchester City	Leicester	Man City	0.2848	1.9844	0.0283	0.1346	0.8371	2020
2021-04-04	Southampton	Burnley	Southampton	Burnley	2.4027	1.5029	0.6005	0.2275	0.172	2020
2021-04-04	Newcastle United	Tottenham	Newcastle	Tottenham	3.301	2.4368	0.597	0.225	0.178	2020
2021-04-04	Manchester United	Brighton	Man United	Brighton	1.7347	1.4107	0.4341	0.3034	0.2625	2020
2021-04-04	Aston Villa	Fulham	Aston Villa	Fulham	1.5223	1.5217	0.3485	0.2992	0.3523	2020
2021-04-05	Everton	Crystal Palace	Everton	Crystal Palace	2.5339	0.6037	0.8213	0.1246	0.0541	2020
2021-04-05	Wolverhampton Wanderers	West Ham	Wolves	West Ham	1.9565	1.5969	0.4676	0.2413	0.2911	2020
2021-04-09	Fulham	Wolverhampton Wanderers	Fulham	Wolves	0.7332	0.4281	0.4003	0.4043	0.1954	2020
2021-04-10	Crystal Palace	Chelsea	Crystal Palace	Chelsea	0.6022	3.8547	0.004	0.0373	0.9587	2020
2021-04-10	Liverpool	Aston Villa	Liverpool	Aston Villa	2.1459	0.7606	0.7214	0.1886	0.09	2020
2021-04-10	Manchester City	Leeds	Man City	Leeds	1.9883	0.1752	0.842	0.1385	0.0195	2020
2021-04-11	Burnley	Newcastle United	Burnley	Newcastle	1.8426	1.3428	0.4886	0.259	0.2524	2020
2021-04-11	Sheffield United	Arsenal	Sheffield United	Arsenal	0.3151	1.9384	0.032	0.1343	0.8337	2020
2021-04-11	Tottenham	Manchester United	Tottenham	Man United	0.9218	2.0974	0.0924	0.1919	0.7157	2020
2021-04-11	West Ham	Leicester	West Ham	Leicester	1.0241	1.1719	0.302	0.3279	0.3701	2020
2021-04-12	Brighton	Everton	Brighton	Everton	1.1646	0.3063	0.5916	0.3146	0.0938	2020
2021-04-12	West Bromwich Albion	Southampton	West Bromwich Albion	Southampton	2.7709	1.5002	0.6857	0.1872	0.1271	2020
2021-04-16	Everton	Tottenham	Everton	Tottenham	2.2602	1.4815	0.5766	0.2344	0.189	2020
2021-04-17	Newcastle United	West Ham	Newcastle	West Ham	2.4314	2.0674	0.4656	0.2547	0.2797	2020
2021-04-17	Wolverhampton Wanderers	Sheffield United	Wolves	Sheffield United	1.226	0.2959	0.682	0.2514	0.0666	2020
2021-04-18	Manchester United	Burnley	Man United	Burnley	2.8746	0.9598	0.8479	0.1129	0.0392	2020
2021-04-18	Arsenal	Fulham	Arsenal	Fulham	2.8557	0.8391	0.8755	0.1066	0.0179	2020
2021-04-19	Leeds	Liverpool	Leeds	Liverpool	2.5972	1.6004	0.6186	0.193	0.1884	2020
2021-04-20	Chelsea	Brighton	Chelsea	Brighton	0.8073	0.4596	0.4424	0.3754	0.1822	2020
2021-04-21	Aston Villa	Manchester City	Aston Villa	Man City	0.8017	1.5634	0.1609	0.2592	0.5799	2020
2021-04-21	Tottenham	Southampton	Tottenham	Southampton	1.2882	1.0613	0.3738	0.3948	0.2314	2020
2021-04-22	Leicester	West Bromwich Albion	Leicester	West Bromwich Albion	2.6712	0.2771	0.9217	0.0646	0.0137	2020
2021-04-23	Arsenal	Everton	Arsenal	Everton	0.7358	0.5297	0.3705	0.4035	0.226	2020
2021-04-24	West Ham	Chelsea	West Ham	Chelsea	0.2671	2.5206	0.0114	0.0683	0.9203	2020
2021-04-24	Sheffield United	Brighton	Sheffield United	Brighton	0.7863	2.0604	0.0692	0.1939	0.7369	2020
2021-04-24	Liverpool	Newcastle United	Liverpool	Newcastle	2.8471	0.8607	0.8163	0.1263	0.0574	2020
2021-04-25	Aston Villa	West Bromwich Albion	Aston Villa	West Bromwich Albion	2.6539	1.5676	0.6499	0.209	0.1411	2020
2021-04-25	Leeds	Manchester United	Leeds	Man United	0.2168	1.1163	0.0668	0.3229	0.6103	2020
2021-04-25	Wolverhampton Wanderers	Burnley	Wolves	Burnley	0.3517	2.2405	0.022	0.0914	0.8866	2020
2021-04-26	Leicester	Crystal Palace	Leicester	Crystal Palace	1.2342	0.7231	0.4787	0.3373	0.184	2020
2021-04-30	Southampton	Leicester	Southampton	Leicester	0.9541	2.5152	0.0622	0.1703	0.7675	2020
2021-05-01	Everton	Aston Villa	Everton	Aston Villa	1.223	1.5881	0.2579	0.2757	0.4664	2020
2021-05-01	Crystal Palace	Manchester City	Crystal Palace	Man City	0.3619	2.0444	0.0363	0.1388	0.8249	2020
2021-05-01	Chelsea	Fulham	Chelsea	Fulham	1.8433	0.29	0.8231	0.1413	0.0356	2020
2021-05-01	Brighton	Leeds	Brighton	Leeds	2.5254	0.5109	0.8643	0.1069	0.0288	2020
2021-05-02	Newcastle United	Arsenal	Newcastle	Arsenal	0.173	1.7875	0.0241	0.1411	0.8348	2020
2021-05-02	Tottenham	Sheffield United	Tottenham	Sheffield United	2.2602	0.469	0.8305	0.127	0.0425	2020
2021-05-03	Burnley	West Ham	Burnley	West Ham	1.6831	2.4248	0.2109	0.2441	0.545	2020
2021-05-03	West Bromwich Albion	Wolverhampton Wanderers	West Bromwich Albion	Wolves	1.0713	0.8441	0.4226	0.3202	0.2572	2020
2021-05-07	Leicester	Newcastle United	Leicester	Newcastle	2.315	2.8726	0.2655	0.2085	0.526	2020
2021-05-08	Leeds	Tottenham	Leeds	Tottenham	2.5522	1.0338	0.7578	0.1565	0.0857	2020
2021-05-08	Liverpool	Southampton	Liverpool	Southampton	2.2637	1.2289	0.6337	0.2173	0.149	2020
2021-05-08	Manchester City	Chelsea	Man City	Chelsea	1.7917	0.6197	0.7182	0.2005	0.0813	2020
2021-05-08	Sheffield United	Crystal Palace	Sheffield United	Crystal Palace	0.6393	2.2538	0.07	0.1595	0.7705	2020
2021-05-09	Arsenal	West Bromwich Albion	Arsenal	West Bromwich Albion	1.0704	1.8308	0.1771	0.242	0.5809	2020
2021-05-09	Aston Villa	Manchester United	Aston Villa	Man United	0.5655	1.8879	0.0706	0.1774	0.752	2020
2021-05-09	West Ham	Everton	West Ham	Everton	1.097	1.5622	0.2139	0.3101	0.476	2020
2021-05-09	Wolverhampton Wanderers	Brighton	Wolves	Brighton	1.1199	0.2757	0.6073	0.3084	0.0843	2020
2021-05-10	Fulham	Burnley	Fulham	Burnley	0.7781	1.6583	0.1531	0.2403	0.6066	2020
2021-05-11	Southampton	Crystal Palace	Southampton	Crystal Palace	1.5887	1.3259	0.4176	0.3071	0.2753	2020
2021-05-11	Manchester United	Leicester	Man United	Leicester	0.2129	0.9915	0.0739	0.3307	0.5954	2020
2021-05-12	Chelsea	Arsenal	Chelsea	Arsenal	1.5679	0.692	0.5977	0.2762	0.1261	2020
2021-05-13	Manchester United	Liverpool	Man United	Liverpool	1.7133	2.938	0.1547	0.173	0.6723	2020
2021-05-13	Aston Villa	Everton	Aston Villa	Everton	0.559	0.9754	0.2001	0.3438	0.4561	2020
2021-05-14	Newcastle United	Manchester City	Newcastle	Man City	2.1831	1.477	0.5786	0.2559	0.1655	2020
2021-05-15	Brighton	West Ham	Brighton	West Ham	0.9226	1.9238	0.1388	0.2215	0.6397	2020
2021-05-15	Burnley	Leeds	Burnley	Leeds	1.4134	1.8565	0.2605	0.2571	0.4824	2020
2021-05-15	Southampton	Fulham	Southampton	Fulham	2.2915	0.876	0.7254	0.1717	0.1029	2020
2021-05-16	Crystal Palace	Aston Villa	Crystal Palace	Aston Villa	1.9528	1.2303	0.5805	0.2413	0.1782	2020
2021-05-16	Everton	Sheffield United	Everton	Sheffield United	1.2461	1.391	0.2805	0.3451	0.3744	2020
2021-05-16	Tottenham	Wolverhampton Wanderers	Tottenham	Wolves	3.1395	1.0921	0.8344	0.1112	0.0544	2020
2021-05-16	West Bromwich Albion	Liverpool	West Bromwich Albion	Liverpool	1.142	2.0785	0.1776	0.2271	0.5953	2020
2021-05-18	Brighton	Manchester City	Brighton	Man City	1.2282	1.0714	0.3705	0.3206	0.3089	2020
2021-05-18	Chelsea	Leicester	Chelsea	Leicester	2.8615	0.8326	0.8552	0.1094	0.0354	2020
2021-05-18	Manchester United	Fulham	Man United	Fulham	0.9224	0.8726	0.3388	0.3338	0.3274	2020
2021-05-18	Southampton	Leeds	Southampton	Leeds	1.3084	1.5813	0.2758	0.2938	0.4304	2020
2021-05-19	West Bromwich Albion	West Ham	West Bromwich Albion	West Ham	1.1074	3.5699	0.0175	0.0659	0.9166	2020
2021-05-19	Tottenham	Aston Villa	Tottenham	Aston Villa	0.8928	1.6367	0.1764	0.26	0.5636	2020
2021-05-19	Newcastle United	Sheffield United	Newcastle	Sheffield United	1.8251	0.8822	0.6308	0.2284	0.1408	2020
2021-05-19	Crystal Palace	Arsenal	Crystal Palace	Arsenal	0.9984	1.7945	0.1501	0.2421	0.6078	2020
2021-05-19	Burnley	Liverpool	Burnley	Liverpool	0.837	2.7332	0.0603	0.1284	0.8113	2020
2021-05-19	Everton	Wolverhampton Wanderers	Everton	Wolves	0.671	0.2655	0.4117	0.4584	0.1299	2020
2021-05-23	Liverpool	Crystal Palace	Liverpool	Crystal Palace	2.2035	0.7723	0.7516	0.173	0.0754	2020
2021-05-23	Arsenal	Brighton	Arsenal	Brighton	0.7729	0.194	0.4749	0.4374	0.0877	2020
2021-05-23	Aston Villa	Chelsea	Aston Villa	Chelsea	0.9804	3.4341	0.0296	0.0819	0.8885	2020
2021-05-23	Fulham	Newcastle United	Fulham	Newcastle	0.989	1.6016	0.177	0.2746	0.5484	2020
2021-05-23	Leeds	West Bromwich Albion	Leeds	West Bromwich Albion	2.4901	1.0221	0.7524	0.1582	0.0894	2020
2021-05-23	Leicester	Tottenham	Leicester	Tottenham	1.8255	1.8523	0.3328	0.3403	0.3269	2020
2021-05-23	Manchester City	Everton	Man City	Everton	2.8836	1.0726	0.7906	0.1483	0.0611	2020
2021-05-23	Sheffield United	Burnley	Sheffield United	Burnley	0.42	0.5585	0.2153	0.467	0.3177	2020
2021-05-23	West Ham	Southampton	West Ham	Southampton	1.9834	1.3518	0.5303	0.2337	0.236	2020
2021-05-23	Wolverhampton Wanderers	Manchester United	Wolves	Man United	0.7013	2.0523	0.0767	0.1725	0.7508	2020
2021-08-13	Brentford	Arsenal	Brentford	Arsenal	1.8882	1.0238	0.6289	0.2287	0.1424	2021
2021-08-14	Norwich	Liverpool	Norwich	Liverpool	1.3333	1.7873	0.2578	0.2601	0.4821	2021
2021-08-14	Watford	Aston Villa	Watford	Aston Villa	1.3504	1.1372	0.3877	0.3205	0.2918	2021
2021-08-14	Manchester United	Leeds	Man United	Leeds	1.6425	0.5683	0.6618	0.2327	0.1055	2021
2021-08-14	Leicester	Wolverhampton Wanderers	Leicester	Wolves	0.6681	1.3271	0.1683	0.275	0.5567	2021
2021-08-14	Everton	Southampton	Everton	Southampton	2.3886	0.5806	0.8359	0.1234	0.0407	2021
2021-08-14	Chelsea	Crystal Palace	Chelsea	Crystal Palace	1.1871	0.3217	0.6405	0.2822	0.0773	2021
2021-08-14	Burnley	Brighton	Burnley	Brighton	1.7955	1.6853	0.3894	0.2877	0.3229	2021
2021-08-15	Newcastle United	West Ham	Newcastle	West Ham	1.6793	3.0094	0.1222	0.1825	0.6953	2021
2021-08-15	Tottenham	Manchester City	Tottenham	Man City	1.0601	2.1059	0.143	0.2222	0.6348	2021
2021-08-21	Manchester City	Norwich	Man City	Norwich	2.4393	0.025	0.9626	0.0367	0.0007	2021
2021-08-21	Liverpool	Burnley	Liverpool	Burnley	2.6395	0.6905	0.8118	0.1329	0.0553	2021
2021-08-21	Leeds	Everton	Leeds	Everton	0.9661	1.8571	0.1373	0.232	0.6307	2021
2021-08-21	Brighton	Watford	Brighton	Watford	1.779	0.4072	0.7795	0.1682	0.0523	2021
2021-08-21	Aston Villa	Newcastle United	Aston Villa	Newcastle	1.1843	0.6316	0.5426	0.3163	0.1411	2021
2021-08-21	Crystal Palace	Brentford	Crystal Palace	Brentford	0.6063	0.7124	0.2744	0.3907	0.3349	2021
2021-08-22	Arsenal	Chelsea	Arsenal	Chelsea	0.6301	3.6413	0.0088	0.0395	0.9517	2021
2021-08-22	Southampton	Manchester United	Southampton	Man United	0.5875	2.2617	0.0446	0.1431	0.8123	2021
2021-08-22	Wolverhampton Wanderers	Tottenham	Wolves	Tottenham	1.5113	1.7264	0.2871	0.276	0.4369	2021
2021-08-23	West Ham	Leicester	West Ham	Leicester	2.2861	0.6268	0.7776	0.1655	0.0569	2021
2021-08-28	Norwich	Leicester	Norwich	Leicester	1.4408	1.2737	0.3977	0.309	0.2933	2021
2021-08-28	West Ham	Crystal Palace	West Ham	Crystal Palace	1.4475	1.6766	0.2841	0.2824	0.4335	2021
2021-08-28	Newcastle United	Southampton	Newcastle	Southampton	1.1908	3.4604	0.0173	0.0763	0.9064	2021
2021-08-28	Brighton	Everton	Brighton	Everton	0.7016	1.5487	0.1307	0.2493	0.62	2021
2021-08-28	Liverpool	Chelsea	Liverpool	Chelsea	2.0846	0.5736	0.7743	0.1646	0.0611	2021
2021-08-28	Aston Villa	Brentford	Aston Villa	Brentford	0.4315	1.1331	0.1214	0.3143	0.5643	2021
2021-08-28	Manchester City	Arsenal	Man City	Arsenal	4.4727	0.1168	0.9943	0.0054	0.0003	2021
2021-08-29	Burnley	Leeds	Burnley	Leeds	1.711	1.5208	0.3969	0.3278	0.2753	2021
2021-08-29	Tottenham	Watford	Tottenham	Watford	0.921	0.596	0.4144	0.361	0.2246	2021
2021-08-29	Wolverhampton Wanderers	Manchester United	Wolves	Man United	1.7957	0.9441	0.6025	0.267	0.1305	2021
2021-09-11	Southampton	West Ham	Southampton	West Ham	0.6921	0.7254	0.306	0.3717	0.3223	2021
2021-09-11	Arsenal	Norwich	Arsenal	Norwich	2.6852	0.5773	0.8611	0.1008	0.0381	2021
2021-09-11	Brentford	Brighton	Brentford	Brighton	0.7298	0.2879	0.4446	0.4316	0.1238	2021
2021-09-11	Chelsea	Aston Villa	Chelsea	Aston Villa	1.2215	1.1735	0.3501	0.3138	0.3361	2021
2021-09-11	Crystal Palace	Tottenham	Crystal Palace	Tottenham	2.8937	0.0776	0.9872	0.012	0.0008	2021
2021-09-11	Leicester	Manchester City	Leicester	Man City	0.8001	2.7506	0.0524	0.1247	0.8229	2021
2021-09-11	Manchester United	Newcastle United	Man United	Newcastle	2.7733	0.622	0.8917	0.0845	0.0238	2021
2021-09-11	Watford	Wolverhampton Wanderers	Watford	Wolves	0.1854	2.5592	0.0034	0.033	0.9636	2021
2021-09-12	Leeds	Liverpool	Leeds	Liverpool	0.6525	4.4016	0.0071	0.024	0.9689	2021
2021-09-13	Everton	Burnley	Everton	Burnley	1.8039	1.8206	0.3516	0.2706	0.3778	2021
2021-09-17	Newcastle United	Leeds	Newcastle	Leeds	1.1767	1.43	0.2984	0.2732	0.4284	2021
2021-09-18	Norwich	Watford	Norwich	Watford	0.7827	2.4249	0.068	0.1477	0.7843	2021
2021-09-18	Wolverhampton Wanderers	Brentford	Wolves	Brentford	1.0232	2.3274	0.0763	0.1796	0.7441	2021
2021-09-18	Manchester City	Southampton	Man City	Southampton	1.2245	0.4909	0.5597	0.297	0.1433	2021
2021-09-18	Aston Villa	Everton	Aston Villa	Everton	0.7777	0.755	0.3236	0.365	0.3114	2021
2021-09-18	Burnley	Arsenal	Burnley	Arsenal	0.7756	1.0993	0.2331	0.3205	0.4464	2021
2021-09-18	Liverpool	Crystal Palace	Liverpool	Crystal Palace	2.7679	0.6442	0.8783	0.088	0.0337	2021
2021-09-19	Brighton	Leicester	Brighton	Leicester	1.4744	1.2537	0.4099	0.3102	0.2799	2021
2021-09-19	Tottenham	Chelsea	Tottenham	Chelsea	0.7057	2.5869	0.0491	0.1287	0.8222	2021
2021-09-19	West Ham	Manchester United	West Ham	Man United	1.6671	1.8954	0.2947	0.3001	0.4052	2021
2021-09-25	Brentford	Liverpool	Brentford	Liverpool	2.9406	2.2574	0.552	0.2087	0.2393	2021
2021-09-25	Chelsea	Manchester City	Chelsea	Man City	0.1942	1.6924	0.0287	0.1742	0.7971	2021
2021-09-25	Everton	Norwich	Everton	Norwich	2.2668	0.8009	0.7957	0.1591	0.0452	2021
2021-09-25	Leeds	West Ham	Leeds	West Ham	1.1967	1.9896	0.1991	0.2264	0.5745	2021
2021-09-25	Leicester	Burnley	Leicester	Burnley	2.1623	0.4289	0.8072	0.1483	0.0445	2021
2021-09-25	Manchester United	Aston Villa	Man United	Aston Villa	1.9251	1.5725	0.4531	0.2656	0.2813	2021
2021-09-25	Watford	Newcastle United	Watford	Newcastle	0.9041	2.5234	0.0863	0.1454	0.7683	2021
2021-09-26	Arsenal	Tottenham	Arsenal	Tottenham	1.445	0.9802	0.4985	0.2844	0.2171	2021
2021-09-26	Southampton	Wolverhampton Wanderers	Southampton	Wolves	0.9093	0.9098	0.3238	0.3319	0.3443	2021
2021-09-27	Crystal Palace	Brighton	Crystal Palace	Brighton	1.3684	0.6496	0.5996	0.2765	0.1239	2021
2021-10-02	Wolverhampton Wanderers	Newcastle United	Wolves	Newcastle	1.1585	0.8652	0.4258	0.3526	0.2216	2021
2021-10-02	Manchester United	Everton	Man United	Everton	1.0496	1.3221	0.2749	0.2983	0.4268	2021
2021-10-02	Leeds	Watford	Leeds	Watford	1.5739	0.1928	0.775	0.1878	0.0372	2021
2021-10-02	Chelsea	Southampton	Chelsea	Southampton	3.7924	1.5263	0.8747	0.096	0.0293	2021
2021-10-02	Burnley	Norwich	Burnley	Norwich	0.5847	0.6736	0.2597	0.406	0.3343	2021
2021-10-02	Brighton	Arsenal	Brighton	Arsenal	1.1155	0.3643	0.5517	0.3319	0.1164	2021
2021-10-03	Crystal Palace	Leicester	Crystal Palace	Leicester	1.1703	1.0432	0.369	0.3054	0.3256	2021
2021-10-03	Liverpool	Manchester City	Liverpool	Man City	0.9494	1.0432	0.3183	0.3225	0.3592	2021
2021-10-03	Tottenham	Aston Villa	Tottenham	Aston Villa	1.7819	1.0739	0.5459	0.2622	0.1919	2021
2021-10-03	West Ham	Brentford	West Ham	Brentford	1.3726	1.301	0.3646	0.291	0.3444	2021
2021-10-16	Aston Villa	Wolverhampton Wanderers	Aston Villa	Wolves	1.2128	2.1963	0.1447	0.2184	0.6369	2021
2021-10-16	Brentford	Chelsea	Brentford	Chelsea	1.6217	0.2483	0.7703	0.1904	0.0393	2021
2021-10-16	Leicester	Manchester United	Leicester	Man United	2.9661	1.0249	0.8373	0.1119	0.0508	2021
2021-10-16	Manchester City	Burnley	Man City	Burnley	2.1571	1.0772	0.6665	0.2235	0.11	2021
2021-10-16	Norwich	Brighton	Norwich	Brighton	1.1609	1.1757	0.3239	0.3312	0.3449	2021
2021-10-16	Southampton	Leeds	Southampton	Leeds	1.8308	0.4462	0.7596	0.1866	0.0538	2021
2021-10-16	Watford	Liverpool	Watford	Liverpool	0.3023	3.6555	0.0022	0.0123	0.9855	2021
2021-10-17	Everton	West Ham	Everton	West Ham	0.8542	2.0303	0.1082	0.1977	0.6941	2021
2021-10-17	Newcastle United	Tottenham	Newcastle	Tottenham	0.6457	1.5501	0.1015	0.2551	0.6434	2021
2021-10-18	Arsenal	Crystal Palace	Arsenal	Crystal Palace	1.7436	0.4922	0.7347	0.193	0.0723	2021
2021-10-22	Arsenal	Aston Villa	Arsenal	Aston Villa	3.4984	1.4109	0.8436	0.1087	0.0477	2021
2021-10-23	Brighton	Manchester City	Brighton	Man City	1.1695	3.5738	0.0199	0.0811	0.899	2021
2021-10-23	Chelsea	Norwich	Chelsea	Norwich	3.1051	0.2674	0.9608	0.0353	0.0039	2021
2021-10-23	Crystal Palace	Newcastle United	Crystal Palace	Newcastle	2.2559	0.7218	0.7766	0.1673	0.0561	2021
2021-10-23	Everton	Watford	Everton	Watford	1.8409	3.1034	0.1422	0.1764	0.6814	2021
2021-10-23	Leeds	Wolverhampton Wanderers	Leeds	Wolves	1.7131	0.8586	0.6119	0.2536	0.1345	2021
2021-10-23	Southampton	Burnley	Southampton	Burnley	1.4257	0.6732	0.5749	0.2845	0.1406	2021
2021-10-24	Brentford	Leicester	Brentford	Leicester	1.1679	1.0025	0.3902	0.3246	0.2852	2021
2021-10-24	Manchester United	Liverpool	Man United	Liverpool	1.3558	4.0476	0.0288	0.0659	0.9053	2021
2021-10-24	West Ham	Tottenham	West Ham	Tottenham	1.7347	0.6722	0.6769	0.2235	0.0996	2021
2021-10-30	Tottenham	Manchester United	Tottenham	Man United	1.1579	1.3861	0.2873	0.3069	0.4058	2021
2021-10-30	Newcastle United	Chelsea	Newcastle	Chelsea	0.1576	2.1661	0.0067	0.0614	0.9319	2021
2021-10-30	Manchester City	Crystal Palace	Man City	Crystal Palace	0.6574	1.0503	0.2045	0.3281	0.4674	2021
2021-10-30	Watford	Southampton	Watford	Southampton	0.8526	1.9076	0.1184	0.2165	0.6651	2021
2021-10-30	Leicester	Arsenal	Leicester	Arsenal	1.988	1.1029	0.6172	0.2317	0.1511	2021
2021-10-30	Burnley	Brentford	Burnley	Brentford	2.729	0.8343	0.8299	0.1193	0.0508	2021
2021-10-30	Liverpool	Brighton	Liverpool	Brighton	1.3978	1.5103	0.3222	0.279	0.3988	2021
2021-10-31	Aston Villa	West Ham	Aston Villa	West Ham	0.6876	2.6639	0.0209	0.0903	0.8888	2021
2021-10-31	Norwich	Leeds	Norwich	Leeds	0.6619	1.1685	0.1855	0.3103	0.5042	2021
2021-11-01	Wolverhampton Wanderers	Everton	Wolves	Everton	1.6934	1.6977	0.3571	0.2722	0.3707	2021
2021-11-05	Southampton	Aston Villa	Southampton	Aston Villa	0.8982	0.5361	0.4546	0.3594	0.186	2021
2021-11-06	Manchester United	Manchester City	Man United	Man City	0.7596	2.042	0.0837	0.1908	0.7255	2021
2021-11-06	Crystal Palace	Wolverhampton Wanderers	Crystal Palace	Wolves	2.6516	0.2542	0.9354	0.057	0.0076	2021
2021-11-06	Chelsea	Burnley	Chelsea	Burnley	3.0059	0.6741	0.8798	0.0929	0.0273	2021
2021-11-06	Brentford	Norwich	Brentford	Norwich	2.7923	1.158	0.7832	0.1534	0.0634	2021
2021-11-06	Brighton	Newcastle United	Brighton	Newcastle	1.4312	0.2273	0.7823	0.1837	0.034	2021
2021-11-07	Arsenal	Watford	Arsenal	Watford	1.4921	0.4917	0.6791	0.2449	0.076	2021
2021-11-07	Everton	Tottenham	Everton	Tottenham	0.5979	0.8018	0.2344	0.3843	0.3813	2021
2021-11-07	Leeds	Leicester	Leeds	Leicester	1.9655	0.7953	0.7108	0.2078	0.0814	2021
2021-11-07	West Ham	Liverpool	West Ham	Liverpool	1.253	1.4564	0.3099	0.2842	0.4059	2021
2021-11-20	Newcastle United	Brentford	Newcastle	Brentford	2.1839	1.2328	0.6076	0.2257	0.1667	2021
2021-11-20	Watford	Manchester United	Watford	Man United	2.7339	1.6679	0.6277	0.2073	0.165	2021
2021-11-20	Norwich	Southampton	Norwich	Southampton	0.4378	1.1312	0.142	0.3171	0.5409	2021
2021-11-20	Wolverhampton Wanderers	West Ham	Wolves	West Ham	1.319	0.4363	0.6132	0.2733	0.1135	2021
2021-11-20	Liverpool	Arsenal	Liverpool	Arsenal	3.9737	0.268	0.9941	0.0055	0.0004	2021
2021-11-20	Burnley	Crystal Palace	Burnley	Crystal Palace	1.0422	1.7484	0.2089	0.2415	0.5496	2021
2021-11-20	Aston Villa	Brighton	Aston Villa	Brighton	1.0695	0.5828	0.4855	0.336	0.1785	2021
2021-11-20	Leicester	Chelsea	Leicester	Chelsea	0.4995	2.5718	0.0208	0.1023	0.8769	2021
2021-11-21	Manchester City	Everton	Man City	Everton	2.613	0.2669	0.9179	0.0691	0.013	2021
2021-11-21	Tottenham	Leeds	Tottenham	Leeds	2.3174	1.4669	0.5951	0.2303	0.1746	2021
2021-11-27	Liverpool	Southampton	Liverpool	Southampton	3.0728	0.9661	0.8606	0.101	0.0384	2021
2021-11-27	Crystal Palace	Aston Villa	Crystal Palace	Aston Villa	0.9621	0.4543	0.5015	0.3502	0.1483	2021
2021-11-27	Norwich	Wolverhampton Wanderers	Norwich	Wolves	1.4047	0.2972	0.705	0.2329	0.0621	2021
2021-11-27	Arsenal	Newcastle United	Arsenal	Newcastle	2.8449	0.1854	0.9577	0.0369	0.0054	2021
2021-11-27	Brighton	Leeds	Brighton	Leeds	1.905	0.8648	0.6441	0.224	0.1319	2021
2021-11-28	Brentford	Everton	Brentford	Everton	1.1981	0.9681	0.4215	0.329	0.2495	2021
2021-11-28	Chelsea	Manchester United	Chelsea	Man United	2.3453	0.5634	0.8372	0.1357	0.0271	2021
2021-11-28	Leicester	Watford	Leicester	Watford	2.1603	2.3838	0.332	0.2403	0.4277	2021
2021-11-28	Manchester City	West Ham	Man City	West Ham	2.7219	0.1718	0.9519	0.0432	0.0049	2021
2021-11-30	Leeds	Crystal Palace	Leeds	Crystal Palace	1.9818	0.7073	0.7505	0.1819	0.0676	2021
2021-11-30	Newcastle United	Norwich	Newcastle	Norwich	1.1564	1.5108	0.2596	0.3006	0.4398	2021
2021-12-01	West Ham	Brighton	West Ham	Brighton	1.1468	1.2607	0.3108	0.3198	0.3694	2021
2021-12-01	Wolverhampton Wanderers	Burnley	Wolves	Burnley	0.7117	0.1955	0.4555	0.4569	0.0876	2021
2021-12-01	Watford	Chelsea	Watford	Chelsea	0.9909	0.9086	0.3546	0.3333	0.3121	2021
2021-12-01	Aston Villa	Manchester City	Aston Villa	Man City	0.7721	1.019	0.2603	0.3452	0.3945	2021
2021-12-01	Everton	Liverpool	Everton	Liverpool	0.5123	2.8607	0.0212	0.0752	0.9036	2021
2021-12-01	Southampton	Leicester	Southampton	Leicester	1.9117	1.4401	0.4988	0.2516	0.2496	2021
2021-12-02	Manchester United	Arsenal	Man United	Arsenal	1.856	1.1664	0.5558	0.2561	0.1881	2021
2021-12-02	Tottenham	Brentford	Tottenham	Brentford	2.0725	0.2255	0.8964	0.09	0.0136	2021
2021-12-04	Newcastle United	Burnley	Newcastle	Burnley	1.7061	0.6046	0.6761	0.2236	0.1003	2021
2021-12-04	Southampton	Brighton	Southampton	Brighton	1.3424	1.4872	0.3101	0.2802	0.4097	2021
2021-12-04	Watford	Manchester City	Watford	Man City	0.6751	4.0322	0.0142	0.0375	0.9483	2021
2021-12-04	West Ham	Chelsea	West Ham	Chelsea	2.0174	1.3705	0.5469	0.238	0.2151	2021
2021-12-04	Wolverhampton Wanderers	Liverpool	Wolves	Liverpool	0.0952	2.4233	0.005	0.0531	0.9419	2021
2021-12-05	Manchester United	Crystal Palace	Man United	Crystal Palace	0.8704	0.5206	0.4144	0.379	0.2066	2021
2021-12-05	Aston Villa	Leicester	Aston Villa	Leicester	1.8482	0.9826	0.6012	0.2298	0.169	2021
2021-12-05	Leeds	Brentford	Leeds	Brentford	1.419	1.1996	0.4119	0.3026	0.2855	2021
2021-12-05	Tottenham	Norwich	Tottenham	Norwich	2.0067	1.0656	0.6123	0.2365	0.1512	2021
2021-12-06	Everton	Arsenal	Everton	Arsenal	1.0611	1.0572	0.3397	0.3172	0.3431	2021
2021-12-10	Brentford	Watford	Brentford	Watford	1.828	0.5616	0.7457	0.1892	0.0651	2021
2021-12-11	Arsenal	Southampton	Arsenal	Southampton	2.0843	0.5022	0.7915	0.1533	0.0552	2021
2021-12-11	Chelsea	Leeds	Chelsea	Leeds	2.7484	1.7293	0.6283	0.22	0.1517	2021
2021-12-11	Liverpool	Aston Villa	Liverpool	Aston Villa	2.7118	0.1406	0.9577	0.0381	0.0042	2021
2021-12-11	Manchester City	Wolverhampton Wanderers	Man City	Wolves	2.9992	0.0763	0.9707	0.0277	0.0016	2021
2021-12-11	Norwich	Manchester United	Norwich	Man United	0.9861	2.0982	0.1146	0.1998	0.6856	2021
2021-12-12	Burnley	West Ham	Burnley	West Ham	0.548	0.9988	0.1882	0.3477	0.4641	2021
2021-12-12	Crystal Palace	Everton	Crystal Palace	Everton	2.0986	1.2756	0.5877	0.2329	0.1794	2021
2021-12-12	Leicester	Newcastle United	Leicester	Newcastle	2.0577	0.5119	0.8223	0.1348	0.0429	2021
2021-12-14	Manchester City	Leeds	Man City	Leeds	3.3135	0.2275	0.9625	0.0336	0.0039	2021
2021-12-14	Norwich	Aston Villa	Norwich	Aston Villa	0.5026	1.9626	0.0307	0.1634	0.8059	2021
2021-12-15	Arsenal	West Ham	Arsenal	West Ham	2.8148	0.3389	0.9307	0.0568	0.0125	2021
2021-12-15	Brighton	Wolverhampton Wanderers	Brighton	Wolves	1.2012	1.1174	0.3704	0.3352	0.2944	2021
2021-12-15	Crystal Palace	Southampton	Crystal Palace	Southampton	1.4924	0.6252	0.6182	0.2522	0.1296	2021
2021-12-16	Chelsea	Everton	Chelsea	Everton	3.2024	0.6275	0.9086	0.0747	0.0167	2021
2021-12-16	Liverpool	Newcastle United	Liverpool	Newcastle	2.9391	0.2064	0.9714	0.0264	0.0022	2021
2021-12-18	Leeds	Arsenal	Leeds	Arsenal	1.3141	3.6901	0.0393	0.0919	0.8688	2021
2021-12-19	Newcastle United	Manchester City	Newcastle	Man City	0.1742	3.6469	0.0004	0.0108	0.9888	2021
2021-12-19	Tottenham	Liverpool	Tottenham	Liverpool	2.7978	1.5494	0.6918	0.1901	0.1181	2021
2021-12-19	Wolverhampton Wanderers	Chelsea	Wolves	Chelsea	0.3214	0.794	0.1252	0.4072	0.4676	2021
2021-12-26	Aston Villa	Chelsea	Aston Villa	Chelsea	0.474	2.8285	0.0139	0.0557	0.9304	2021
2021-12-26	Brighton	Brentford	Brighton	Brentford	0.9434	1.1034	0.2916	0.3151	0.3933	2021
2021-12-26	Manchester City	Leicester	Man City	Leicester	3.8287	2.4343	0.7058	0.1626	0.1316	2021
2021-12-26	Norwich	Arsenal	Norwich	Arsenal	0.1542	2.8754	0.0023	0.0273	0.9704	2021
2021-12-26	Tottenham	Crystal Palace	Tottenham	Crystal Palace	2.8215	0.1783	0.9536	0.0398	0.0066	2021
2021-12-26	West Ham	Southampton	West Ham	Southampton	1.5374	1.3564	0.4011	0.312	0.2869	2021
2021-12-27	Newcastle United	Manchester United	Newcastle	Man United	1.2659	1.7559	0.232	0.2848	0.4832	2021
2021-12-28	Crystal Palace	Norwich	Crystal Palace	Norwich	2.3898	0.5941	0.8296	0.1241	0.0463	2021
2021-12-28	Leicester	Liverpool	Leicester	Liverpool	0.6159	2.7268	0.0217	0.0898	0.8885	2021
2021-12-28	Southampton	Tottenham	Southampton	Tottenham	0.353	2.8092	0.0137	0.062	0.9243	2021
2021-12-28	Watford	West Ham	Watford	West Ham	1.0143	2.8408	0.0603	0.121	0.8187	2021
2021-12-29	Brentford	Manchester City	Brentford	Man City	0.2388	1.0176	0.0672	0.2944	0.6384	2021
2021-12-29	Chelsea	Brighton	Chelsea	Brighton	0.7635	0.7866	0.3109	0.3696	0.3195	2021
2021-12-30	Manchester United	Burnley	Man United	Burnley	1.8078	0.8717	0.6178	0.2285	0.1537	2021
2022-01-01	Watford	Tottenham	Watford	Tottenham	0.3035	1.9375	0.0346	0.1376	0.8278	2021
2022-01-01	Crystal Palace	West Ham	Crystal Palace	West Ham	2.692	2.2315	0.4861	0.2291	0.2848	2021
2022-01-01	Arsenal	Manchester City	Arsenal	Man City	0.8369	1.9462	0.0951	0.2126	0.6923	2021
2022-01-02	Brentford	Aston Villa	Brentford	Aston Villa	0.5013	1.1382	0.1502	0.318	0.5318	2021
2022-01-02	Chelsea	Liverpool	Chelsea	Liverpool	1.389	1.789	0.26	0.2659	0.4741	2021
2022-01-02	Everton	Brighton	Everton	Brighton	1.827	1.484	0.4435	0.2906	0.2659	2021
2022-01-02	Leeds	Burnley	Leeds	Burnley	2.0419	0.9605	0.642	0.2279	0.1301	2021
2022-01-03	Manchester United	Wolverhampton Wanderers	Man United	Wolves	0.7688	0.8409	0.2979	0.3534	0.3487	2021
2022-01-11	Southampton	Brentford	Southampton	Brentford	1.5931	0.6215	0.6476	0.2451	0.1073	2021
2022-01-12	West Ham	Norwich	West Ham	Norwich	2.8922	0.3433	0.9379	0.0507	0.0114	2021
2022-01-14	Brighton	Crystal Palace	Brighton	Crystal Palace	2.1805	0.5097	0.8253	0.1462	0.0285	2021
2022-01-15	Aston Villa	Manchester United	Aston Villa	Man United	1.8278	1.3538	0.4953	0.2638	0.2409	2021
2022-01-15	Manchester City	Chelsea	Man City	Chelsea	0.9017	0.6138	0.3931	0.3805	0.2264	2021
2022-01-15	Newcastle United	Watford	Newcastle	Watford	1.0386	1.4962	0.245	0.2696	0.4854	2021
2022-01-15	Norwich	Everton	Norwich	Everton	1.0015	0.541	0.5033	0.3336	0.1631	2021
2022-01-15	Wolverhampton Wanderers	Southampton	Wolves	Southampton	2.2992	0.9173	0.763	0.1674	0.0696	2021
2022-01-16	Liverpool	Brentford	Liverpool	Brentford	3.491	0.3767	0.9546	0.0376	0.0078	2021
2022-01-16	West Ham	Leeds	West Ham	Leeds	2.3549	2.2688	0.3868	0.2689	0.3443	2021
2022-01-18	Brighton	Chelsea	Brighton	Chelsea	0.7476	0.573	0.3731	0.382	0.2449	2021
2022-01-19	Brentford	Manchester United	Brentford	Man United	2.081	2.0597	0.3775	0.2449	0.3776	2021
2022-01-19	Leicester	Tottenham	Leicester	Tottenham	1.9503	4.2471	0.0659	0.1079	0.8262	2021
2022-01-21	Watford	Norwich	Watford	Norwich	1.3061	0.9252	0.4434	0.3179	0.2387	2021
2022-01-22	Brentford	Wolverhampton Wanderers	Brentford	Wolves	0.7426	0.2182	0.4573	0.444	0.0987	2021
2022-01-22	Everton	Aston Villa	Everton	Aston Villa	1.2384	0.8602	0.453	0.3178	0.2292	2021
2022-01-22	Leeds	Newcastle United	Leeds	Newcastle	1.1299	1.159	0.3454	0.3061	0.3485	2021
2022-01-22	Manchester United	West Ham	Man United	West Ham	1.7586	0.238	0.876	0.11	0.014	2021
2022-01-22	Southampton	Manchester City	Southampton	Man City	1.0022	1.6291	0.1829	0.298	0.5191	2021
2022-01-23	Leicester	Brighton	Leicester	Brighton	1.7098	1.1974	0.5104	0.2678	0.2218	2021
2022-01-23	Crystal Palace	Liverpool	Crystal Palace	Liverpool	1.6261	1.497	0.3937	0.2946	0.3117	2021
2022-01-23	Arsenal	Burnley	Arsenal	Burnley	1.3551	0.389	0.6339	0.2698	0.0963	2021
2022-01-23	Chelsea	Tottenham	Chelsea	Tottenham	1.0421	0.3288	0.5568	0.3318	0.1114	2021
2022-02-05	Burnley	Watford	Burnley	Watford	0.7659	0.934	0.2769	0.346	0.3771	2021
2022-02-08	West Ham	Watford	West Ham	Watford	0.9051	0.3355	0.533	0.3591	0.1079	2021
2022-02-08	Burnley	Manchester United	Burnley	Man United	0.7727	1.8339	0.1167	0.2366	0.6467	2021
2022-02-08	Newcastle United	Everton	Newcastle	Everton	2.6873	0.8236	0.8331	0.1233	0.0436	2021
2022-02-09	Tottenham	Southampton	Tottenham	Southampton	1.7429	1.7329	0.3729	0.2694	0.3577	2021
2022-02-09	Norwich	Crystal Palace	Norwich	Crystal Palace	0.2964	1.2288	0.0558	0.2461	0.6981	2021
2022-02-09	Manchester City	Brentford	Man City	Brentford	1.9825	0.4613	0.7981	0.1558	0.0461	2021
2022-02-09	Aston Villa	Leeds	Aston Villa	Leeds	1.5013	2.5291	0.1454	0.2112	0.6434	2021
2022-02-10	Liverpool	Leicester	Liverpool	Leicester	2.73	0.545	0.8752	0.0992	0.0256	2021
2022-02-10	Wolverhampton Wanderers	Arsenal	Wolves	Arsenal	0.6414	1.4525	0.104	0.2477	0.6483	2021
2022-02-12	Norwich	Manchester City	Norwich	Man City	0.3568	4.4465	0.0008	0.0051	0.9941	2021
2022-02-12	Manchester United	Southampton	Man United	Southampton	2.9921	0.6774	0.9063	0.0701	0.0236	2021
2022-02-12	Watford	Brighton	Watford	Brighton	0.533	1.8046	0.0579	0.1835	0.7586	2021
2022-02-12	Brentford	Crystal Palace	Brentford	Crystal Palace	1.9758	0.498	0.8021	0.1551	0.0428	2021
2022-02-12	Everton	Leeds	Everton	Leeds	2.5856	0.2427	0.938	0.0539	0.0081	2021
2022-02-13	Burnley	Liverpool	Burnley	Liverpool	1.1608	1.9572	0.1124	0.2695	0.6181	2021
2022-02-13	Leicester	West Ham	Leicester	West Ham	1.4069	0.7451	0.5533	0.2898	0.1569	2021
2022-02-13	Newcastle United	Aston Villa	Newcastle	Aston Villa	0.5276	0.4552	0.2938	0.4633	0.2429	2021
2022-02-13	Tottenham	Wolverhampton Wanderers	Tottenham	Wolves	0.8382	1.8703	0.1087	0.2126	0.6787	2021
2022-02-15	Manchester United	Brighton	Man United	Brighton	2.7494	1.2618	0.7164	0.1755	0.1081	2021
2022-02-19	Manchester City	Tottenham	Man City	Tottenham	2.3177	2.0023	0.4423	0.2534	0.3043	2021
2022-02-19	West Ham	Newcastle United	West Ham	Newcastle	0.8479	0.9326	0.3023	0.3338	0.3639	2021
2022-02-19	Southampton	Everton	Southampton	Everton	2.7285	0.1999	0.9461	0.0472	0.0067	2021
2022-02-19	Crystal Palace	Chelsea	Crystal Palace	Chelsea	0.624	1.1234	0.1768	0.3128	0.5104	2021
2022-02-19	Aston Villa	Watford	Aston Villa	Watford	1.0267	1.8205	0.1601	0.2347	0.6052	2021
2022-02-19	Brighton	Burnley	Brighton	Burnley	0.4459	0.8212	0.1732	0.3904	0.4364	2021
2022-02-19	Arsenal	Brentford	Arsenal	Brentford	1.5225	0.6407	0.5994	0.2707	0.1299	2021
2022-02-19	Liverpool	Norwich	Liverpool	Norwich	3.1545	0.6697	0.8884	0.0846	0.027	2021
2022-02-20	Leeds	Manchester United	Leeds	Man United	1.7448	2.61	0.1986	0.2134	0.588	2021
2022-02-20	Wolverhampton Wanderers	Leicester	Wolves	Leicester	0.4728	1.5505	0.0684	0.2026	0.729	2021
2022-02-23	Burnley	Tottenham	Burnley	Tottenham	1.5558	0.6917	0.6341	0.2428	0.1231	2021
2022-02-23	Liverpool	Leeds	Liverpool	Leeds	5.3303	0.1415	0.9989	0.0009	0.0002	2021
2022-02-23	Watford	Crystal Palace	Watford	Crystal Palace	1.7192	0.8184	0.6465	0.2321	0.1214	2021
2022-02-24	Arsenal	Wolverhampton Wanderers	Arsenal	Wolves	2.5096	1.1093	0.6983	0.1833	0.1184	2021
2022-02-25	Southampton	Norwich	Southampton	Norwich	3.0886	0.4249	0.9377	0.0517	0.0106	2021
2022-02-26	Leeds	Tottenham	Leeds	Tottenham	1.8957	2.4703	0.2622	0.2219	0.5159	2021
2022-02-26	Everton	Manchester City	Everton	Man City	0.7708	1.9342	0.0832	0.2007	0.7161	2021
2022-02-26	Manchester United	Watford	Man United	Watford	2.4146	0.4372	0.8563	0.11	0.0337	2021
2022-02-26	Brighton	Aston Villa	Brighton	Aston Villa	0.6271	1.3027	0.1398	0.2854	0.5748	2021
2022-02-26	Brentford	Newcastle United	Brentford	Newcastle	0.4942	2.2537	0.0526	0.1455	0.8019	2021
2022-02-26	Crystal Palace	Burnley	Crystal Palace	Burnley	1.0376	0.256	0.6096	0.3126	0.0778	2021
2022-02-27	West Ham	Wolverhampton Wanderers	West Ham	Wolves	1.6224	0.892	0.5753	0.2599	0.1648	2021
2022-03-01	Burnley	Leicester	Burnley	Leicester	1.0421	1.7956	0.1832	0.2556	0.5612	2021
2022-03-05	Aston Villa	Southampton	Aston Villa	Southampton	2.8538	1.3295	0.7295	0.1611	0.1094	2021
2022-03-05	Burnley	Chelsea	Burnley	Chelsea	0.8492	2.2868	0.0457	0.1645	0.7898	2021
2022-03-05	Leicester	Leeds	Leicester	Leeds	0.3591	2.1439	0.0357	0.1297	0.8346	2021
2022-03-05	Liverpool	West Ham	Liverpool	West Ham	2.1886	1.3383	0.584	0.2236	0.1924	2021
2022-03-05	Newcastle United	Brighton	Newcastle	Brighton	1.5803	1.65	0.3317	0.3001	0.3682	2021
2022-03-05	Norwich	Brentford	Norwich	Brentford	0.7733	2.2206	0.0623	0.1576	0.7801	2021
2022-03-05	Wolverhampton Wanderers	Crystal Palace	Wolves	Crystal Palace	0.7109	2.5376	0.0251	0.1048	0.8701	2021
2022-03-06	Manchester City	Manchester United	Man City	Man United	2.7443	0.3618	0.9161	0.0698	0.0141	2021
2022-03-06	Watford	Arsenal	Watford	Arsenal	1.296	1.0046	0.4352	0.2822	0.2826	2021
2022-03-07	Tottenham	Everton	Tottenham	Everton	3.2428	0.2083	0.9667	0.0292	0.0041	2021
2022-03-10	Leeds	Aston Villa	Leeds	Aston Villa	0.194	1.2729	0.0501	0.2776	0.6723	2021
2022-03-10	Norwich	Chelsea	Norwich	Chelsea	0.9657	2.1308	0.1051	0.2256	0.6693	2021
2022-03-10	Southampton	Newcastle United	Southampton	Newcastle	1.7983	0.8122	0.6582	0.2201	0.1217	2021
2022-03-10	Wolverhampton Wanderers	Watford	Wolves	Watford	1.5504	0.4987	0.6761	0.232	0.0919	2021
2022-03-12	Brighton	Liverpool	Brighton	Liverpool	0.6293	2.4831	0.0461	0.129	0.8249	2021
2022-03-12	Manchester United	Tottenham	Man United	Tottenham	1.0181	1.6237	0.181	0.2835	0.5355	2021
2022-03-12	Brentford	Burnley	Brentford	Burnley	1.82	0.8253	0.6573	0.2307	0.112	2021
2022-03-13	Arsenal	Leicester	Arsenal	Leicester	2.9367	0.5491	0.9049	0.0764	0.0187	2021
2022-03-13	Chelsea	Newcastle United	Chelsea	Newcastle	1.0707	0.246	0.6359	0.2889	0.0752	2021
2022-03-13	Everton	Wolverhampton Wanderers	Everton	Wolves	0.3973	0.7121	0.1826	0.4282	0.3892	2021
2022-03-13	Leeds	Norwich	Leeds	Norwich	3.1176	1.4015	0.7975	0.1353	0.0672	2021
2022-03-13	Southampton	Watford	Southampton	Watford	1.257	1.2938	0.3447	0.301	0.3543	2021
2022-03-13	West Ham	Aston Villa	West Ham	Aston Villa	1.5847	1.0539	0.5163	0.2757	0.208	2021
2022-03-14	Crystal Palace	Manchester City	Crystal Palace	Man City	0.474	2.0402	0.0494	0.1491	0.8015	2021
2022-03-16	Arsenal	Liverpool	Arsenal	Liverpool	0.5343	1.2768	0.0976	0.2918	0.6106	2021
2022-03-16	Brighton	Tottenham	Brighton	Tottenham	1.0417	2.052	0.1605	0.2169	0.6226	2021
2022-03-17	Everton	Newcastle United	Everton	Newcastle	0.7088	0.758	0.3027	0.379	0.3183	2021
2022-03-18	Wolverhampton Wanderers	Leeds	Wolves	Leeds	1.2408	2.821	0.0922	0.1545	0.7533	2021
2022-03-19	Aston Villa	Arsenal	Aston Villa	Arsenal	0.3094	1.1452	0.0769	0.2868	0.6363	2021
2022-03-20	Leicester	Brentford	Leicester	Brentford	1.2787	1.7247	0.252	0.2548	0.4932	2021
2022-03-20	Tottenham	West Ham	Tottenham	West Ham	2.548	0.645	0.8351	0.1195	0.0454	2021
2022-04-02	Manchester United	Leicester	Man United	Leicester	0.9021	1.0764	0.2852	0.3279	0.3869	2021
2022-04-02	Wolverhampton Wanderers	Aston Villa	Wolves	Aston Villa	1.6215	1.9126	0.2791	0.2878	0.4331	2021
2022-04-02	Leeds	Southampton	Leeds	Southampton	1.5071	2.0639	0.2164	0.2597	0.5239	2021
2022-04-02	Liverpool	Watford	Liverpool	Watford	2.2365	0.7533	0.7652	0.1699	0.0649	2021
2022-04-02	Burnley	Manchester City	Burnley	Man City	0.0591	1.6201	0.009	0.1616	0.8294	2021
2022-04-02	Brighton	Norwich	Brighton	Norwich	2.383	0.4941	0.8485	0.1194	0.0321	2021
2022-04-02	Chelsea	Brentford	Chelsea	Brentford	1.2901	2.4342	0.1611	0.188	0.6509	2021
2022-04-03	Tottenham	Newcastle United	Tottenham	Newcastle	3.6081	0.5382	0.9481	0.0412	0.0107	2021
2022-04-03	West Ham	Everton	West Ham	Everton	1.4966	0.6578	0.6251	0.2475	0.1274	2021
2022-04-04	Crystal Palace	Arsenal	Crystal Palace	Arsenal	1.3971	1.052	0.4606	0.3009	0.2385	2021
2022-04-06	Burnley	Everton	Burnley	Everton	2.2444	2.3157	0.3419	0.2811	0.377	2021
2022-04-08	Newcastle United	Wolverhampton Wanderers	Newcastle	Wolves	1.4388	0.3069	0.755	0.1963	0.0487	2021
2022-04-09	Aston Villa	Tottenham	Aston Villa	Tottenham	1.4871	0.9836	0.4892	0.2806	0.2302	2021
2022-04-09	Arsenal	Brighton	Arsenal	Brighton	2.3515	0.5961	0.8228	0.1343	0.0429	2021
2022-04-09	Everton	Manchester United	Everton	Man United	0.3573	0.7624	0.1532	0.4059	0.4409	2021
2022-04-09	Southampton	Chelsea	Southampton	Chelsea	0.5647	4.3968	0.0014	0.0138	0.9848	2021
2022-04-09	Watford	Leeds	Watford	Leeds	1.0742	0.8956	0.3941	0.3534	0.2525	2021
2022-04-10	Manchester City	Liverpool	Man City	Liverpool	1.3465	1.2998	0.3523	0.2984	0.3493	2021
2022-04-10	Norwich	Burnley	Norwich	Burnley	1.6723	1.4465	0.4191	0.2754	0.3055	2021
2022-04-10	Brentford	West Ham	Brentford	West Ham	1.8553	0.2448	0.8373	0.1364	0.0263	2021
2022-04-10	Leicester	Crystal Palace	Leicester	Crystal Palace	0.8792	1.5277	0.1683	0.2787	0.553	2021
2022-04-16	Watford	Brentford	Watford	Brentford	1.5038	2.1246	0.2041	0.2595	0.5364	2021
2022-04-16	Tottenham	Brighton	Tottenham	Brighton	0.5862	0.7112	0.2559	0.4088	0.3353	2021
2022-04-16	Manchester United	Norwich	Man United	Norwich	1.6674	1.7975	0.3489	0.2449	0.4062	2021
2022-04-16	Southampton	Arsenal	Southampton	Arsenal	1.0401	1.35	0.2731	0.3173	0.4096	2021
2022-04-17	Newcastle United	Leicester	Newcastle	Leicester	2.5429	0.5411	0.895	0.0821	0.0229	2021
2022-04-17	West Ham	Burnley	West Ham	Burnley	2.7917	1.8814	0.6115	0.2322	0.1563	2021
2022-04-19	Liverpool	Manchester United	Liverpool	Man United	2.2597	0.1102	0.915	0.0774	0.0076	2021
2022-04-20	Chelsea	Arsenal	Chelsea	Arsenal	0.5938	1.8733	0.0793	0.1879	0.7328	2021
2022-04-20	Everton	Leicester	Everton	Leicester	1.6882	0.7863	0.6266	0.2378	0.1356	2021
2022-04-20	Manchester City	Brighton	Man City	Brighton	1.5284	0.1174	0.7751	0.2009	0.024	2021
2022-04-20	Newcastle United	Crystal Palace	Newcastle	Crystal Palace	0.7679	0.4328	0.4098	0.4012	0.189	2021
2022-04-21	Burnley	Southampton	Burnley	Southampton	2.1474	1.3184	0.585	0.2289	0.1861	2021
2022-04-23	Manchester City	Watford	Man City	Watford	3.68	0.4263	0.9691	0.0259	0.005	2021
2022-04-23	Arsenal	Manchester United	Arsenal	Man United	2.5417	2.0424	0.51	0.2479	0.2421	2021
2022-04-23	Brentford	Tottenham	Brentford	Tottenham	1.3153	0.5178	0.5837	0.2863	0.13	2021
2022-04-23	Leicester	Aston Villa	Leicester	Aston Villa	0.2356	0.5932	0.1237	0.487	0.3893	2021
2022-04-23	Norwich	Newcastle United	Norwich	Newcastle	0.6577	1.8756	0.0832	0.1983	0.7185	2021
2022-04-24	Liverpool	Everton	Liverpool	Everton	1.704	0.425	0.734	0.2012	0.0648	2021
2022-04-24	Chelsea	West Ham	Chelsea	West Ham	2.3496	0.389	0.8626	0.1106	0.0268	2021
2022-04-24	Burnley	Wolverhampton Wanderers	Burnley	Wolves	1.273	0.5929	0.5697	0.2862	0.1441	2021
2022-04-24	Brighton	Southampton	Brighton	Southampton	1.8734	0.9268	0.6878	0.2058	0.1064	2021
2022-04-25	Crystal Palace	Leeds	Crystal Palace	Leeds	1.6166	0.374	0.7322	0.2035	0.0643	2021
2022-04-28	Manchester United	Chelsea	Man United	Chelsea	0.6185	2.4687	0.0457	0.1281	0.8262	2021
2022-04-30	Aston Villa	Norwich	Aston Villa	Norwich	2.3119	0.3522	0.8501	0.1195	0.0304	2021
2022-04-30	Leeds	Manchester City	Leeds	Man City	1.0361	3.0143	0.0594	0.1226	0.818	2021
2022-04-30	Newcastle United	Liverpool	Newcastle	Liverpool	0.1154	2.7344	0.0014	0.0238	0.9748	2021
2022-04-30	Southampton	Crystal Palace	Southampton	Crystal Palace	0.6503	0.7562	0.284	0.3733	0.3427	2021
2022-04-30	Watford	Burnley	Watford	Burnley	0.7857	1.3702	0.1972	0.2778	0.525	2021
2022-04-30	Wolverhampton Wanderers	Brighton	Wolves	Brighton	0.5259	2.9068	0.0198	0.0584	0.9218	2021
2022-05-01	Everton	Chelsea	Everton	Chelsea	1.1171	1.2114	0.3188	0.3054	0.3758	2021
2022-05-01	Tottenham	Leicester	Tottenham	Leicester	1.6534	0.2741	0.757	0.195	0.048	2021
2022-05-01	West Ham	Arsenal	West Ham	Arsenal	0.452	0.9646	0.166	0.3572	0.4768	2021
2022-05-02	Manchester United	Brentford	Man United	Brentford	1.8411	0.6814	0.7204	0.1998	0.0798	2021
2022-05-07	Liverpool	Tottenham	Liverpool	Tottenham	1.0481	0.9826	0.3415	0.3248	0.3337	2021
2022-05-07	Crystal Palace	Watford	Crystal Palace	Watford	2.4914	0.2554	0.9269	0.0629	0.0102	2021
2022-05-07	Chelsea	Wolverhampton Wanderers	Chelsea	Wolves	1.821	1.6842	0.4094	0.259	0.3316	2021
2022-05-07	Burnley	Aston Villa	Burnley	Aston Villa	1.3103	1.8126	0.2284	0.2801	0.4915	2021
2022-05-07	Brighton	Manchester United	Brighton	Man United	2.8264	0.9307	0.8485	0.1119	0.0396	2021
2022-05-07	Brentford	Southampton	Brentford	Southampton	3.6822	0.9886	0.9076	0.0664	0.026	2021
2022-05-08	Arsenal	Leeds	Arsenal	Leeds	2.7227	0.6968	0.8509	0.1136	0.0355	2021
2022-05-08	Leicester	Everton	Leicester	Everton	1.4748	1.5563	0.3328	0.281	0.3862	2021
2022-05-08	Manchester City	Newcastle United	Man City	Newcastle	4.0561	0.9951	0.9449	0.0407	0.0144	2021
2022-05-08	Norwich	West Ham	Norwich	West Ham	0.779	3.2589	0.0105	0.0483	0.9412	2021
2022-05-10	Aston Villa	Liverpool	Aston Villa	Liverpool	1.4473	1.7542	0.2466	0.3355	0.4179	2021
2022-05-11	Leeds	Chelsea	Leeds	Chelsea	0.4998	1.4685	0.1113	0.2727	0.616	2021
2022-05-11	Leicester	Norwich	Leicester	Norwich	2.5706	1.2197	0.7056	0.1875	0.1069	2021
2022-05-11	Watford	Everton	Watford	Everton	0.2322	0.8122	0.0908	0.4161	0.4931	2021
2022-05-11	Wolverhampton Wanderers	Manchester City	Wolves	Man City	0.4119	3.393	0.006	0.0354	0.9586	2021
2022-05-12	Tottenham	Arsenal	Tottenham	Arsenal	3.4252	0.3874	0.9603	0.0337	0.006	2021
2022-05-15	Wolverhampton Wanderers	Norwich	Wolves	Norwich	0.9991	1.5321	0.2166	0.2746	0.5088	2021
2022-05-15	Watford	Leicester	Watford	Leicester	2.5897	2.273	0.4551	0.2287	0.3162	2021
2022-05-15	Tottenham	Burnley	Tottenham	Burnley	2.3945	0.6299	0.8218	0.1317	0.0465	2021
2022-05-15	West Ham	Manchester City	West Ham	Man City	1.0088	2.1472	0.1188	0.2122	0.669	2021
2022-05-15	Everton	Brentford	Everton	Brentford	2.6959	1.8163	0.6124	0.1977	0.1899	2021
2022-05-15	Leeds	Brighton	Leeds	Brighton	2.2228	2.259	0.3793	0.226	0.3947	2021
2022-05-15	Aston Villa	Crystal Palace	Aston Villa	Crystal Palace	0.7994	1.3901	0.1488	0.2957	0.5555	2021
2022-05-16	Newcastle United	Arsenal	Newcastle	Arsenal	1.683	0.4925	0.7075	0.2077	0.0848	2021
2022-05-17	Southampton	Liverpool	Southampton	Liverpool	0.1215	1.1918	0.032	0.2996	0.6684	2021
2022-05-19	Aston Villa	Burnley	Aston Villa	Burnley	0.9964	1.6312	0.1754	0.2434	0.5812	2021
2022-05-19	Chelsea	Leicester	Chelsea	Leicester	1.62	0.0418	0.835	0.1584	0.0066	2021
2022-05-19	Everton	Crystal Palace	Everton	Crystal Palace	0.8132	1.6023	0.1151	0.2604	0.6245	2021
2022-05-22	Liverpool	Wolverhampton Wanderers	Liverpool	Wolves	3.1938	1.1171	0.8332	0.1119	0.0549	2021
2022-05-22	Leicester	Southampton	Leicester	Southampton	3.4206	1.0514	0.9057	0.0717	0.0226	2021
2022-05-22	Crystal Palace	Manchester United	Crystal Palace	Man United	0.3546	0.782	0.1466	0.4028	0.4506	2021
2022-05-22	Chelsea	Watford	Chelsea	Watford	2.5923	0.5758	0.8571	0.1059	0.037	2021
2022-05-22	Arsenal	Everton	Arsenal	Everton	4.356	1.086	0.963	0.0318	0.0052	2021
2022-05-22	Brighton	West Ham	Brighton	West Ham	1.6777	0.2688	0.7693	0.1843	0.0464	2021
2022-05-22	Brentford	Leeds	Brentford	Leeds	0.845	1.4779	0.169	0.2727	0.5583	2021
2022-05-22	Manchester City	Aston Villa	Man City	Aston Villa	3.3209	0.2478	0.9766	0.0197	0.0037	2021
2022-05-22	Burnley	Newcastle United	Burnley	Newcastle	1.4916	1.7429	0.276	0.2986	0.4254	2021
2022-05-22	Norwich	Tottenham	Norwich	Tottenham	0.3108	3.815	0.002	0.0157	0.9823	2021
2022-08-05	Crystal Palace	Arsenal	Crystal Palace	Arsenal	1.2064	1.436	0.2864	0.2912	0.4224	2022
2022-08-06	Bournemouth	Aston Villa	Bournemouth	Aston Villa	0.5883	0.4889	0.3213	0.4397	0.239	2022
2022-08-06	Everton	Chelsea	Everton	Chelsea	0.542	1.9231	0.06	0.1717	0.7683	2022
2022-08-06	Fulham	Liverpool	Fulham	Liverpool	1.2682	2.3411	0.1225	0.2133	0.6642	2022
2022-08-06	Leeds	Wolverhampton Wanderers	Leeds	Wolves	0.8892	1.1012	0.2798	0.3166	0.4036	2022
2022-08-06	Newcastle United	Nottingham Forest	Newcastle	Nott'm Forest	1.8591	0.2358	0.8023	0.1695	0.0282	2022
2022-08-06	Tottenham	Southampton	Tottenham	Southampton	1.6172	0.3865	0.7002	0.2209	0.0789	2022
2022-08-07	Manchester United	Brighton	Man United	Brighton	1.421	1.7289	0.281	0.269	0.45	2022
2022-08-07	West Ham	Manchester City	West Ham	Man City	0.2462	2.5874	0.0083	0.0551	0.9366	2022
2022-08-07	Leicester	Brentford	Leicester	Brentford	0.4557	0.9311	0.1615	0.3491	0.4894	2022
2022-08-13	Arsenal	Leicester	Arsenal	Leicester	3.0107	0.6907	0.8878	0.0853	0.0269	2022
2022-08-13	Aston Villa	Everton	Aston Villa	Everton	2.667	1.3751	0.7131	0.1861	0.1008	2022
2022-08-13	Brentford	Manchester United	Brentford	Man United	1.3879	0.896	0.4929	0.2947	0.2124	2022
2022-08-13	Brighton	Newcastle United	Brighton	Newcastle	1.6083	0.184	0.791	0.1797	0.0293	2022
2022-08-13	Manchester City	Bournemouth	Man City	Bournemouth	1.6906	0.1239	0.8105	0.1721	0.0174	2022
2022-08-13	Southampton	Leeds	Southampton	Leeds	1.4091	1.9969	0.2126	0.2674	0.52	2022
2022-08-13	Wolverhampton Wanderers	Fulham	Wolves	Fulham	0.9754	1.0881	0.2638	0.3644	0.3718	2022
2022-08-14	Chelsea	Tottenham	Chelsea	Tottenham	1.8395	1.5871	0.4329	0.2553	0.3118	2022
2022-08-14	Nottingham Forest	West Ham	Nott'm Forest	West Ham	1.9717	2.0863	0.3469	0.2571	0.396	2022
2022-08-15	Liverpool	Crystal Palace	Liverpool	Crystal Palace	2.236	1.6447	0.5129	0.231	0.2561	2022
2022-08-20	Bournemouth	Arsenal	Bournemouth	Arsenal	0.2113	1.7108	0.0283	0.1571	0.8146	2022
2022-08-20	Crystal Palace	Aston Villa	Crystal Palace	Aston Villa	2.9114	0.8038	0.865	0.0964	0.0386	2022
2022-08-20	Everton	Nottingham Forest	Everton	Nott'm Forest	1.4341	0.9183	0.5009	0.2717	0.2274	2022
2022-08-20	Fulham	Brentford	Fulham	Brentford	2.8993	1.5935	0.7051	0.1816	0.1133	2022
2022-08-20	Leicester	Southampton	Leicester	Southampton	0.2429	1.2415	0.0592	0.2702	0.6706	2022
2022-08-20	Tottenham	Wolverhampton Wanderers	Tottenham	Wolves	1.4661	0.6861	0.593	0.2565	0.1505	2022
2022-08-21	Leeds	Chelsea	Leeds	Chelsea	2.2097	0.6925	0.8405	0.1271	0.0324	2022
2022-08-21	Newcastle United	Manchester City	Newcastle	Man City	2.2127	3.6738	0.1483	0.1574	0.6943	2022
2022-08-21	West Ham	Brighton	West Ham	Brighton	0.7686	1.8264	0.1043	0.2129	0.6828	2022
2022-08-22	Manchester United	Liverpool	Man United	Liverpool	2.0176	1.523	0.4942	0.2493	0.2565	2022
2022-08-27	Manchester City	Crystal Palace	Man City	Crystal Palace	2.3853	0.092	0.9376	0.057	0.0054	2022
2022-08-27	Liverpool	Bournemouth	Liverpool	Bournemouth	4.8604	0.181	0.9985	0.0014	0.0001	2022
2022-08-27	Chelsea	Leicester	Chelsea	Leicester	1.7492	1.9602	0.3295	0.2616	0.4089	2022
2022-08-27	Southampton	Manchester United	Southampton	Man United	1.3589	1.3436	0.3237	0.3356	0.3407	2022
2022-08-27	Brentford	Everton	Brentford	Everton	2.2839	1.6546	0.5416	0.2321	0.2263	2022
2022-08-27	Arsenal	Fulham	Arsenal	Fulham	2.4743	0.926	0.7576	0.165	0.0774	2022
2022-08-27	Brighton	Leeds	Brighton	Leeds	1.6099	1.1487	0.4733	0.2893	0.2374	2022
2022-08-28	Aston Villa	West Ham	Aston Villa	West Ham	0.3046	0.3346	0.1929	0.5741	0.233	2022
2022-08-28	Nottingham Forest	Tottenham	Nott'm Forest	Tottenham	0.8014	2.4447	0.0753	0.1383	0.7864	2022
2022-08-28	Wolverhampton Wanderers	Newcastle United	Wolves	Newcastle	1.1325	1.9336	0.1904	0.2345	0.5751	2022
2022-08-30	Leeds	Everton	Leeds	Everton	1.0455	1.1719	0.3025	0.3131	0.3844	2022
2022-08-30	Southampton	Chelsea	Southampton	Chelsea	1.4409	1.5047	0.3329	0.2916	0.3755	2022
2022-08-30	Crystal Palace	Brentford	Crystal Palace	Brentford	0.7774	1.6181	0.1616	0.2398	0.5986	2022
2022-08-30	Fulham	Brighton	Fulham	Brighton	1.0709	1.7536	0.1682	0.2629	0.5689	2022
2022-08-31	Arsenal	Aston Villa	Arsenal	Aston Villa	2.7997	0.2972	0.9316	0.0579	0.0105	2022
2022-08-31	Bournemouth	Wolverhampton Wanderers	Bournemouth	Wolves	0.362	1.5325	0.0649	0.2238	0.7113	2022
2022-08-31	Liverpool	Newcastle United	Liverpool	Newcastle	1.7612	0.6435	0.6785	0.2216	0.0999	2022
2022-08-31	Manchester City	Nottingham Forest	Man City	Nott'm Forest	3.8376	0.7298	0.9435	0.0444	0.0121	2022
2022-08-31	West Ham	Tottenham	West Ham	Tottenham	1.5227	0.7233	0.5865	0.2581	0.1554	2022
2022-09-01	Leicester	Manchester United	Leicester	Man United	0.6153	1.0997	0.1672	0.3399	0.4929	2022
2022-09-03	Tottenham	Fulham	Tottenham	Fulham	2.6782	0.3816	0.9103	0.072	0.0177	2022
2022-09-03	Wolverhampton Wanderers	Southampton	Wolves	Southampton	1.1004	1.2084	0.3189	0.3149	0.3662	2022
2022-09-03	Nottingham Forest	Bournemouth	Nott'm Forest	Bournemouth	1.329	0.905	0.488	0.3058	0.2062	2022
2022-09-03	Newcastle United	Crystal Palace	Newcastle	Crystal Palace	2.9067	0.9206	0.8161	0.1241	0.0598	2022
2022-09-03	Chelsea	West Ham	Chelsea	West Ham	0.7073	1.4196	0.1001	0.2892	0.6107	2022
2022-09-03	Brentford	Leeds	Brentford	Leeds	2.7485	1.796	0.6119	0.2192	0.1689	2022
2022-09-03	Aston Villa	Manchester City	Aston Villa	Man City	0.2794	1.9214	0.029	0.1347	0.8363	2022
2022-09-03	Everton	Liverpool	Everton	Liverpool	1.3917	1.3862	0.373	0.2708	0.3562	2022
2022-09-04	Brighton	Leicester	Brighton	Leicester	2.7317	1.0655	0.7719	0.1533	0.0748	2022
2022-09-04	Manchester United	Arsenal	Man United	Arsenal	2.029	1.4224	0.5287	0.2353	0.236	2022
2022-09-16	Aston Villa	Southampton	Aston Villa	Southampton	1.3437	0.2183	0.7544	0.2115	0.0341	2022
2022-09-16	Nottingham Forest	Fulham	Nott'm Forest	Fulham	1.4154	1.3496	0.3774	0.2812	0.3414	2022
2022-09-17	Newcastle United	Bournemouth	Newcastle	Bournemouth	1.5476	0.9769	0.5126	0.303	0.1844	2022
2022-09-17	Tottenham	Leicester	Tottenham	Leicester	1.9862	1.5945	0.4664	0.2515	0.2821	2022
2022-09-17	Wolverhampton Wanderers	Manchester City	Wolves	Man City	0.311	1.4242	0.0615	0.2244	0.7141	2022
2022-09-18	Brentford	Arsenal	Brentford	Arsenal	0.5401	1.3202	0.1394	0.2865	0.5741	2022
2022-09-18	Everton	West Ham	Everton	West Ham	0.3977	0.6554	0.1859	0.4494	0.3647	2022
2022-10-01	Liverpool	Brighton	Liverpool	Brighton	2.1515	2.3657	0.3275	0.2387	0.4338	2022
2022-10-01	West Ham	Wolverhampton Wanderers	West Ham	Wolves	1.0393	0.576	0.4659	0.3317	0.2024	2022
2022-10-01	Southampton	Everton	Southampton	Everton	1.9596	1.9998	0.3591	0.245	0.3959	2022
2022-10-01	Fulham	Newcastle United	Fulham	Newcastle	0.6837	4.672	0.0008	0.0059	0.9933	2022
2022-10-01	Crystal Palace	Chelsea	Crystal Palace	Chelsea	0.7099	1.2551	0.1777	0.3084	0.5139	2022
2022-10-01	Bournemouth	Brentford	Bournemouth	Brentford	0.7581	1.046	0.2475	0.3269	0.4256	2022
2022-10-01	Arsenal	Tottenham	Arsenal	Tottenham	2.484	1.5027	0.6233	0.2347	0.142	2022
2022-10-02	Leeds	Aston Villa	Leeds	Aston Villa	0.2986	1.8964	0.0342	0.1457	0.8201	2022
2022-10-02	Manchester City	Manchester United	Man City	Man United	3.011	1.7133	0.6839	0.1915	0.1246	2022
2022-10-03	Leicester	Nottingham Forest	Leicester	Nott'm Forest	1.2497	1.2217	0.3618	0.2848	0.3534	2022
2022-10-08	Newcastle United	Brentford	Newcastle	Brentford	2.4463	1.1347	0.7371	0.1881	0.0748	2022
2022-10-08	Manchester City	Southampton	Man City	Southampton	2.7354	0.1011	0.942	0.0531	0.0049	2022
2022-10-08	Chelsea	Wolverhampton Wanderers	Chelsea	Wolves	2.4309	0.7484	0.7831	0.143	0.0739	2022
2022-10-08	Brighton	Tottenham	Brighton	Tottenham	0.8997	0.7716	0.3516	0.3567	0.2917	2022
2022-10-08	Bournemouth	Leicester	Bournemouth	Leicester	1.1489	1.1812	0.3192	0.3312	0.3496	2022
2022-10-09	Arsenal	Liverpool	Arsenal	Liverpool	2.8197	0.7652	0.8957	0.0875	0.0168	2022
2022-10-09	Crystal Palace	Leeds	Crystal Palace	Leeds	1.6519	1.0656	0.5257	0.2625	0.2118	2022
2022-10-09	Everton	Manchester United	Everton	Man United	0.3658	1.8261	0.0485	0.1658	0.7857	2022
2022-10-09	West Ham	Fulham	West Ham	Fulham	3.4368	0.5498	0.9548	0.0369	0.0083	2022
2022-10-10	Nottingham Forest	Aston Villa	Nott'm Forest	Aston Villa	0.2213	0.6572	0.1074	0.4655	0.4271	2022
2022-10-14	Brentford	Brighton	Brentford	Brighton	1.9064	2.1567	0.308	0.27	0.422	2022
2022-10-15	Wolverhampton Wanderers	Nottingham Forest	Wolves	Nott'm Forest	1.2237	1.2476	0.3039	0.378	0.3181	2022
2022-10-15	Tottenham	Everton	Tottenham	Everton	2.4941	0.56	0.8457	0.1223	0.032	2022
2022-10-15	Leicester	Crystal Palace	Leicester	Crystal Palace	0.9734	0.3468	0.5272	0.3513	0.1215	2022
2022-10-15	Fulham	Bournemouth	Fulham	Bournemouth	1.6174	1.6283	0.3546	0.2867	0.3587	2022
2022-10-16	Aston Villa	Chelsea	Aston Villa	Chelsea	2.4454	1.2364	0.6794	0.1924	0.1282	2022
2022-10-16	Leeds	Arsenal	Leeds	Arsenal	2.0223	0.8218	0.6846	0.2144	0.101	2022
2022-10-16	Liverpool	Manchester City	Liverpool	Man City	1.9992	0.9115	0.6548	0.2089	0.1363	2022
2022-10-16	Manchester United	Newcastle United	Man United	Newcastle	1.4161	0.7882	0.5506	0.278	0.1714	2022
2022-10-16	Southampton	West Ham	Southampton	West Ham	0.5245	1.7073	0.0936	0.2206	0.6858	2022
2022-10-18	Brighton	Nottingham Forest	Brighton	Nott'm Forest	2.1019	0.195	0.8805	0.104	0.0155	2022
2022-10-18	Crystal Palace	Wolverhampton Wanderers	Crystal Palace	Wolves	1.2562	0.8578	0.4633	0.2981	0.2386	2022
2022-10-19	Newcastle United	Everton	Newcastle	Everton	1.1339	0.061	0.6685	0.3125	0.019	2022
2022-10-19	Manchester United	Tottenham	Man United	Tottenham	1.7097	0.6585	0.6423	0.2415	0.1162	2022
2022-10-19	Bournemouth	Southampton	Bournemouth	Southampton	0.8105	1.2388	0.213	0.2994	0.4876	2022
2022-10-19	Brentford	Chelsea	Brentford	Chelsea	1.4523	0.5574	0.6519	0.2453	0.1028	2022
2022-10-19	Liverpool	West Ham	Liverpool	West Ham	2.2407	2.4865	0.3183	0.2359	0.4458	2022
2022-10-20	Fulham	Aston Villa	Fulham	Aston Villa	2.892	0.7115	0.8816	0.0849	0.0335	2022
2022-10-20	Leicester	Leeds	Leicester	Leeds	0.6552	1.1946	0.1801	0.3123	0.5076	2022
2022-10-22	Nottingham Forest	Liverpool	Nott'm Forest	Liverpool	2.5016	2.1975	0.4594	0.2303	0.3103	2022
2022-10-22	Manchester City	Brighton	Man City	Brighton	1.8624	0.5286	0.7596	0.18	0.0604	2022
2022-10-22	Everton	Crystal Palace	Everton	Crystal Palace	1.934	0.5972	0.7649	0.1702	0.0649	2022
2022-10-22	Chelsea	Manchester United	Chelsea	Man United	1.2024	0.7309	0.5149	0.3177	0.1674	2022
2022-10-23	Aston Villa	Brentford	Aston Villa	Brentford	3.4562	1.0046	0.9111	0.0678	0.0211	2022
2022-10-23	Leeds	Fulham	Leeds	Fulham	1.9638	2.4751	0.2725	0.2214	0.5061	2022
2022-10-23	Southampton	Arsenal	Southampton	Arsenal	0.6227	1.579	0.1135	0.2527	0.6338	2022
2022-10-23	Tottenham	Newcastle United	Tottenham	Newcastle	1.5651	1.1294	0.4711	0.2735	0.2554	2022
2022-10-23	Wolverhampton Wanderers	Leicester	Wolves	Leicester	1.6179	0.9891	0.5134	0.2724	0.2142	2022
2022-10-24	West Ham	Bournemouth	West Ham	Bournemouth	1.9771	0.7304	0.7246	0.2045	0.0709	2022
2022-10-29	Bournemouth	Tottenham	Bournemouth	Tottenham	0.8875	2.1946	0.1026	0.1995	0.6979	2022
2022-10-29	Brentford	Wolverhampton Wanderers	Brentford	Wolves	1.2926	0.5576	0.5841	0.2769	0.139	2022
2022-10-29	Brighton	Chelsea	Brighton	Chelsea	2.881	1.0755	0.8126	0.1331	0.0543	2022
2022-10-29	Crystal Palace	Southampton	Crystal Palace	Southampton	1.0038	1.358	0.2594	0.3006	0.44	2022
2022-10-29	Fulham	Everton	Fulham	Everton	1.7644	1.1917	0.5075	0.27	0.2225	2022
2022-10-29	Leicester	Manchester City	Leicester	Man City	0.6936	0.7038	0.3111	0.381	0.3079	2022
2022-10-29	Liverpool	Leeds	Liverpool	Leeds	1.9089	1.6127	0.4399	0.2565	0.3036	2022
2022-10-29	Newcastle United	Aston Villa	Newcastle	Aston Villa	4.1881	0.2708	0.9905	0.0086	0.0009	2022
2022-10-30	Manchester United	West Ham	Man United	West Ham	1.7514	1.0003	0.5661	0.2616	0.1723	2022
2022-10-30	Arsenal	Nottingham Forest	Arsenal	Nott'm Forest	3.007	0.2061	0.9566	0.0379	0.0055	2022
2022-11-05	Everton	Leicester	Everton	Leicester	1.3729	2.2679	0.205	0.2148	0.5802	2022
2022-11-05	Leeds	Bournemouth	Leeds	Bournemouth	2.2253	1.5559	0.5481	0.2398	0.2121	2022
2022-11-05	Manchester City	Fulham	Man City	Fulham	2.3933	0.8439	0.7901	0.1705	0.0394	2022
2022-11-05	Nottingham Forest	Brentford	Nott'm Forest	Brentford	1.297	1.2204	0.348	0.3175	0.3345	2022
2022-11-05	Wolverhampton Wanderers	Brighton	Wolves	Brighton	1.2925	1.8738	0.2155	0.2709	0.5136	2022
2022-11-06	Aston Villa	Manchester United	Aston Villa	Man United	0.5786	0.5172	0.298	0.4411	0.2609	2022
2022-11-06	Chelsea	Arsenal	Chelsea	Arsenal	0.2788	2.3785	0.0122	0.0736	0.9142	2022
2022-11-06	Southampton	Newcastle United	Southampton	Newcastle	1.6523	1.421	0.4256	0.2807	0.2937	2022
2022-11-06	Tottenham	Liverpool	Tottenham	Liverpool	1.8174	1.4655	0.4503	0.2538	0.2959	2022
2022-11-06	West Ham	Crystal Palace	West Ham	Crystal Palace	0.1926	1.0334	0.0601	0.3321	0.6078	2022
2022-11-12	West Ham	Leicester	West Ham	Leicester	0.7207	1.6057	0.122	0.2312	0.6468	2022
2022-11-12	Wolverhampton Wanderers	Arsenal	Wolves	Arsenal	0.5123	2.28	0.0353	0.1195	0.8452	2022
2022-11-12	Nottingham Forest	Crystal Palace	Nott'm Forest	Crystal Palace	1.2375	1.1455	0.3495	0.3518	0.2987	2022
2022-11-12	Tottenham	Leeds	Tottenham	Leeds	2.5805	1.7173	0.5788	0.204	0.2172	2022
2022-11-12	Manchester City	Brentford	Man City	Brentford	1.605	3.2901	0.0967	0.1384	0.7649	2022
2022-11-12	Liverpool	Southampton	Liverpool	Southampton	2.7442	1.4343	0.6924	0.1735	0.1341	2022
2022-11-12	Bournemouth	Everton	Bournemouth	Everton	2.4564	0.7688	0.8095	0.1338	0.0567	2022
2022-11-12	Newcastle United	Chelsea	Newcastle	Chelsea	1.3601	0.3591	0.6864	0.2399	0.0737	2022
2022-11-13	Brighton	Aston Villa	Brighton	Aston Villa	0.8291	1.1544	0.2078	0.3416	0.4506	2022
2022-11-13	Fulham	Manchester United	Fulham	Man United	1.7022	3.3766	0.086	0.142	0.772	2022
2022-12-26	Southampton	Brighton	Southampton	Brighton	1.7071	1.0071	0.5656	0.281	0.1534	2022
2022-12-26	Leicester	Newcastle United	Leicester	Newcastle	0.311	1.7638	0.0339	0.1497	0.8164	2022
2022-12-26	Everton	Wolverhampton Wanderers	Everton	Wolves	1.2265	1.2208	0.3391	0.3145	0.3464	2022
2022-12-26	Brentford	Tottenham	Brentford	Tottenham	2.2526	0.8838	0.7598	0.1641	0.0761	2022
2022-12-26	Aston Villa	Liverpool	Aston Villa	Liverpool	1.6916	3.5069	0.0917	0.1312	0.7771	2022
2022-12-26	Arsenal	West Ham	Arsenal	West Ham	1.8883	1.0265	0.5915	0.2609	0.1476	2022
2022-12-26	Crystal Palace	Fulham	Crystal Palace	Fulham	0.4218	2.6993	0.0218	0.079	0.8992	2022
2022-12-27	Chelsea	Bournemouth	Chelsea	Bournemouth	1.9138	0.4431	0.7782	0.1645	0.0573	2022
2022-12-27	Manchester United	Nottingham Forest	Man United	Nott'm Forest	2.1367	0.4771	0.8027	0.1485	0.0488	2022
2022-12-28	Leeds	Manchester City	Leeds	Man City	0.6038	4.1625	0.0095	0.0335	0.957	2022
2022-12-30	Liverpool	Leicester	Liverpool	Leicester	2.0246	0.8633	0.6596	0.2117	0.1287	2022
2022-12-30	West Ham	Brentford	West Ham	Brentford	1.1398	1.5144	0.2474	0.2674	0.4852	2022
2022-12-31	Wolverhampton Wanderers	Manchester United	Wolves	Man United	0.5877	2.4473	0.0488	0.1258	0.8254	2022
2022-12-31	Manchester City	Everton	Man City	Everton	2.3633	0.076	0.9324	0.0634	0.0042	2022
2022-12-31	Newcastle United	Leeds	Newcastle	Leeds	2.7885	0.5171	0.881	0.0883	0.0307	2022
2022-12-31	Brighton	Arsenal	Brighton	Arsenal	1.1566	3.2211	0.0456	0.1051	0.8493	2022
2022-12-31	Fulham	Southampton	Fulham	Southampton	1.493	0.6987	0.621	0.2632	0.1158	2022
2022-12-31	Bournemouth	Crystal Palace	Bournemouth	Crystal Palace	0.8958	1.7526	0.1237	0.2679	0.6084	2022
2023-01-01	Nottingham Forest	Chelsea	Nott'm Forest	Chelsea	0.9852	1.3731	0.2313	0.2919	0.4768	2022
2023-01-01	Tottenham	Aston Villa	Tottenham	Aston Villa	0.5694	1.2173	0.1431	0.2918	0.5651	2022
2023-01-02	Brentford	Liverpool	Brentford	Liverpool	2.0991	2.1046	0.3736	0.2734	0.353	2022
2023-01-03	Leicester	Fulham	Leicester	Fulham	1.4522	1.3349	0.3898	0.2799	0.3303	2022
2023-01-03	Manchester United	Bournemouth	Man United	Bournemouth	2.9738	0.679	0.8881	0.0826	0.0293	2022
2023-01-03	Arsenal	Newcastle United	Arsenal	Newcastle	0.9706	0.9595	0.3226	0.3381	0.3393	2022
2023-01-03	Everton	Brighton	Everton	Brighton	1.169	2.5073	0.102	0.1911	0.7069	2022
2023-01-04	Aston Villa	Wolverhampton Wanderers	Aston Villa	Wolves	1.0323	0.8325	0.3969	0.3272	0.2759	2022
2023-01-04	Crystal Palace	Tottenham	Crystal Palace	Tottenham	0.7875	1.6651	0.1413	0.2366	0.6221	2022
2023-01-04	Leeds	West Ham	Leeds	West Ham	1.2577	1.2925	0.324	0.3108	0.3652	2022
2023-01-04	Southampton	Nottingham Forest	Southampton	Nott'm Forest	0.6294	1.2232	0.153	0.3001	0.5469	2022
2023-01-05	Chelsea	Manchester City	Chelsea	Man City	0.4936	1.7197	0.065	0.1925	0.7425	2022
2023-01-12	Fulham	Chelsea	Fulham	Chelsea	0.7113	2.3991	0.0519	0.1442	0.8039	2022
2023-01-13	Aston Villa	Leeds	Aston Villa	Leeds	1.646	2.463	0.1931	0.2242	0.5827	2022
2023-01-14	Nottingham Forest	Leicester	Nott'm Forest	Leicester	1.7531	0.8034	0.6211	0.2387	0.1402	2022
2023-01-14	Wolverhampton Wanderers	West Ham	Wolves	West Ham	0.8062	0.7351	0.3464	0.365	0.2886	2022
2023-01-14	Manchester United	Manchester City	Man United	Man City	1.9823	0.7369	0.7313	0.2034	0.0653	2022
2023-01-14	Brentford	Bournemouth	Brentford	Bournemouth	1.2981	0.2693	0.7302	0.2253	0.0445	2022
2023-01-14	Brighton	Liverpool	Brighton	Liverpool	2.4006	1.2885	0.6565	0.2102	0.1333	2022
2023-01-14	Everton	Southampton	Everton	Southampton	1.1819	1.0841	0.3807	0.3021	0.3172	2022
2023-01-15	Chelsea	Crystal Palace	Chelsea	Crystal Palace	2.1299	0.8374	0.7152	0.1938	0.091	2022
2023-01-15	Newcastle United	Fulham	Newcastle	Fulham	1.9626	0.9899	0.6207	0.2552	0.1241	2022
2023-01-15	Tottenham	Arsenal	Tottenham	Arsenal	1.7103	2.0423	0.293	0.2491	0.4579	2022
2023-01-18	Crystal Palace	Manchester United	Crystal Palace	Man United	0.4133	1.3944	0.0948	0.2512	0.654	2022
2023-01-19	Manchester City	Tottenham	Man City	Tottenham	2.3417	1.165	0.6717	0.203	0.1253	2022
2023-01-21	West Ham	Everton	West Ham	Everton	2.4688	0.2868	0.9339	0.0568	0.0093	2022
2023-01-21	Bournemouth	Nottingham Forest	Bournemouth	Nott'm Forest	1.8055	1.5754	0.4241	0.2689	0.307	2022
2023-01-21	Crystal Palace	Newcastle United	Crystal Palace	Newcastle	0.3332	1.4438	0.0722	0.2329	0.6949	2022
2023-01-21	Leicester	Brighton	Leicester	Brighton	1.3594	1.9449	0.2166	0.2601	0.5233	2022
2023-01-21	Liverpool	Chelsea	Liverpool	Chelsea	1.3013	1.8447	0.2375	0.2581	0.5044	2022
2023-01-21	Southampton	Aston Villa	Southampton	Aston Villa	0.6724	1.1643	0.201	0.3311	0.4679	2022
2023-01-22	Leeds	Brentford	Leeds	Brentford	0.3747	0.1711	0.2817	0.5991	0.1192	2022
2023-01-22	Manchester City	Wolverhampton Wanderers	Man City	Wolves	3.3276	0.4693	0.9503	0.0408	0.0089	2022
2023-01-22	Arsenal	Manchester United	Arsenal	Man United	2.9027	0.2722	0.9363	0.0541	0.0096	2022
2023-01-23	Fulham	Tottenham	Fulham	Tottenham	1.0934	0.9938	0.3629	0.3376	0.2995	2022
2023-02-03	Chelsea	Fulham	Chelsea	Fulham	1.4147	0.4933	0.6334	0.254	0.1126	2022
2023-02-04	Aston Villa	Leicester	Aston Villa	Leicester	1.4989	2.4978	0.1591	0.2124	0.6285	2022
2023-02-04	Brentford	Southampton	Brentford	Southampton	2.3675	0.6444	0.8146	0.1377	0.0477	2022
2023-02-04	Brighton	Bournemouth	Brighton	Bournemouth	2.557	0.9083	0.7945	0.1408	0.0647	2022
2023-02-04	Everton	Arsenal	Everton	Arsenal	2.0919	0.6901	0.7682	0.1665	0.0653	2022
2023-02-04	Manchester United	Crystal Palace	Man United	Crystal Palace	2.0703	1.3798	0.5467	0.2671	0.1862	2022
2023-02-04	Newcastle United	West Ham	Newcastle	West Ham	1.2288	1.2783	0.33	0.31	0.36	2022
2023-02-04	Wolverhampton Wanderers	Liverpool	Wolves	Liverpool	2.6333	1.3019	0.7065	0.1715	0.122	2022
2023-02-05	Nottingham Forest	Leeds	Nott'm Forest	Leeds	0.3325	1.1233	0.0866	0.2912	0.6222	2022
2023-02-05	Tottenham	Manchester City	Tottenham	Man City	1.4217	0.7737	0.5572	0.2724	0.1704	2022
2023-02-08	Manchester United	Leeds	Man United	Leeds	2.0001	0.5548	0.7559	0.1739	0.0702	2022
2023-02-11	Southampton	Wolverhampton Wanderers	Southampton	Wolves	1.302	0.6157	0.5648	0.2886	0.1466	2022
2023-02-11	West Ham	Chelsea	West Ham	Chelsea	1.0761	0.9005	0.3903	0.331	0.2787	2022
2023-02-11	Fulham	Nottingham Forest	Fulham	Nott'm Forest	1.697	0.6868	0.658	0.2237	0.1183	2022
2023-02-11	Leicester	Tottenham	Leicester	Tottenham	1.4121	1.1171	0.4281	0.3074	0.2645	2022
2023-02-11	Bournemouth	Newcastle United	Bournemouth	Newcastle	1.5446	1.5485	0.3298	0.3393	0.3309	2022
2023-02-11	Arsenal	Brentford	Arsenal	Brentford	1.3674	2.1754	0.1738	0.2237	0.6025	2022
2023-02-11	Crystal Palace	Brighton	Crystal Palace	Brighton	0.9283	2.6498	0.0646	0.1488	0.7866	2022
2023-02-12	Leeds	Manchester United	Leeds	Man United	1.8916	1.3037	0.5262	0.2469	0.2269	2022
2023-02-12	Manchester City	Aston Villa	Man City	Aston Villa	3.6099	0.2753	0.9777	0.0192	0.0031	2022
2023-02-13	Liverpool	Everton	Liverpool	Everton	2.2329	0.4023	0.8479	0.1222	0.0299	2022
2023-02-15	Arsenal	Manchester City	Arsenal	Man City	1.7014	2.0084	0.2895	0.2762	0.4343	2022
2023-02-18	Brentford	Crystal Palace	Brentford	Crystal Palace	0.6101	1.122	0.1813	0.31	0.5087	2022
2023-02-18	Aston Villa	Arsenal	Aston Villa	Arsenal	0.3358	2.8598	0.0159	0.0617	0.9224	2022
2023-02-18	Brighton	Fulham	Brighton	Fulham	2.7138	0.2242	0.9284	0.0626	0.009	2022
2023-02-18	Chelsea	Southampton	Chelsea	Southampton	1.6172	0.6195	0.6624	0.2351	0.1025	2022
2023-02-18	Everton	Leeds	Everton	Leeds	1.5381	0.5974	0.6387	0.244	0.1173	2022
2023-02-18	Newcastle United	Liverpool	Newcastle	Liverpool	1.7485	2.1655	0.2877	0.2362	0.4761	2022
2023-02-18	Nottingham Forest	Manchester City	Nott'm Forest	Man City	1.1274	2.8097	0.0313	0.1269	0.8418	2022
2023-02-18	Wolverhampton Wanderers	Bournemouth	Wolves	Bournemouth	0.9114	1.1527	0.2191	0.3382	0.4427	2022
2023-02-19	Tottenham	West Ham	Tottenham	West Ham	1.4304	0.3652	0.6822	0.2443	0.0735	2022
2023-02-19	Manchester United	Leicester	Man United	Leicester	4.2466	1.3968	0.8915	0.0703	0.0382	2022
2023-02-24	Fulham	Wolverhampton Wanderers	Fulham	Wolves	0.9131	0.9971	0.308	0.3322	0.3598	2022
2023-02-25	Leicester	Arsenal	Leicester	Arsenal	0.0203	0.7221	0.0101	0.4553	0.5346	2022
2023-02-25	West Ham	Nottingham Forest	West Ham	Nott'm Forest	3.0503	0.3508	0.9617	0.0326	0.0057	2022
2023-02-25	Leeds	Southampton	Leeds	Southampton	0.72	0.3911	0.4014	0.4255	0.1731	2022
2023-02-25	Bournemouth	Manchester City	Bournemouth	Man City	1.0853	2.9821	0.0517	0.1222	0.8261	2022
2023-02-25	Crystal Palace	Liverpool	Crystal Palace	Liverpool	0.9891	1.3512	0.2465	0.2938	0.4597	2022
2023-02-25	Everton	Aston Villa	Everton	Aston Villa	1.5411	2.0604	0.2358	0.253	0.5112	2022
2023-02-26	Tottenham	Chelsea	Tottenham	Chelsea	0.9263	0.2623	0.6002	0.3262	0.0736	2022
2023-03-01	Arsenal	Everton	Arsenal	Everton	3.0692	1.604	0.7363	0.1702	0.0935	2022
2023-03-01	Liverpool	Wolverhampton Wanderers	Liverpool	Wolves	2.7019	0.7868	0.8368	0.1239	0.0393	2022
2023-03-04	Wolverhampton Wanderers	Tottenham	Wolves	Tottenham	0.5625	1.2559	0.1582	0.2936	0.5482	2022
2023-03-04	Southampton	Leicester	Southampton	Leicester	1.3433	1.6705	0.269	0.2878	0.4432	2022
2023-03-04	Manchester City	Newcastle United	Man City	Newcastle	1.3414	0.3598	0.6421	0.2711	0.0868	2022
2023-03-04	Chelsea	Leeds	Chelsea	Leeds	1.8678	0.634	0.7086	0.1964	0.095	2022
2023-03-04	Brighton	West Ham	Brighton	West Ham	3.4999	0.25	0.9876	0.0113	0.0011	2022
2023-03-04	Aston Villa	Crystal Palace	Aston Villa	Crystal Palace	0.8906	0.1528	0.5676	0.3749	0.0575	2022
2023-03-04	Arsenal	Bournemouth	Arsenal	Bournemouth	2.4628	1.7427	0.5372	0.2353	0.2275	2022
2023-03-05	Liverpool	Manchester United	Liverpool	Man United	3.4427	0.8375	0.9027	0.0679	0.0294	2022
2023-03-05	Nottingham Forest	Everton	Nott'm Forest	Everton	0.7997	1.7088	0.1136	0.2522	0.6342	2022
2023-03-06	Brentford	Fulham	Brentford	Fulham	2.4436	1.6753	0.5684	0.2384	0.1932	2022
2023-03-11	Tottenham	Nottingham Forest	Tottenham	Nott'm Forest	1.7348	1.628	0.3636	0.305	0.3314	2022
2023-03-11	Leicester	Chelsea	Leicester	Chelsea	2.3614	1.4948	0.6059	0.2194	0.1747	2022
2023-03-11	Leeds	Brighton	Leeds	Brighton	0.5967	1.5139	0.1289	0.2323	0.6388	2022
2023-03-11	Crystal Palace	Manchester City	Crystal Palace	Man City	0.1855	2.1884	0.0116	0.0758	0.9126	2022
2023-03-11	Bournemouth	Liverpool	Bournemouth	Liverpool	1.1013	2.1347	0.1228	0.2227	0.6545	2022
2023-03-11	Everton	Brentford	Everton	Brentford	1.716	1.9509	0.3049	0.261	0.4341	2022
2023-03-12	Fulham	Arsenal	Fulham	Arsenal	0.6183	2.6435	0.0328	0.1033	0.8639	2022
2023-03-12	Manchester United	Southampton	Man United	Southampton	0.9109	1.1805	0.2713	0.3138	0.4149	2022
2023-03-12	Newcastle United	Wolverhampton Wanderers	Newcastle	Wolves	2.4553	0.7099	0.7916	0.1474	0.061	2022
2023-03-12	West Ham	Aston Villa	West Ham	Aston Villa	2.1463	1.9914	0.4022	0.2566	0.3412	2022
2023-03-15	Brighton	Crystal Palace	Brighton	Crystal Palace	0.5887	1.2145	0.1611	0.2961	0.5428	2022
2023-03-15	Southampton	Brentford	Southampton	Brentford	0.359	1.6659	0.0268	0.1534	0.8198	2022
2023-03-17	Nottingham Forest	Newcastle United	Nott'm Forest	Newcastle	0.532	2.5003	0.0273	0.1053	0.8674	2022
2023-03-18	Southampton	Tottenham	Southampton	Tottenham	2.5208	1.8847	0.5397	0.2182	0.2421	2022
2023-03-18	Aston Villa	Bournemouth	Aston Villa	Bournemouth	3.4547	0.5001	0.9472	0.0425	0.0103	2022
2023-03-18	Brentford	Leicester	Brentford	Leicester	0.4765	1.4213	0.1013	0.2484	0.6503	2022
2023-03-18	Chelsea	Everton	Chelsea	Everton	1.9003	1.6467	0.4255	0.2703	0.3042	2022
2023-03-18	Wolverhampton Wanderers	Leeds	Wolves	Leeds	2.7636	1.6549	0.6326	0.1942	0.1732	2022
2023-03-19	Arsenal	Crystal Palace	Arsenal	Crystal Palace	1.5357	1.1919	0.438	0.2882	0.2738	2022
2023-04-01	Arsenal	Leeds	Arsenal	Leeds	3.2955	0.4976	0.9456	0.0454	0.009	2022
2023-04-01	Bournemouth	Fulham	Bournemouth	Fulham	3.1405	0.601	0.947	0.0429	0.0101	2022
2023-04-01	Brighton	Brentford	Brighton	Brentford	3.8195	1.2788	0.8751	0.0894	0.0355	2022
2023-04-01	Chelsea	Aston Villa	Chelsea	Aston Villa	2.3802	0.7658	0.7612	0.1654	0.0734	2022
2023-04-01	Crystal Palace	Leicester	Crystal Palace	Leicester	1.9347	0.199	0.8241	0.151	0.0249	2022
2023-04-01	Manchester City	Liverpool	Man City	Liverpool	3.0124	0.3182	0.9428	0.0485	0.0087	2022
2023-04-01	Nottingham Forest	Wolverhampton Wanderers	Nott'm Forest	Wolves	1.1144	0.3837	0.5567	0.3262	0.1171	2022
2023-04-02	Newcastle United	Manchester United	Newcastle	Man United	3.3316	0.3341	0.9585	0.0373	0.0042	2022
2023-04-02	West Ham	Southampton	West Ham	Southampton	1.4036	0.3183	0.6879	0.243	0.0691	2022
2023-04-03	Everton	Tottenham	Everton	Tottenham	0.8234	1.3918	0.1746	0.284	0.5414	2022
2023-04-04	Bournemouth	Brighton	Bournemouth	Brighton	1.1532	2.6339	0.0954	0.1605	0.7441	2022
2023-04-04	Chelsea	Liverpool	Chelsea	Liverpool	2.189	0.2022	0.8998	0.0894	0.0108	2022
2023-04-04	Leeds	Nottingham Forest	Leeds	Nott'm Forest	2.4325	0.6139	0.8207	0.129	0.0503	2022
2023-04-04	Leicester	Aston Villa	Leicester	Aston Villa	0.6716	1.0016	0.2261	0.3348	0.4391	2022
2023-04-05	Manchester United	Brentford	Man United	Brentford	1.1445	0.645	0.4718	0.3392	0.189	2022
2023-04-05	West Ham	Newcastle United	West Ham	Newcastle	0.8334	2.8409	0.0388	0.1129	0.8483	2022
2023-04-08	Wolverhampton Wanderers	Chelsea	Wolves	Chelsea	0.6012	0.8153	0.2479	0.3819	0.3702	2022
2023-04-08	Tottenham	Brighton	Tottenham	Brighton	0.5941	1.4755	0.1236	0.2613	0.6151	2022
2023-04-08	Southampton	Manchester City	Southampton	Man City	0.4928	3.06	0.0084	0.0519	0.9397	2022
2023-04-08	Manchester United	Everton	Man United	Everton	4.3858	0.9492	0.9363	0.0453	0.0184	2022
2023-04-08	Aston Villa	Nottingham Forest	Aston Villa	Nott'm Forest	1.4272	0.2325	0.7383	0.2184	0.0433	2022
2023-04-08	Fulham	West Ham	Fulham	West Ham	0.4565	1.2326	0.1188	0.2784	0.6028	2022
2023-04-08	Brentford	Newcastle United	Brentford	Newcastle	2.0652	1.0234	0.6806	0.207	0.1124	2022
2023-04-08	Leicester	Bournemouth	Leicester	Bournemouth	0.732	1.924	0.1123	0.2085	0.6792	2022
2023-04-09	Leeds	Crystal Palace	Leeds	Crystal Palace	1.0208	3.2269	0.0363	0.0999	0.8638	2022
2023-04-09	Liverpool	Arsenal	Liverpool	Arsenal	4.6401	1.5363	0.9331	0.0484	0.0185	2022
2023-04-15	Tottenham	Bournemouth	Tottenham	Bournemouth	2.306	1.206	0.6307	0.2053	0.164	2022
2023-04-15	Aston Villa	Newcastle United	Aston Villa	Newcastle	1.918	0.4251	0.7878	0.1598	0.0524	2022
2023-04-15	Chelsea	Brighton	Chelsea	Brighton	0.4633	2.5211	0.0348	0.1111	0.8541	2022
2023-04-15	Everton	Fulham	Everton	Fulham	2.2426	1.9221	0.4638	0.2338	0.3024	2022
2023-04-15	Manchester City	Leicester	Man City	Leicester	1.607	1.9269	0.2627	0.3	0.4373	2022
2023-04-15	Southampton	Crystal Palace	Southampton	Crystal Palace	0.6784	0.8631	0.241	0.3639	0.3951	2022
2023-04-15	Wolverhampton Wanderers	Brentford	Wolves	Brentford	0.9391	1.5133	0.1812	0.294	0.5248	2022
2023-04-16	West Ham	Arsenal	West Ham	Arsenal	1.9609	2.7178	0.1874	0.2299	0.5827	2022
2023-04-16	Nottingham Forest	Manchester United	Nott'm Forest	Man United	1.0529	3.3375	0.0346	0.0984	0.867	2022
2023-04-17	Leeds	Liverpool	Leeds	Liverpool	1.1675	2.6548	0.0965	0.1659	0.7376	2022
2023-04-21	Arsenal	Southampton	Arsenal	Southampton	2.3961	1.4306	0.6053	0.2205	0.1742	2022
2023-04-22	Brentford	Aston Villa	Brentford	Aston Villa	2.0316	1.666	0.4558	0.2414	0.3028	2022
2023-04-22	Crystal Palace	Everton	Crystal Palace	Everton	0.3681	0.4337	0.2205	0.5156	0.2639	2022
2023-04-22	Fulham	Leeds	Fulham	Leeds	1.4376	1.0748	0.444	0.3467	0.2093	2022
2023-04-22	Leicester	Wolverhampton Wanderers	Leicester	Wolves	2.6693	0.5963	0.8827	0.0886	0.0287	2022
2023-04-22	Liverpool	Nottingham Forest	Liverpool	Nott'm Forest	3.3274	0.7247	0.9207	0.0591	0.0202	2022
2023-04-23	Newcastle United	Tottenham	Newcastle	Tottenham	3.9853	0.883	0.9289	0.0521	0.019	2022
2023-04-23	Bournemouth	West Ham	Bournemouth	West Ham	0.9747	2.5232	0.0926	0.159	0.7484	2022
2023-04-25	Aston Villa	Fulham	Aston Villa	Fulham	0.8392	0.0799	0.546	0.4254	0.0286	2022
2023-04-25	Leeds	Leicester	Leeds	Leicester	2.0964	2.0859	0.3848	0.2356	0.3796	2022
2023-04-25	Wolverhampton Wanderers	Crystal Palace	Wolves	Crystal Palace	1.1283	0.5803	0.5456	0.3095	0.1449	2022
2023-04-26	Chelsea	Brentford	Chelsea	Brentford	1.2112	0.6953	0.5025	0.305	0.1925	2022
2023-04-26	Manchester City	Arsenal	Man City	Arsenal	2.0117	0.3984	0.7958	0.1569	0.0473	2022
2023-04-26	Nottingham Forest	Brighton	Nott'm Forest	Brighton	2.4385	2.3306	0.4038	0.247	0.3492	2022
2023-04-26	West Ham	Liverpool	West Ham	Liverpool	0.9393	1.7045	0.1609	0.2635	0.5756	2022
2023-04-27	Tottenham	Manchester United	Tottenham	Man United	2.3724	1.9651	0.4766	0.2343	0.2891	2022
2023-04-27	Everton	Newcastle United	Everton	Newcastle	0.777	2.8637	0.0286	0.0922	0.8792	2022
2023-04-27	Southampton	Bournemouth	Southampton	Bournemouth	0.477	0.9886	0.1707	0.3469	0.4824	2022
2023-04-29	Brentford	Nottingham Forest	Brentford	Nott'm Forest	1.3206	0.9397	0.4482	0.3423	0.2095	2022
2023-04-29	Brighton	Wolverhampton Wanderers	Brighton	Wolves	3.6047	0.604	0.9381	0.0461	0.0158	2022
2023-04-29	Crystal Palace	West Ham	Crystal Palace	West Ham	2.3189	1.9826	0.4401	0.2774	0.2825	2022
2023-04-30	Bournemouth	Leeds	Bournemouth	Leeds	2.5172	1.3369	0.6689	0.1998	0.1313	2022
2023-04-30	Fulham	Manchester City	Fulham	Man City	0.4318	2.3234	0.0184	0.0981	0.8835	2022
2023-04-30	Liverpool	Tottenham	Liverpool	Tottenham	2.4291	1.4493	0.6313	0.205	0.1637	2022
2023-04-30	Manchester United	Aston Villa	Man United	Aston Villa	1.3056	0.4347	0.6111	0.282	0.1069	2022
2023-04-30	Newcastle United	Southampton	Newcastle	Southampton	3.9146	0.8972	0.9711	0.0256	0.0033	2022
2023-05-01	Leicester	Everton	Leicester	Everton	3.3249	3.2865	0.3878	0.2549	0.3573	2022
2023-05-02	Arsenal	Chelsea	Arsenal	Chelsea	2.7832	0.7852	0.8352	0.1143	0.0505	2022
2023-05-03	Manchester City	West Ham	Man City	West Ham	2.9991	0.4921	0.9124	0.0699	0.0177	2022
2023-05-03	Liverpool	Fulham	Liverpool	Fulham	1.6737	0.7401	0.641	0.2473	0.1117	2022
2023-05-04	Brighton	Manchester United	Brighton	Man United	2.0995	1.3211	0.5709	0.2314	0.1977	2022
2023-05-06	Liverpool	Brentford	Liverpool	Brentford	1.992	0.1839	0.9264	0.066	0.0076	2022
2023-05-06	Wolverhampton Wanderers	Aston Villa	Wolves	Aston Villa	0.8061	1.5016	0.1767	0.2772	0.5461	2022
2023-05-06	Tottenham	Crystal Palace	Tottenham	Crystal Palace	1.1566	0.3067	0.6238	0.2913	0.0849	2022
2023-05-06	Bournemouth	Chelsea	Bournemouth	Chelsea	1.2175	1.7685	0.2269	0.2578	0.5153	2022
2023-05-06	Manchester City	Leeds	Man City	Leeds	2.8347	0.1409	0.9595	0.0363	0.0042	2022
2023-05-07	Newcastle United	Arsenal	Newcastle	Arsenal	1.3722	1.2906	0.3739	0.2886	0.3375	2022
2023-05-07	West Ham	Manchester United	West Ham	Man United	1.7662	1.1942	0.531	0.2501	0.2189	2022
2023-05-08	Brighton	Everton	Brighton	Everton	3.2372	2.9422	0.4391	0.232	0.3289	2022
2023-05-08	Fulham	Leicester	Fulham	Leicester	1.7528	2.9257	0.1436	0.1852	0.6712	2022
2023-05-08	Nottingham Forest	Southampton	Nott'm Forest	Southampton	1.9133	3.311	0.1255	0.1743	0.7002	2022
2023-05-13	Aston Villa	Tottenham	Aston Villa	Tottenham	1.7999	1.185	0.5362	0.281	0.1828	2022
2023-05-13	Chelsea	Nottingham Forest	Chelsea	Nott'm Forest	0.9992	1.968	0.1474	0.2098	0.6428	2022
2023-05-13	Crystal Palace	Bournemouth	Crystal Palace	Bournemouth	1.4024	0.262	0.7151	0.2341	0.0508	2022
2023-05-13	Leeds	Newcastle United	Leeds	Newcastle	2.0157	2.3512	0.2582	0.3062	0.4356	2022
2023-05-13	Manchester United	Wolverhampton Wanderers	Man United	Wolves	3.1012	0.2688	0.9466	0.0458	0.0076	2022
2023-05-13	Southampton	Fulham	Southampton	Fulham	0.1496	1.2709	0.0341	0.2317	0.7342	2022
2023-05-14	Everton	Manchester City	Everton	Man City	1.186	1.0434	0.3704	0.3466	0.283	2022
2023-05-14	Brentford	West Ham	Brentford	West Ham	4.4257	0.2033	0.9953	0.0042	0.0005	2022
2023-05-14	Arsenal	Brighton	Arsenal	Brighton	0.9587	2.2128	0.1098	0.1901	0.7001	2022
2023-05-15	Leicester	Liverpool	Leicester	Liverpool	0.5275	1.7709	0.081	0.21	0.709	2022
2023-05-18	Newcastle United	Brighton	Newcastle	Brighton	4.1136	0.5935	0.9688	0.0256	0.0056	2022
2023-05-20	Bournemouth	Manchester United	Bournemouth	Man United	0.8157	1.7178	0.1472	0.2468	0.606	2022
2023-05-20	Fulham	Crystal Palace	Fulham	Crystal Palace	1.9552	1.7079	0.4194	0.3021	0.2785	2022
2023-05-20	Liverpool	Aston Villa	Liverpool	Aston Villa	0.9185	1.4695	0.1667	0.311	0.5223	2022
2023-05-20	Nottingham Forest	Arsenal	Nott'm Forest	Arsenal	1.1397	0.4902	0.5664	0.3	0.1336	2022
2023-05-20	Tottenham	Brentford	Tottenham	Brentford	1.6167	1.1534	0.4731	0.2743	0.2526	2022
2023-05-20	Wolverhampton Wanderers	Everton	Wolves	Everton	1.2898	2.4698	0.1332	0.1917	0.6751	2022
2023-05-21	Brighton	Southampton	Brighton	Southampton	2.4142	0.8637	0.7403	0.1748	0.0849	2022
2023-05-21	Manchester City	Chelsea	Man City	Chelsea	1.2056	1.1565	0.3649	0.2926	0.3425	2022
2023-05-21	West Ham	Leeds	West Ham	Leeds	2.48	0.6458	0.8262	0.1234	0.0504	2022
2023-05-22	Newcastle United	Leicester	Newcastle	Leicester	2.0509	0.0839	0.896	0.0971	0.0069	2022
2023-05-24	Brighton	Manchester City	Brighton	Man City	2.1149	1.9297	0.4155	0.2416	0.3429	2022
2023-05-25	Manchester United	Chelsea	Man United	Chelsea	4.9223	1.6836	0.9468	0.0385	0.0147	2022
2023-05-28	Southampton	Liverpool	Southampton	Liverpool	1.3396	4.0034	0.0397	0.0762	0.8841	2022
2023-05-28	Leeds	Tottenham	Leeds	Tottenham	1.1915	2.0332	0.1833	0.2159	0.6008	2022
2023-05-28	Manchester United	Fulham	Man United	Fulham	2.7477	1.8817	0.5742	0.2159	0.2099	2022
2023-05-28	Everton	Bournemouth	Everton	Bournemouth	1.1293	0.4321	0.571	0.303	0.126	2022
2023-05-28	Leicester	West Ham	Leicester	West Ham	2.0301	0.9704	0.6472	0.2106	0.1422	2022
2023-05-28	Chelsea	Newcastle United	Chelsea	Newcastle	2.0192	1.519	0.4891	0.2383	0.2726	2022
2023-05-28	Brentford	Manchester City	Brentford	Man City	1.4389	1.1865	0.4392	0.2769	0.2839	2022
2023-05-28	Aston Villa	Brighton	Aston Villa	Brighton	2.5585	1.2312	0.7151	0.18	0.1049	2022
2023-05-28	Arsenal	Wolverhampton Wanderers	Arsenal	Wolves	3.0247	0.3877	0.9405	0.0479	0.0116	2022
2023-05-28	Crystal Palace	Nottingham Forest	Crystal Palace	Nott'm Forest	1.0079	0.4364	0.4983	0.3449	0.1568	2022
2023-08-11	Burnley	Manchester City	Burnley	Man City	0.311	2.4007	0.0177	0.0854	0.8969	2023
2023-08-12	Arsenal	Nottingham Forest	Arsenal	Nott'm Forest	0.8426	0.9663	0.2797	0.3363	0.384	2023
2023-08-12	Bournemouth	West Ham	Bournemouth	West Ham	1.5103	1.4834	0.3559	0.3169	0.3272	2023
2023-08-12	Brighton	Luton	Brighton	Luton	4.3675	1.8859	0.879	0.0876	0.0334	2023
2023-08-12	Everton	Fulham	Everton	Fulham	2.59	1.5814	0.6371	0.1989	0.164	2023
2023-08-12	Newcastle United	Aston Villa	Newcastle	Aston Villa	4.3221	1.486	0.8987	0.0665	0.0348	2023
2023-08-12	Sheffield United	Crystal Palace	Sheffield United	Crystal Palace	0.4227	2.2762	0.0358	0.1179	0.8463	2023
2023-08-13	Brentford	Tottenham	Brentford	Tottenham	1.9076	1.4532	0.4985	0.2608	0.2407	2023
2023-08-13	Chelsea	Liverpool	Chelsea	Liverpool	1.9326	1.2999	0.5323	0.2472	0.2205	2023
2023-08-14	Manchester United	Wolverhampton Wanderers	Man United	Wolves	1.9709	1.7223	0.4419	0.2505	0.3076	2023
2023-08-18	Nottingham Forest	Sheffield United	Nott'm Forest	Sheffield United	1.3718	0.551	0.5965	0.2786	0.1249	2023
2023-08-19	Fulham	Brentford	Fulham	Brentford	0.3999	3.4689	0.005	0.0284	0.9666	2023
2023-08-19	Liverpool	Bournemouth	Liverpool	Bournemouth	3.2545	1.3867	0.8032	0.1308	0.066	2023
2023-08-19	Manchester City	Newcastle United	Man City	Newcastle	1.2253	0.2572	0.6449	0.2857	0.0694	2023
2023-08-19	Tottenham	Manchester United	Tottenham	Man United	2.539	2.446	0.4211	0.2102	0.3687	2023
2023-08-19	Wolverhampton Wanderers	Brighton	Wolves	Brighton	2.6882	3.1556	0.3046	0.2057	0.4897	2023
2023-08-20	Aston Villa	Everton	Aston Villa	Everton	3.2434	0.7215	0.9138	0.0655	0.0207	2023
2023-08-20	West Ham	Chelsea	West Ham	Chelsea	1.7123	1.6092	0.3947	0.2905	0.3148	2023
2023-08-21	Crystal Palace	Arsenal	Crystal Palace	Arsenal	1.0692	2.2059	0.1279	0.1973	0.6748	2023
2023-08-25	Chelsea	Luton	Chelsea	Luton	3.4142	0.4657	0.9422	0.0473	0.0105	2023
2023-08-26	Arsenal	Fulham	Arsenal	Fulham	3.2309	0.8498	0.8911	0.0845	0.0244	2023
2023-08-26	Bournemouth	Tottenham	Bournemouth	Tottenham	0.4836	2.2612	0.0438	0.129	0.8272	2023
2023-08-26	Brentford	Crystal Palace	Brentford	Crystal Palace	0.948	1.0606	0.3083	0.3264	0.3653	2023
2023-08-26	Brighton	West Ham	Brighton	West Ham	1.3743	2.9527	0.0988	0.1413	0.7599	2023
2023-08-26	Everton	Wolverhampton Wanderers	Everton	Wolves	1.8979	1.4023	0.4943	0.2476	0.2581	2023
2023-08-26	Manchester United	Nottingham Forest	Man United	Nott'm Forest	3.028	0.9604	0.861	0.1027	0.0363	2023
2023-08-27	Newcastle United	Liverpool	Newcastle	Liverpool	1.6204	0.8561	0.5588	0.2581	0.1831	2023
2023-08-27	Sheffield United	Manchester City	Sheffield United	Man City	0.7622	3.848	0.0099	0.0443	0.9458	2023
2023-08-27	Burnley	Aston Villa	Burnley	Aston Villa	0.6306	2.8369	0.0221	0.0821	0.8958	2023
2023-09-01	Luton	West Ham	Luton	West Ham	2.0224	1.2253	0.5814	0.2473	0.1713	2023
2023-09-02	Brentford	Bournemouth	Brentford	Bournemouth	3.0718	2.1101	0.5993	0.2049	0.1958	2023
2023-09-02	Brighton	Newcastle United	Brighton	Newcastle	1.3226	0.9048	0.4762	0.3005	0.2233	2023
2023-09-02	Burnley	Tottenham	Burnley	Tottenham	1.666	2.3979	0.2232	0.2163	0.5605	2023
2023-09-02	Chelsea	Nottingham Forest	Chelsea	Nott'm Forest	2.2844	1.1505	0.6607	0.2127	0.1266	2023
2023-09-02	Manchester City	Fulham	Man City	Fulham	2.0015	1.4643	0.523	0.3082	0.1688	2023
2023-09-02	Sheffield United	Everton	Sheffield United	Everton	1.575	2.7387	0.1261	0.2031	0.6708	2023
2023-09-03	Arsenal	Manchester United	Arsenal	Man United	1.9097	0.9661	0.629	0.2273	0.1437	2023
2023-09-03	Crystal Palace	Wolverhampton Wanderers	Crystal Palace	Wolves	2.3293	1.1391	0.6847	0.1878	0.1275	2023
2023-09-03	Liverpool	Aston Villa	Liverpool	Aston Villa	2.7314	0.6155	0.8684	0.0998	0.0318	2023
2023-09-16	West Ham	Manchester City	West Ham	Man City	0.8956	4.1505	0.0123	0.0352	0.9525	2023
2023-09-16	Wolverhampton Wanderers	Liverpool	Wolves	Liverpool	0.5388	2.827	0.0189	0.0705	0.9106	2023
2023-09-16	Newcastle United	Brentford	Newcastle	Brentford	1.5013	0.6337	0.647	0.2452	0.1078	2023
2023-09-16	Tottenham	Sheffield United	Tottenham	Sheffield United	2.1591	0.7907	0.7114	0.187	0.1016	2023
2023-09-16	Fulham	Luton	Fulham	Luton	1.757	1.457	0.4351	0.2865	0.2784	2023
2023-09-16	Aston Villa	Crystal Palace	Aston Villa	Crystal Palace	2.3152	1.117	0.6875	0.201	0.1115	2023
2023-09-16	Manchester United	Brighton	Man United	Brighton	0.72	1.9391	0.1055	0.1835	0.711	2023
2023-09-17	Bournemouth	Chelsea	Bournemouth	Chelsea	1.3252	1.3968	0.348	0.2784	0.3736	2023
2023-09-17	Everton	Arsenal	Everton	Arsenal	0.2832	0.8026	0.112	0.414	0.474	2023
2023-09-18	Nottingham Forest	Burnley	Nott'm Forest	Burnley	0.7058	0.8077	0.2724	0.3669	0.3607	2023
2023-09-23	Brentford	Everton	Brentford	Everton	1.574	2.515	0.1704	0.2246	0.605	2023
2023-09-23	Burnley	Manchester United	Burnley	Man United	0.9354	0.8403	0.3571	0.3448	0.2981	2023
2023-09-23	Crystal Palace	Fulham	Crystal Palace	Fulham	0.3724	0.5427	0.1986	0.488	0.3134	2023
2023-09-23	Luton	Wolverhampton Wanderers	Luton	Wolves	2.241	0.763	0.7771	0.1815	0.0414	2023
2023-09-23	Manchester City	Nottingham Forest	Man City	Nott'm Forest	1.3398	0.7291	0.5453	0.2792	0.1755	2023
2023-09-24	Liverpool	West Ham	Liverpool	West Ham	4.1426	1.5388	0.882	0.0793	0.0387	2023
2023-09-24	Arsenal	Tottenham	Arsenal	Tottenham	2.3429	2.2117	0.417	0.2392	0.3438	2023
2023-09-24	Brighton	Bournemouth	Brighton	Bournemouth	2.1453	1.5898	0.5233	0.2401	0.2366	2023
2023-09-24	Chelsea	Aston Villa	Chelsea	Aston Villa	1.1972	1.1348	0.3746	0.2965	0.3289	2023
2023-09-24	Sheffield United	Newcastle United	Sheffield United	Newcastle	0.5794	5.1082	0.0032	0.0084	0.9884	2023
2023-09-30	Tottenham	Liverpool	Tottenham	Liverpool	2.1882	1.123	0.6518	0.2076	0.1406	2023
2023-09-30	Wolverhampton Wanderers	Manchester City	Wolves	Man City	0.674	0.9808	0.2467	0.3543	0.399	2023
2023-09-30	Newcastle United	Burnley	Newcastle	Burnley	3.0852	0.8018	0.8934	0.0819	0.0247	2023
2023-09-30	West Ham	Sheffield United	West Ham	Sheffield United	3.1975	0.912	0.8683	0.0908	0.0409	2023
2023-09-30	Everton	Luton	Everton	Luton	3.6538	1.5102	0.85	0.1072	0.0428	2023
2023-09-30	Bournemouth	Arsenal	Bournemouth	Arsenal	0.6444	4.0742	0.0052	0.0212	0.9736	2023
2023-09-30	Manchester United	Crystal Palace	Man United	Crystal Palace	1.5541	1.1902	0.4561	0.2712	0.2727	2023
2023-09-30	Aston Villa	Brighton	Aston Villa	Brighton	1.9075	1.7282	0.4133	0.2584	0.3283	2023
2023-10-01	Nottingham Forest	Brentford	Nott'm Forest	Brentford	0.8003	1.7586	0.1472	0.2359	0.6169	2023
2023-10-02	Fulham	Chelsea	Fulham	Chelsea	0.8894	1.9846	0.1096	0.2252	0.6652	2023
2023-10-03	Luton	Burnley	Luton	Burnley	1.5306	0.9202	0.5256	0.2762	0.1982	2023
2023-10-07	Burnley	Chelsea	Burnley	Chelsea	0.9566	1.9757	0.1114	0.2281	0.6605	2023
2023-10-07	Crystal Palace	Nottingham Forest	Crystal Palace	Nott'm Forest	0.9825	1.221	0.282	0.3104	0.4076	2023
2023-10-07	Everton	Bournemouth	Everton	Bournemouth	3.1648	0.9817	0.8722	0.0938	0.034	2023
2023-10-07	Fulham	Sheffield United	Fulham	Sheffield United	2.2661	0.2518	0.8781	0.1012	0.0207	2023
2023-10-07	Luton	Tottenham	Luton	Tottenham	0.8481	2.3795	0.0838	0.1565	0.7597	2023
2023-10-07	Manchester United	Brentford	Man United	Brentford	1.2936	1.0251	0.4271	0.2936	0.2793	2023
2023-10-08	West Ham	Newcastle United	West Ham	Newcastle	0.9313	1.9787	0.0927	0.2316	0.6757	2023
2023-10-08	Wolverhampton Wanderers	Aston Villa	Wolves	Aston Villa	1.7623	1.8162	0.3672	0.2589	0.3739	2023
2023-10-08	Arsenal	Manchester City	Arsenal	Man City	0.3866	0.8581	0.1372	0.3669	0.4959	2023
2023-10-08	Brighton	Liverpool	Brighton	Liverpool	2.2319	2.5103	0.316	0.236	0.448	2023
2023-10-21	Nottingham Forest	Luton	Nott'm Forest	Luton	3.2755	1.4955	0.7817	0.1325	0.0858	2023
2023-10-21	Newcastle United	Crystal Palace	Newcastle	Crystal Palace	3.7334	1.0879	0.9023	0.0693	0.0284	2023
2023-10-21	Manchester City	Brighton	Man City	Brighton	0.9625	0.9637	0.3367	0.3286	0.3347	2023
2023-10-21	Sheffield United	Manchester United	Sheffield United	Man United	1.4107	1.4619	0.3358	0.3137	0.3505	2023
2023-10-21	Chelsea	Arsenal	Chelsea	Arsenal	1.7184	1.0579	0.5596	0.2612	0.1792	2023
2023-10-21	Brentford	Burnley	Brentford	Burnley	3.1568	0.6931	0.9067	0.0745	0.0188	2023
2023-10-21	Bournemouth	Wolverhampton Wanderers	Bournemouth	Wolves	1.0184	2.3045	0.102	0.2	0.698	2023
2023-10-21	Liverpool	Everton	Liverpool	Everton	2.2857	0.0938	0.9342	0.0613	0.0045	2023
2023-10-22	Aston Villa	West Ham	Aston Villa	West Ham	2.3414	0.6596	0.814	0.1326	0.0534	2023
2023-10-23	Tottenham	Fulham	Tottenham	Fulham	1.6352	0.7458	0.6093	0.2524	0.1383	2023
2023-10-27	Crystal Palace	Tottenham	Crystal Palace	Tottenham	0.5618	0.9891	0.1774	0.342	0.4806	2023
2023-10-28	Arsenal	Sheffield United	Arsenal	Sheffield United	3.035	0.0282	0.9842	0.0156	0.0002	2023
2023-10-28	Bournemouth	Burnley	Bournemouth	Burnley	1.1005	0.9025	0.3721	0.3582	0.2697	2023
2023-10-28	Chelsea	Brentford	Chelsea	Brentford	1.718	2.4814	0.2146	0.2109	0.5745	2023
2023-10-28	Wolverhampton Wanderers	Newcastle United	Wolves	Newcastle	0.8634	2.3199	0.0639	0.1559	0.7802	2023
2023-10-29	Manchester United	Manchester City	Man United	Man City	0.7146	4.546	0.0029	0.0138	0.9833	2023
2023-10-29	Liverpool	Nottingham Forest	Liverpool	Nott'm Forest	2.7043	0.642	0.8733	0.0954	0.0313	2023
2023-10-29	West Ham	Everton	West Ham	Everton	0.6186	0.7338	0.2689	0.3788	0.3523	2023
2023-10-29	Aston Villa	Luton	Aston Villa	Luton	3.0765	0.4531	0.9407	0.0493	0.01	2023
2023-10-29	Brighton	Fulham	Brighton	Fulham	1.32	0.5525	0.5703	0.2799	0.1498	2023
2023-11-04	Brentford	West Ham	Brentford	West Ham	1.8294	1.755	0.363	0.2981	0.3389	2023
2023-11-04	Burnley	Crystal Palace	Burnley	Crystal Palace	1.4998	1.4365	0.3571	0.3072	0.3357	2023
2023-11-04	Everton	Brighton	Everton	Brighton	0.6176	0.4425	0.3494	0.4439	0.2067	2023
2023-11-04	Fulham	Manchester United	Fulham	Man United	1.1824	0.6971	0.4803	0.3166	0.2031	2023
2023-11-04	Manchester City	Bournemouth	Man City	Bournemouth	2.3995	0.6431	0.7963	0.1463	0.0574	2023
2023-11-04	Newcastle United	Arsenal	Newcastle	Arsenal	1.1236	0.5355	0.577	0.3043	0.1187	2023
2023-11-04	Sheffield United	Wolverhampton Wanderers	Sheffield United	Wolves	1.1017	1.148	0.3009	0.3733	0.3258	2023
2023-11-05	Nottingham Forest	Aston Villa	Nott'm Forest	Aston Villa	0.5924	1.3312	0.1456	0.2983	0.5561	2023
2023-11-05	Luton	Liverpool	Luton	Liverpool	1.3411	3.0393	0.0721	0.1522	0.7757	2023
2023-11-06	Tottenham	Chelsea	Tottenham	Chelsea	0.9591	4.0587	0.0094	0.0329	0.9577	2023
2023-11-11	Arsenal	Burnley	Arsenal	Burnley	2.6319	0.3277	0.9544	0.0415	0.0041	2023
2023-11-11	Bournemouth	Newcastle United	Bournemouth	Newcastle	2.7842	0.3061	0.9374	0.0517	0.0109	2023
2023-11-11	Crystal Palace	Everton	Crystal Palace	Everton	1.8919	1.7904	0.3803	0.2887	0.331	2023
2023-11-11	Manchester United	Luton	Man United	Luton	2.741	0.4083	0.9169	0.0661	0.017	2023
2023-11-11	Wolverhampton Wanderers	Tottenham	Wolves	Tottenham	1.9088	0.4323	0.7738	0.1722	0.054	2023
2023-11-12	West Ham	Nottingham Forest	West Ham	Nott'm Forest	2.064	1.4213	0.5298	0.2455	0.2247	2023
2023-11-12	Liverpool	Brentford	Liverpool	Brentford	1.56	1.4495	0.3975	0.264	0.3385	2023
2023-11-12	Chelsea	Manchester City	Chelsea	Man City	3.4724	3.1932	0.455	0.2211	0.3239	2023
2023-11-12	Aston Villa	Fulham	Aston Villa	Fulham	2.8604	0.6487	0.9227	0.0642	0.0131	2023
2023-11-12	Brighton	Sheffield United	Brighton	Sheffield United	1.086	0.8443	0.4067	0.3328	0.2605	2023
2023-11-25	Brentford	Arsenal	Brentford	Arsenal	1.6631	1.827	0.3338	0.274	0.3922	2023
2023-11-25	Burnley	West Ham	Burnley	West Ham	1.4423	1.3696	0.3708	0.308	0.3212	2023
2023-11-25	Luton	Crystal Palace	Luton	Crystal Palace	0.9962	1.8355	0.1537	0.2577	0.5886	2023
2023-11-25	Manchester City	Liverpool	Man City	Liverpool	1.7962	0.7663	0.6472	0.2244	0.1284	2023
2023-11-25	Newcastle United	Chelsea	Newcastle	Chelsea	2.1523	0.9681	0.6848	0.1926	0.1226	2023
2023-11-25	Nottingham Forest	Brighton	Nott'm Forest	Brighton	2.2266	1.2179	0.6382	0.2258	0.136	2023
2023-11-25	Sheffield United	Bournemouth	Sheffield United	Bournemouth	0.8162	3.1397	0.0405	0.095	0.8645	2023
2023-11-26	Tottenham	Aston Villa	Tottenham	Aston Villa	2.2254	2.3975	0.3333	0.2488	0.4179	2023
2023-11-26	Everton	Manchester United	Everton	Man United	2.4976	2.0733	0.4626	0.2624	0.275	2023
2023-11-27	Fulham	Wolverhampton Wanderers	Fulham	Wolves	2.4906	1.5788	0.6313	0.2309	0.1378	2023
2023-12-02	Arsenal	Wolverhampton Wanderers	Arsenal	Wolves	3.3037	1.0789	0.8622	0.0986	0.0392	2023
2023-12-02	Brentford	Luton	Brentford	Luton	3.2595	0.2272	0.9661	0.0298	0.0041	2023
2023-12-02	Burnley	Sheffield United	Burnley	Sheffield United	2.6047	0.6181	0.8499	0.1154	0.0347	2023
2023-12-02	Newcastle United	Manchester United	Newcastle	Man United	2.9019	0.4227	0.9224	0.0633	0.0143	2023
2023-12-02	Nottingham Forest	Everton	Nott'm Forest	Everton	0.6731	0.6238	0.3119	0.4027	0.2854	2023
2023-12-03	West Ham	Crystal Palace	West Ham	Crystal Palace	1.1466	0.9877	0.3755	0.3287	0.2958	2023
2023-12-03	Manchester City	Tottenham	Man City	Tottenham	2.9073	0.4331	0.9091	0.0719	0.019	2023
2023-12-03	Liverpool	Fulham	Liverpool	Fulham	2.7283	1.51	0.6648	0.1927	0.1425	2023
2023-12-03	Chelsea	Brighton	Chelsea	Brighton	1.663	0.8551	0.6179	0.2445	0.1376	2023
2023-12-03	Bournemouth	Aston Villa	Bournemouth	Aston Villa	2.5494	0.8951	0.7928	0.144	0.0632	2023
2023-12-05	Luton	Arsenal	Luton	Arsenal	0.5263	2.5882	0.0299	0.1032	0.8669	2023
2023-12-05	Wolverhampton Wanderers	Burnley	Wolves	Burnley	1.1189	0.7815	0.4371	0.34	0.2229	2023
2023-12-06	Aston Villa	Manchester City	Aston Villa	Man City	2.1922	1.002	0.6881	0.2247	0.0872	2023
2023-12-06	Brighton	Brentford	Brighton	Brentford	1.541	1.2201	0.4263	0.3121	0.2616	2023
2023-12-06	Crystal Palace	Bournemouth	Crystal Palace	Bournemouth	1.2644	1.8	0.2221	0.2553	0.5226	2023
2023-12-06	Fulham	Nottingham Forest	Fulham	Nott'm Forest	3.0943	0.2187	0.9769	0.0204	0.0027	2023
2023-12-06	Manchester United	Chelsea	Man United	Chelsea	4.0395	2.3512	0.7338	0.1466	0.1196	2023
2023-12-06	Sheffield United	Liverpool	Sheffield United	Liverpool	0.8342	1.8012	0.1397	0.234	0.6263	2023
2023-12-07	Everton	Newcastle United	Everton	Newcastle	2.9539	1.2956	0.7544	0.1534	0.0922	2023
2023-12-07	Tottenham	West Ham	Tottenham	West Ham	1.6127	1.7409	0.3319	0.2535	0.4146	2023
2023-12-09	Sheffield United	Brentford	Sheffield United	Brentford	0.842	0.6446	0.3909	0.3656	0.2435	2023
2023-12-09	Manchester United	Bournemouth	Man United	Bournemouth	1.113	1.9742	0.1539	0.2242	0.6219	2023
2023-12-09	Wolverhampton Wanderers	Nottingham Forest	Wolves	Nott'm Forest	1.022	1.218	0.2745	0.3237	0.4018	2023
2023-12-09	Brighton	Burnley	Brighton	Burnley	2.9625	1.0516	0.8189	0.1267	0.0544	2023
2023-12-09	Aston Villa	Arsenal	Aston Villa	Arsenal	0.6285	1.7167	0.0978	0.2163	0.6859	2023
2023-12-09	Crystal Palace	Liverpool	Crystal Palace	Liverpool	1.7915	1.3708	0.4846	0.276	0.2394	2023
2023-12-10	Everton	Chelsea	Everton	Chelsea	1.1144	0.8855	0.4245	0.3286	0.2469	2023
2023-12-10	Fulham	West Ham	Fulham	West Ham	2.1884	0.983	0.6859	0.1905	0.1236	2023
2023-12-10	Luton	Manchester City	Luton	Man City	0.689	2.2335	0.054	0.178	0.768	2023
2023-12-10	Tottenham	Newcastle United	Tottenham	Newcastle	4.4012	1.6137	0.8961	0.0703	0.0336	2023
2023-12-15	Nottingham Forest	Tottenham	Nott'm Forest	Tottenham	1.7057	1.6074	0.3911	0.2583	0.3506	2023
2023-12-16	Newcastle United	Fulham	Newcastle	Fulham	4.2793	0.471	0.99	0.0089	0.0011	2023
2023-12-16	Manchester City	Crystal Palace	Man City	Crystal Palace	2.4165	1.6498	0.5547	0.2489	0.1964	2023
2023-12-16	Burnley	Everton	Burnley	Everton	0.8114	2.2231	0.082	0.1611	0.7569	2023
2023-12-16	Chelsea	Sheffield United	Chelsea	Sheffield United	3.2732	0.4401	0.9605	0.0315	0.008	2023
2023-12-17	Arsenal	Brighton	Arsenal	Brighton	2.7698	0.6631	0.8439	0.1165	0.0396	2023
2023-12-17	Brentford	Aston Villa	Brentford	Aston Villa	0.7968	1.4664	0.1774	0.2816	0.541	2023
2023-12-17	Liverpool	Manchester United	Liverpool	Man United	1.9711	0.6327	0.7148	0.1924	0.0928	2023
2023-12-17	West Ham	Wolverhampton Wanderers	West Ham	Wolves	1.0383	0.5562	0.4864	0.3306	0.183	2023
2023-12-21	Crystal Palace	Brighton	Crystal Palace	Brighton	1.6541	1.3365	0.455	0.2631	0.2819	2023
2023-12-22	Aston Villa	Sheffield United	Aston Villa	Sheffield United	1.2186	0.6462	0.5001	0.3312	0.1687	2023
2023-12-23	Tottenham	Everton	Tottenham	Everton	1.5753	1.9838	0.2879	0.2354	0.4767	2023
2023-12-23	West Ham	Manchester United	West Ham	Man United	1.5147	0.7305	0.5925	0.2598	0.1477	2023
2023-12-23	Nottingham Forest	Bournemouth	Nott'm Forest	Bournemouth	0.7918	1.8907	0.1303	0.2073	0.6624	2023
2023-12-23	Luton	Newcastle United	Luton	Newcastle	1.8184	1.4149	0.4862	0.2508	0.263	2023
2023-12-23	Liverpool	Arsenal	Liverpool	Arsenal	0.9829	0.8517	0.377	0.3338	0.2892	2023
2023-12-23	Fulham	Burnley	Fulham	Burnley	1.381	0.4171	0.6363	0.2621	0.1016	2023
2023-12-24	Wolverhampton Wanderers	Chelsea	Wolves	Chelsea	1.7463	1.7545	0.3603	0.2626	0.3771	2023
2023-12-26	Bournemouth	Fulham	Bournemouth	Fulham	2.0791	0.3244	0.8555	0.1194	0.0251	2023
2023-12-26	Burnley	Liverpool	Burnley	Liverpool	0.9724	1.6845	0.1994	0.2625	0.5381	2023
2023-12-26	Manchester United	Aston Villa	Man United	Aston Villa	1.201	1.8364	0.1985	0.2573	0.5442	2023
2023-12-26	Newcastle United	Nottingham Forest	Newcastle	Nott'm Forest	2.7911	3.1074	0.3064	0.2328	0.4608	2023
2023-12-26	Sheffield United	Luton	Sheffield United	Luton	3.6179	0.7156	0.9422	0.044	0.0138	2023
2023-12-27	Brentford	Wolverhampton Wanderers	Brentford	Wolves	2.5935	1.8948	0.5428	0.2254	0.2318	2023
2023-12-27	Chelsea	Crystal Palace	Chelsea	Crystal Palace	2.73	0.9581	0.8078	0.135	0.0572	2023
2023-12-27	Everton	Manchester City	Everton	Man City	1.2353	2.2832	0.1381	0.2182	0.6437	2023
2023-12-28	Arsenal	West Ham	Arsenal	West Ham	2.7884	1.5971	0.6535	0.2038	0.1427	2023
2023-12-28	Brighton	Tottenham	Brighton	Tottenham	3.847	2.0696	0.767	0.1299	0.1031	2023
2023-12-30	Wolverhampton Wanderers	Everton	Wolves	Everton	2.6448	0.5196	0.916	0.0694	0.0146	2023
2023-12-30	Manchester City	Sheffield United	Man City	Sheffield United	2.2423	0.2632	0.9141	0.0761	0.0098	2023
2023-12-30	Nottingham Forest	Manchester United	Nott'm Forest	Man United	0.7443	0.6519	0.3432	0.3817	0.2751	2023
2023-12-30	Crystal Palace	Brentford	Crystal Palace	Brentford	1.6106	1.2873	0.4365	0.2865	0.277	2023
2023-12-30	Luton	Chelsea	Luton	Chelsea	2.6409	1.5746	0.6595	0.2081	0.1324	2023
2023-12-30	Aston Villa	Burnley	Aston Villa	Burnley	2.9259	1.1192	0.8066	0.131	0.0624	2023
2023-12-31	Fulham	Arsenal	Fulham	Arsenal	1.5283	1.6591	0.3212	0.286	0.3928	2023
2023-12-31	Tottenham	Bournemouth	Tottenham	Bournemouth	2.1503	1.5823	0.5177	0.2287	0.2536	2023
2024-01-01	Liverpool	Newcastle United	Liverpool	Newcastle	6.6715	0.911	0.9981	0.0015	0.0004	2023
2024-01-02	West Ham	Brighton	West Ham	Brighton	0.9831	2.1552	0.1215	0.2187	0.6598	2023
2024-01-12	Burnley	Luton	Burnley	Luton	1.5202	0.9652	0.514	0.2735	0.2125	2023
2024-01-13	Newcastle United	Manchester City	Newcastle	Man City	1.2364	2.5545	0.1202	0.1796	0.7002	2023
2024-01-13	Chelsea	Fulham	Chelsea	Fulham	2.0456	0.6978	0.7466	0.1756	0.0778	2023
2024-01-14	Everton	Aston Villa	Everton	Aston Villa	1.0366	1.3435	0.2719	0.3045	0.4236	2023
2024-01-14	Manchester United	Tottenham	Man United	Tottenham	0.9232	1.3122	0.2351	0.3057	0.4592	2023
2024-01-20	Arsenal	Crystal Palace	Arsenal	Crystal Palace	3.5217	0.2881	0.967	0.029	0.004	2023
2024-01-20	Brentford	Nottingham Forest	Brentford	Nott'm Forest	1.9422	1.2225	0.5612	0.2428	0.196	2023
2024-01-21	Bournemouth	Liverpool	Bournemouth	Liverpool	0.8346	1.5334	0.1701	0.2667	0.5632	2023
2024-01-21	Sheffield United	West Ham	Sheffield United	West Ham	2.6136	2.4241	0.4271	0.2342	0.3387	2023
2024-01-22	Brighton	Wolverhampton Wanderers	Brighton	Wolves	1.3701	1.1412	0.3979	0.3324	0.2697	2023
2024-01-30	Nottingham Forest	Arsenal	Nott'm Forest	Arsenal	0.6316	1.3914	0.1572	0.2831	0.5597	2023
2024-01-30	Luton	Brighton	Luton	Brighton	3.6331	1.0137	0.9284	0.0547	0.0169	2023
2024-01-30	Aston Villa	Newcastle United	Aston Villa	Newcastle	1.4448	3.3224	0.0747	0.1228	0.8025	2023
2024-01-30	Crystal Palace	Sheffield United	Crystal Palace	Sheffield United	1.1601	0.7685	0.4684	0.3204	0.2112	2023
2024-01-30	Fulham	Everton	Fulham	Everton	2.375	2.8332	0.308	0.2134	0.4786	2023
2024-01-31	Liverpool	Chelsea	Liverpool	Chelsea	3.6627	0.478	0.9634	0.0301	0.0065	2023
2024-01-31	Manchester City	Burnley	Man City	Burnley	1.8476	1.4911	0.45	0.2838	0.2662	2023
2024-01-31	Tottenham	Brentford	Tottenham	Brentford	3.3619	1.5964	0.7778	0.1393	0.0829	2023
2024-02-01	West Ham	Bournemouth	West Ham	Bournemouth	1.3128	1.1349	0.4096	0.3213	0.2691	2023
2024-02-01	Wolverhampton Wanderers	Manchester United	Wolves	Man United	2.2761	3.227	0.188	0.209	0.603	2023
2024-02-03	Sheffield United	Aston Villa	Sheffield United	Aston Villa	1.5278	2.9901	0.0949	0.1699	0.7352	2023
2024-02-03	Everton	Tottenham	Everton	Tottenham	3.2588	0.9224	0.9354	0.0526	0.012	2023
2024-02-03	Newcastle United	Luton	Newcastle	Luton	2.3735	2.6746	0.3138	0.2276	0.4586	2023
2024-02-03	Brighton	Crystal Palace	Brighton	Crystal Palace	1.9259	0.2411	0.8463	0.129	0.0247	2023
2024-02-03	Burnley	Fulham	Burnley	Fulham	1.0043	1.2881	0.2812	0.293	0.4258	2023
2024-02-04	Arsenal	Liverpool	Arsenal	Liverpool	2.8526	0.5421	0.8894	0.0841	0.0265	2023
2024-02-04	Bournemouth	Nottingham Forest	Bournemouth	Nott'm Forest	1.1895	0.4565	0.6339	0.2803	0.0858	2023
2024-02-04	Chelsea	Wolverhampton Wanderers	Chelsea	Wolves	2.3597	2.49	0.3563	0.229	0.4147	2023
2024-02-04	Manchester United	West Ham	Man United	West Ham	0.9672	1.1807	0.2964	0.3006	0.403	2023
2024-02-05	Brentford	Manchester City	Brentford	Man City	0.8657	2.1079	0.1246	0.1938	0.6816	2023
2024-02-10	Tottenham	Brighton	Tottenham	Brighton	2.1093	1.4929	0.5182	0.2553	0.2265	2023
2024-02-10	Wolverhampton Wanderers	Brentford	Wolves	Brentford	1.0578	1.8491	0.1694	0.2406	0.59	2023
2024-02-10	Nottingham Forest	Newcastle United	Nott'm Forest	Newcastle	0.9681	0.5114	0.4805	0.3509	0.1686	2023
2024-02-10	Liverpool	Burnley	Liverpool	Burnley	3.1473	1.1112	0.8055	0.1243	0.0702	2023
2024-02-10	Luton	Sheffield United	Luton	Sheffield United	1.7622	1.9828	0.2937	0.2842	0.4221	2023
2024-02-10	Manchester City	Everton	Man City	Everton	1.5897	0.1921	0.7703	0.1961	0.0336	2023
2024-02-10	Fulham	Bournemouth	Fulham	Bournemouth	1.7456	2.6061	0.2024	0.2217	0.5759	2023
2024-02-11	Aston Villa	Manchester United	Aston Villa	Man United	2.6467	2.4459	0.4367	0.2256	0.3377	2023
2024-02-11	West Ham	Arsenal	West Ham	Arsenal	0.1911	3.9989	0.0014	0.0121	0.9865	2023
2024-02-12	Crystal Palace	Chelsea	Crystal Palace	Chelsea	0.7195	1.2695	0.1869	0.2941	0.519	2023
2024-02-17	Tottenham	Wolverhampton Wanderers	Tottenham	Wolves	1.5977	1.7759	0.3182	0.2596	0.4222	2023
2024-02-17	Brentford	Liverpool	Brentford	Liverpool	1.6952	3.0895	0.13	0.1713	0.6987	2023
2024-02-17	Burnley	Arsenal	Burnley	Arsenal	0.3351	2.2058	0.0215	0.1051	0.8734	2023
2024-02-17	Fulham	Aston Villa	Fulham	Aston Villa	1.418	1.573	0.3234	0.2655	0.4111	2023
2024-02-17	Manchester City	Chelsea	Man City	Chelsea	2.7771	1.829	0.5909	0.1949	0.2142	2023
2024-02-17	Newcastle United	Bournemouth	Newcastle	Bournemouth	2.3843	2.081	0.4324	0.2915	0.2761	2023
2024-02-17	Nottingham Forest	West Ham	Nott'm Forest	West Ham	2.6694	0.52	0.8769	0.0916	0.0315	2023
2024-02-18	Sheffield United	Brighton	Sheffield United	Brighton	0.5862	3.3555	0.012	0.0482	0.9398	2023
2024-02-18	Luton	Manchester United	Luton	Man United	1.5723	3.5897	0.0801	0.1195	0.8004	2023
2024-02-19	Everton	Crystal Palace	Everton	Crystal Palace	2.4459	0.7347	0.8065	0.1381	0.0554	2023
2024-02-20	Manchester City	Brentford	Man City	Brentford	2.5377	0.5038	0.845	0.1154	0.0396	2023
2024-02-21	Liverpool	Luton	Liverpool	Luton	3.703	0.9565	0.8961	0.0729	0.031	2023
2024-02-24	Arsenal	Newcastle United	Arsenal	Newcastle	2.5934	0.2174	0.933	0.0583	0.0087	2023
2024-02-24	Aston Villa	Nottingham Forest	Aston Villa	Nott'm Forest	3.4886	2.2557	0.6676	0.188	0.1444	2023
2024-02-24	Bournemouth	Manchester City	Bournemouth	Man City	0.9259	1.7964	0.1377	0.2393	0.623	2023
2024-02-24	Brighton	Everton	Brighton	Everton	1.6538	0.2867	0.7466	0.2016	0.0518	2023
2024-02-24	Crystal Palace	Burnley	Crystal Palace	Burnley	2.4161	0.076	0.9557	0.042	0.0023	2023
2024-02-24	Manchester United	Fulham	Man United	Fulham	1.9604	1.1385	0.5948	0.2309	0.1743	2023
2024-02-25	Wolverhampton Wanderers	Sheffield United	Wolves	Sheffield United	1.2162	0.6543	0.5154	0.3025	0.1821	2023
2024-02-26	West Ham	Brentford	West Ham	Brentford	2.0687	1.3368	0.5759	0.2315	0.1926	2023
2024-03-02	Tottenham	Crystal Palace	Tottenham	Crystal Palace	2.6625	0.2779	0.9285	0.0622	0.0093	2023
2024-03-02	Newcastle United	Wolverhampton Wanderers	Newcastle	Wolves	3.335	0.5078	0.9528	0.0375	0.0097	2023
2024-03-02	Luton	Aston Villa	Luton	Aston Villa	2.4331	2.0859	0.4648	0.2474	0.2878	2023
2024-03-02	Nottingham Forest	Liverpool	Nott'm Forest	Liverpool	0.9715	1.3226	0.267	0.2868	0.4462	2023
2024-03-02	Everton	West Ham	Everton	West Ham	3.1208	2.1795	0.6041	0.2042	0.1917	2023
2024-03-02	Brentford	Chelsea	Brentford	Chelsea	2.4732	2.1523	0.4418	0.2411	0.3171	2023
2024-03-02	Fulham	Brighton	Fulham	Brighton	1.376	1.152	0.4214	0.2805	0.2981	2023
2024-03-03	Burnley	Bournemouth	Burnley	Bournemouth	1.6046	1.4362	0.4202	0.2635	0.3163	2023
2024-03-03	Manchester City	Manchester United	Man City	Man United	2.6417	0.1538	0.9375	0.0569	0.0056	2023
2024-03-04	Sheffield United	Arsenal	Sheffield United	Arsenal	0.2014	2.4729	0.0132	0.089	0.8978	2023
2024-03-09	Wolverhampton Wanderers	Fulham	Wolves	Fulham	1.2959	2.9415	0.0956	0.1555	0.7489	2023
2024-03-09	Manchester United	Everton	Man United	Everton	2.9016	1.8214	0.6539	0.188	0.1581	2023
2024-03-09	Crystal Palace	Luton	Crystal Palace	Luton	3.251	1.0853	0.8485	0.1087	0.0428	2023
2024-03-09	Arsenal	Brentford	Arsenal	Brentford	1.5937	0.7332	0.5916	0.262	0.1464	2023
2024-03-09	Bournemouth	Sheffield United	Bournemouth	Sheffield United	3.9266	1.9175	0.7827	0.1317	0.0856	2023
2024-03-10	Aston Villa	Tottenham	Aston Villa	Tottenham	1.2327	2.2538	0.1441	0.2079	0.648	2023
2024-03-10	Brighton	Nottingham Forest	Brighton	Nott'm Forest	0.5345	0.687	0.2326	0.4127	0.3547	2023
2024-03-10	Liverpool	Manchester City	Liverpool	Man City	2.2549	1.3729	0.5862	0.2435	0.1703	2023
2024-03-10	West Ham	Burnley	West Ham	Burnley	1.8741	0.8813	0.617	0.2337	0.1493	2023
2024-03-11	Chelsea	Newcastle United	Chelsea	Newcastle	1.7832	0.5684	0.7549	0.1839	0.0612	2023
2024-03-13	Bournemouth	Luton	Bournemouth	Luton	2.844	2.7942	0.3874	0.23	0.3826	2023
2024-03-16	Luton	Nottingham Forest	Luton	Nott'm Forest	0.8538	1.9527	0.1236	0.2202	0.6562	2023
2024-03-16	Fulham	Tottenham	Fulham	Tottenham	2.4723	2.1456	0.4497	0.2511	0.2992	2023
2024-03-16	Burnley	Brentford	Burnley	Brentford	2.6978	1.2512	0.7332	0.1712	0.0956	2023
2024-03-17	West Ham	Aston Villa	West Ham	Aston Villa	1.3283	0.9113	0.4612	0.3004	0.2384	2023
2024-03-30	Tottenham	Luton	Tottenham	Luton	2.4652	0.4024	0.8853	0.093	0.0217	2023
2024-03-30	Nottingham Forest	Crystal Palace	Nott'm Forest	Crystal Palace	0.7847	0.901	0.2849	0.3583	0.3568	2023
2024-03-30	Newcastle United	West Ham	Newcastle	West Ham	3.8092	0.9946	0.9141	0.0607	0.0252	2023
2024-03-30	Sheffield United	Fulham	Sheffield United	Fulham	1.7882	1.1025	0.5659	0.2465	0.1876	2023
2024-03-30	Brentford	Manchester United	Brentford	Man United	3.1649	0.9896	0.8271	0.1192	0.0537	2023
2024-03-30	Bournemouth	Everton	Bournemouth	Everton	1.3927	0.9338	0.4836	0.3187	0.1977	2023
2024-03-30	Aston Villa	Wolverhampton Wanderers	Aston Villa	Wolves	1.2827	1.6623	0.2681	0.2583	0.4736	2023
2024-03-30	Chelsea	Burnley	Chelsea	Burnley	4.4664	2.1042	0.8334	0.0971	0.0695	2023
2024-03-31	Liverpool	Brighton	Liverpool	Brighton	3.2115	0.4392	0.9248	0.06	0.0152	2023
2024-03-31	Manchester City	Arsenal	Man City	Arsenal	1.2201	0.5114	0.5957	0.2805	0.1238	2023
2024-04-02	West Ham	Tottenham	West Ham	Tottenham	1.4702	1.3942	0.3691	0.3037	0.3272	2023
2024-04-02	Bournemouth	Crystal Palace	Bournemouth	Crystal Palace	1.3097	0.1744	0.7183	0.2403	0.0414	2023
2024-04-02	Burnley	Wolverhampton Wanderers	Burnley	Wolves	1.1258	1.0102	0.3791	0.3116	0.3093	2023
2024-04-02	Newcastle United	Everton	Newcastle	Everton	2.6501	1.6983	0.6098	0.2173	0.1729	2023
2024-04-02	Nottingham Forest	Fulham	Nott'm Forest	Fulham	1.9462	1.043	0.6133	0.215	0.1717	2023
2024-04-03	Manchester City	Aston Villa	Man City	Aston Villa	3.877	1.1864	0.8896	0.0723	0.0381	2023
2024-04-03	Arsenal	Luton	Arsenal	Luton	1.1438	0.2921	0.6149	0.301	0.0841	2023
2024-04-03	Brentford	Brighton	Brentford	Brighton	0.4233	1.224	0.1184	0.2938	0.5878	2023
2024-04-04	Chelsea	Manchester United	Chelsea	Man United	3.4805	1.5669	0.7877	0.1251	0.0872	2023
2024-04-04	Liverpool	Sheffield United	Liverpool	Sheffield United	2.5177	0.7209	0.7969	0.151	0.0521	2023
2024-04-06	Aston Villa	Brentford	Aston Villa	Brentford	1.1633	1.4206	0.2673	0.2872	0.4455	2023
2024-04-06	Brighton	Arsenal	Brighton	Arsenal	0.4285	4.1652	0.004	0.0185	0.9775	2023
2024-04-06	Crystal Palace	Manchester City	Crystal Palace	Man City	1.4947	2.2638	0.211	0.2307	0.5583	2023
2024-04-06	Everton	Burnley	Everton	Burnley	0.6598	0.347	0.3827	0.4499	0.1674	2023
2024-04-06	Fulham	Newcastle United	Fulham	Newcastle	0.8346	1.1801	0.2389	0.3084	0.4527	2023
2024-04-06	Luton	Bournemouth	Luton	Bournemouth	1.3048	0.6161	0.5559	0.2877	0.1564	2023
2024-04-06	Wolverhampton Wanderers	West Ham	Wolves	West Ham	1.7834	1.1413	0.5558	0.2917	0.1525	2023
2024-04-07	Manchester United	Liverpool	Man United	Liverpool	0.8145	4.4346	0.007	0.0309	0.9621	2023
2024-04-07	Sheffield United	Chelsea	Sheffield United	Chelsea	1.7427	0.5218	0.7207	0.2028	0.0765	2023
2024-04-07	Tottenham	Nottingham Forest	Tottenham	Nott'm Forest	1.6198	2.0012	0.2404	0.2793	0.4803	2023
2024-04-13	Newcastle United	Tottenham	Newcastle	Tottenham	3.1483	0.7376	0.8841	0.0843	0.0316	2023
2024-04-13	Nottingham Forest	Wolverhampton Wanderers	Nott'm Forest	Wolves	1.7624	1.4569	0.4299	0.2841	0.286	2023
2024-04-13	Manchester City	Luton	Man City	Luton	4.6425	0.8098	0.9687	0.0253	0.006	2023
2024-04-13	Burnley	Brighton	Burnley	Brighton	1.8522	0.8894	0.6483	0.2124	0.1393	2023
2024-04-13	Brentford	Sheffield United	Brentford	Sheffield United	1.0907	0.8345	0.4097	0.3275	0.2628	2023
2024-04-13	Bournemouth	Manchester United	Bournemouth	Man United	2.3852	1.5227	0.5851	0.2409	0.174	2023
2024-04-14	Arsenal	Aston Villa	Arsenal	Aston Villa	1.89	0.929	0.6312	0.2246	0.1442	2023
2024-04-14	Liverpool	Crystal Palace	Liverpool	Crystal Palace	3.045	2.1288	0.586	0.205	0.209	2023
2024-04-14	West Ham	Fulham	West Ham	Fulham	1.4531	3.6141	0.0551	0.1047	0.8402	2023
2024-04-15	Chelsea	Everton	Chelsea	Everton	3.3709	1.2179	0.8957	0.0806	0.0237	2023
2024-04-20	Luton	Brentford	Luton	Brentford	0.4978	3.7809	0.0056	0.0305	0.9639	2023
2024-04-20	Sheffield United	Burnley	Sheffield United	Burnley	1.9782	2.4234	0.2848	0.2176	0.4976	2023
2024-04-20	Wolverhampton Wanderers	Arsenal	Wolves	Arsenal	0.1645	1.6618	0.0263	0.1824	0.7913	2023
2024-04-21	Aston Villa	Bournemouth	Aston Villa	Bournemouth	2.6269	2.0521	0.5185	0.2532	0.2283	2023
2024-04-21	Crystal Palace	West Ham	Crystal Palace	West Ham	3.7185	1.3454	0.8772	0.0909	0.0319	2023
2024-04-21	Everton	Nottingham Forest	Everton	Nott'm Forest	0.4732	1.1892	0.1131	0.289	0.5979	2023
2024-04-21	Fulham	Liverpool	Fulham	Liverpool	0.8388	1.0245	0.2932	0.3265	0.3803	2023
2024-04-23	Arsenal	Chelsea	Arsenal	Chelsea	3.4586	1.6034	0.7702	0.1394	0.0904	2023
2024-04-24	Wolverhampton Wanderers	Bournemouth	Wolves	Bournemouth	0.4845	2.4031	0.0421	0.1264	0.8315	2023
2024-04-24	Manchester United	Sheffield United	Man United	Sheffield United	3.5131	1.2052	0.862	0.0946	0.0434	2023
2024-04-24	Crystal Palace	Newcastle United	Crystal Palace	Newcastle	1.4366	0.5513	0.6157	0.2628	0.1215	2023
2024-04-24	Everton	Liverpool	Everton	Liverpool	1.8911	1.8716	0.3871	0.2422	0.3707	2023
2024-04-25	Brighton	Manchester City	Brighton	Man City	0.572	1.9051	0.0723	0.192	0.7357	2023
2024-04-27	West Ham	Liverpool	West Ham	Liverpool	0.794	2.293	0.0961	0.1784	0.7255	2023
2024-04-27	Aston Villa	Chelsea	Aston Villa	Chelsea	0.6123	1.564	0.1222	0.2418	0.636	2023
2024-04-27	Everton	Brentford	Everton	Brentford	1.214	0.9564	0.413	0.3107	0.2763	2023
2024-04-27	Fulham	Crystal Palace	Fulham	Crystal Palace	1.3942	1.0539	0.4601	0.286	0.2539	2023
2024-04-27	Manchester United	Burnley	Man United	Burnley	3.062	1.8959	0.633	0.1894	0.1776	2023
2024-04-27	Newcastle United	Sheffield United	Newcastle	Sheffield United	2.9348	1.8241	0.6347	0.1843	0.181	2023
2024-04-27	Wolverhampton Wanderers	Luton	Wolves	Luton	1.4901	0.9043	0.5315	0.2771	0.1914	2023
2024-04-28	Bournemouth	Brighton	Bournemouth	Brighton	2.4813	1.3568	0.6621	0.2038	0.1341	2023
2024-04-28	Nottingham Forest	Manchester City	Nott'm Forest	Man City	2.1731	0.9321	0.7162	0.1854	0.0984	2023
2024-04-28	Tottenham	Arsenal	Tottenham	Arsenal	2.6046	1.5147	0.6558	0.2025	0.1417	2023
2024-05-02	Chelsea	Tottenham	Chelsea	Tottenham	2.2243	1.2706	0.6141	0.2125	0.1734	2023
2024-05-03	Luton	Everton	Luton	Everton	0.9504	1.2296	0.2417	0.3209	0.4374	2023
2024-05-04	Manchester City	Wolverhampton Wanderers	Man City	Wolves	4.5254	0.3969	0.991	0.0079	0.0011	2023
2024-05-04	Burnley	Newcastle United	Burnley	Newcastle	1.2863	4.2564	0.0178	0.0508	0.9314	2023
2024-05-04	Sheffield United	Nottingham Forest	Sheffield United	Nott'm Forest	2.4899	1.9382	0.5059	0.2253	0.2688	2023
2024-05-04	Arsenal	Bournemouth	Arsenal	Bournemouth	3.9137	0.4687	0.9654	0.0291	0.0055	2023
2024-05-04	Brentford	Fulham	Brentford	Fulham	0.8094	1.4558	0.1715	0.2963	0.5322	2023
2024-05-05	Brighton	Aston Villa	Brighton	Aston Villa	2.6357	0.0644	0.9753	0.0239	0.0008	2023
2024-05-05	Chelsea	West Ham	Chelsea	West Ham	4.2184	0.8939	0.9432	0.0394	0.0174	2023
2024-05-05	Liverpool	Tottenham	Liverpool	Tottenham	3.2622	1.1721	0.8315	0.1185	0.05	2023
2024-05-06	Crystal Palace	Manchester United	Crystal Palace	Man United	2.0656	0.3414	0.8297	0.137	0.0333	2023
2024-05-11	Bournemouth	Brentford	Bournemouth	Brentford	1.0724	1.9272	0.1659	0.2389	0.5952	2023
2024-05-11	Everton	Sheffield United	Everton	Sheffield United	1.8241	0.4655	0.765	0.1746	0.0604	2023
2024-05-11	Fulham	Manchester City	Fulham	Man City	0.0886	3.1522	0.001	0.0222	0.9768	2023
2024-05-11	Newcastle United	Brighton	Newcastle	Brighton	2.4516	1.9156	0.4998	0.2298	0.2704	2023
2024-05-11	Nottingham Forest	Chelsea	Nott'm Forest	Chelsea	2.4457	2.4107	0.3917	0.2374	0.3709	2023
2024-05-11	Tottenham	Burnley	Tottenham	Burnley	3.0024	0.9503	0.8361	0.1169	0.047	2023
2024-05-11	West Ham	Luton	West Ham	Luton	3.7101	0.6405	0.9567	0.0361	0.0072	2023
2024-05-11	Wolverhampton Wanderers	Crystal Palace	Wolves	Crystal Palace	1.1561	2.5145	0.0949	0.1802	0.7249	2023
2024-05-12	Manchester United	Arsenal	Man United	Arsenal	0.5517	1.731	0.0616	0.1941	0.7443	2023
2024-05-13	Aston Villa	Liverpool	Aston Villa	Liverpool	2.7165	1.8997	0.5746	0.2272	0.1982	2023
2024-05-14	Tottenham	Manchester City	Tottenham	Man City	1.8429	2.7033	0.169	0.2244	0.6066	2023
2024-05-15	Manchester United	Newcastle United	Man United	Newcastle	1.4971	2.2766	0.2182	0.2203	0.5615	2023
2024-05-15	Brighton	Chelsea	Brighton	Chelsea	1.3242	1.544	0.2978	0.2856	0.4166	2023
2024-05-19	Manchester City	West Ham	Man City	West Ham	2.315	0.2402	0.8797	0.1018	0.0185	2023
2024-05-19	Sheffield United	Tottenham	Sheffield United	Tottenham	0.6973	3.1968	0.0151	0.0617	0.9232	2023
2024-05-19	Luton	Fulham	Luton	Fulham	2.0674	1.116	0.6273	0.2206	0.1521	2023
2024-05-19	Liverpool	Wolverhampton Wanderers	Liverpool	Wolves	5.6594	0.7313	0.9939	0.0057	0.0004	2023
2024-05-19	Crystal Palace	Aston Villa	Crystal Palace	Aston Villa	2.2319	0.5988	0.7913	0.1508	0.0579	2023
2024-05-19	Arsenal	Everton	Arsenal	Everton	3.2117	0.6649	0.9199	0.0673	0.0128	2023
2024-05-19	Burnley	Nottingham Forest	Burnley	Nott'm Forest	1.0822	1.5796	0.2347	0.2662	0.4991	2023
2024-05-19	Brighton	Manchester United	Brighton	Man United	1.9717	1.004	0.6239	0.2248	0.1513	2023
2024-05-19	Brentford	Newcastle United	Brentford	Newcastle	1.7016	3.6504	0.0766	0.1234	0.8	2023
2024-05-19	Chelsea	Bournemouth	Chelsea	Bournemouth	1.5977	2.002	0.2743	0.2387	0.487	2023
2024-08-16	Manchester United	Fulham	Man United	Fulham	2.0427	0.4187	0.8069	0.1489	0.0442	2024
2024-08-17	Arsenal	Wolverhampton Wanderers	Arsenal	Wolves	1.6283	0.5758	0.6528	0.231	0.1162	2024
2024-08-17	Everton	Brighton	Everton	Brighton	0.4053	1.7908	0.0481	0.1635	0.7884	2024
2024-08-17	Ipswich	Liverpool	Ipswich	Liverpool	0.3426	3.9291	0.0026	0.018	0.9794	2024
2024-08-17	Newcastle United	Southampton	Newcastle	Southampton	0.4335	1.9548	0.0378	0.164	0.7982	2024
2024-08-17	Nottingham Forest	Bournemouth	Nott'm Forest	Bournemouth	1.2441	1.9091	0.1994	0.2537	0.5469	2024
2024-08-17	West Ham	Aston Villa	West Ham	Aston Villa	2.8047	2.6703	0.4123	0.2321	0.3556	2024
2024-08-18	Chelsea	Manchester City	Chelsea	Man City	1.0612	1.1804	0.3036	0.3245	0.3719	2024
2024-08-18	Brentford	Crystal Palace	Brentford	Crystal Palace	1.3806	1.1476	0.4248	0.3141	0.2611	2024
2024-08-19	Leicester	Tottenham	Leicester	Tottenham	1.0261	1.4078	0.2541	0.2951	0.4508	2024
2024-08-24	Aston Villa	Arsenal	Aston Villa	Arsenal	1.3166	1.414	0.3113	0.3023	0.3864	2024
2024-08-24	Brighton	Manchester United	Brighton	Man United	2.1415	1.2856	0.601	0.2392	0.1598	2024
2024-08-24	Crystal Palace	West Ham	Crystal Palace	West Ham	1.3761	1.5342	0.3315	0.2678	0.4007	2024
2024-08-24	Fulham	Leicester	Fulham	Leicester	1.9622	0.857	0.6596	0.215	0.1254	2024
2024-08-24	Manchester City	Ipswich	Man City	Ipswich	3.0782	0.48	0.9435	0.0503	0.0062	2024
2024-08-24	Southampton	Nottingham Forest	Southampton	Nott'm Forest	0.215	2.8647	0.0067	0.0496	0.9437	2024
2024-08-24	Tottenham	Everton	Tottenham	Everton	2.6114	0.6489	0.8398	0.1124	0.0478	2024
2024-08-25	Bournemouth	Newcastle United	Bournemouth	Newcastle	2.5351	1.8929	0.5396	0.2334	0.227	2024
2024-08-25	Liverpool	Brentford	Liverpool	Brentford	2.7188	0.4572	0.8893	0.0893	0.0214	2024
2024-08-25	Wolverhampton Wanderers	Chelsea	Wolves	Chelsea	2.4181	2.0293	0.4888	0.2228	0.2884	2024
2024-08-31	Nottingham Forest	Wolverhampton Wanderers	Nott'm Forest	Wolves	1.4107	0.9376	0.4728	0.3229	0.2043	2024
2024-08-31	Leicester	Aston Villa	Leicester	Aston Villa	0.7747	2.1639	0.0646	0.1791	0.7563	2024
2024-08-31	Ipswich	Fulham	Ipswich	Fulham	0.707	1.1888	0.2034	0.3116	0.485	2024
2024-08-31	West Ham	Manchester City	West Ham	Man City	0.9472	3.193	0.0483	0.1075	0.8442	2024
2024-08-31	Brentford	Southampton	Brentford	Southampton	3.8628	1.6471	0.8348	0.1027	0.0625	2024
2024-08-31	Arsenal	Brighton	Arsenal	Brighton	2.418	1.8175	0.5278	0.2236	0.2486	2024
2024-08-31	Everton	Bournemouth	Everton	Bournemouth	2.5563	2.9569	0.3027	0.216	0.4813	2024
2024-09-01	Chelsea	Crystal Palace	Chelsea	Crystal Palace	2.9774	0.4597	0.9429	0.0461	0.011	2024
2024-09-01	Manchester United	Liverpool	Man United	Liverpool	1.5009	2.104	0.2409	0.2462	0.5129	2024
2024-09-01	Newcastle United	Tottenham	Newcastle	Tottenham	1.5869	1.633	0.3519	0.2857	0.3624	2024
2024-09-14	Southampton	Manchester United	Southampton	Man United	1.3559	3.0269	0.0634	0.1533	0.7833	2024
2024-09-14	Manchester City	Brentford	Man City	Brentford	1.5528	1.0509	0.4771	0.2847	0.2382	2024
2024-09-14	Liverpool	Nottingham Forest	Liverpool	Nott'm Forest	1.1704	0.5895	0.5221	0.3244	0.1535	2024
2024-09-14	Fulham	West Ham	Fulham	West Ham	2.886	0.6827	0.8681	0.0971	0.0348	2024
2024-09-14	Crystal Palace	Leicester	Crystal Palace	Leicester	2.8872	1.6519	0.6779	0.1869	0.1352	2024
2024-09-14	Bournemouth	Chelsea	Bournemouth	Chelsea	1.5373	0.9327	0.5298	0.2902	0.18	2024
2024-09-14	Aston Villa	Everton	Aston Villa	Everton	3.1588	0.8522	0.8919	0.0838	0.0243	2024
2024-09-14	Brighton	Ipswich	Brighton	Ipswich	1.757	0.7213	0.6638	0.2448	0.0914	2024
2024-09-15	Tottenham	Arsenal	Tottenham	Arsenal	0.7926	1.1209	0.234	0.3157	0.4503	2024
2024-09-15	Wolverhampton Wanderers	Newcastle United	Wolves	Newcastle	1.4697	1.4834	0.3576	0.2692	0.3732	2024
2024-09-21	Southampton	Ipswich	Southampton	Ipswich	2.8981	1.645	0.6951	0.1778	0.1271	2024
2024-09-21	West Ham	Chelsea	West Ham	Chelsea	0.7583	2.3973	0.0778	0.15	0.7722	2024
2024-09-21	Tottenham	Brentford	Tottenham	Brentford	3.8948	0.8936	0.9397	0.0464	0.0139	2024
2024-09-21	Liverpool	Bournemouth	Liverpool	Bournemouth	2.4373	1.4698	0.597	0.2063	0.1967	2024
2024-09-21	Leicester	Everton	Leicester	Everton	1.3379	1.8238	0.2591	0.2621	0.4788	2024
2024-09-21	Fulham	Newcastle United	Fulham	Newcastle	3.2114	1.0977	0.8274	0.1124	0.0602	2024
2024-09-21	Crystal Palace	Manchester United	Crystal Palace	Man United	1.6693	2.3506	0.2248	0.2317	0.5435	2024
2024-09-21	Aston Villa	Wolverhampton Wanderers	Aston Villa	Wolves	2.3735	0.5201	0.8449	0.1134	0.0417	2024
2024-09-22	Brighton	Nottingham Forest	Brighton	Nott'm Forest	1.5684	1.3692	0.3886	0.31	0.3014	2024
2024-09-22	Manchester City	Arsenal	Man City	Arsenal	2.7559	1.2841	0.72	0.1782	0.1018	2024
2024-09-28	Wolverhampton Wanderers	Liverpool	Wolves	Liverpool	0.7489	2.1172	0.0583	0.1722	0.7695	2024
2024-09-28	Nottingham Forest	Fulham	Nott'm Forest	Fulham	0.6144	1.4359	0.1181	0.2591	0.6228	2024
2024-09-28	Newcastle United	Manchester City	Newcastle	Man City	1.3434	1.2652	0.3867	0.2946	0.3187	2024
2024-09-28	Everton	Crystal Palace	Everton	Crystal Palace	1.1096	1.1236	0.3388	0.3145	0.3467	2024
2024-09-28	Chelsea	Brighton	Chelsea	Brighton	3.6584	1.2071	0.8777	0.0846	0.0377	2024
2024-09-28	Brentford	West Ham	Brentford	West Ham	0.3702	0.8786	0.1512	0.3899	0.4589	2024
2024-09-28	Arsenal	Leicester	Arsenal	Leicester	6.053	0.3379	0.9988	0.0009	0.0003	2024
2024-09-29	Ipswich	Aston Villa	Ipswich	Aston Villa	1.8461	1.1449	0.5579	0.2508	0.1913	2024
2024-09-29	Manchester United	Tottenham	Man United	Tottenham	0.6007	5.4072	0.0007	0.0037	0.9956	2024
2024-09-30	Bournemouth	Southampton	Bournemouth	Southampton	1.4422	0.6961	0.5743	0.2732	0.1525	2024
2024-10-05	West Ham	Ipswich	West Ham	Ipswich	4.394	1.1846	0.9499	0.0394	0.0107	2024
2024-10-05	Manchester City	Fulham	Man City	Fulham	1.3668	2.7585	0.1266	0.1656	0.7078	2024
2024-10-05	Leicester	Bournemouth	Leicester	Bournemouth	0.9121	1.9496	0.1209	0.225	0.6541	2024
2024-10-05	Arsenal	Southampton	Arsenal	Southampton	3.2517	1.2731	0.8063	0.1259	0.0678	2024
2024-10-05	Crystal Palace	Liverpool	Crystal Palace	Liverpool	0.6095	2.0733	0.0716	0.1652	0.7632	2024
2024-10-05	Brentford	Wolverhampton Wanderers	Brentford	Wolves	4.1351	0.6963	0.9617	0.03	0.0083	2024
2024-10-05	Everton	Newcastle United	Everton	Newcastle	0.6922	1.7905	0.0811	0.2469	0.672	2024
2024-10-06	Aston Villa	Manchester United	Aston Villa	Man United	0.5328	0.4485	0.2909	0.4681	0.241	2024
2024-10-06	Brighton	Tottenham	Brighton	Tottenham	1.9722	1.0928	0.6114	0.2216	0.167	2024
2024-10-06	Chelsea	Nottingham Forest	Chelsea	Nott'm Forest	2.2775	1.6665	0.5362	0.2216	0.2422	2024
2024-10-19	Southampton	Leicester	Southampton	Leicester	2.4278	2.8383	0.2806	0.241	0.4784	2024
2024-10-19	Bournemouth	Arsenal	Bournemouth	Arsenal	2.1842	0.7408	0.762	0.1786	0.0594	2024
2024-10-19	Fulham	Aston Villa	Fulham	Aston Villa	2.6307	1.436	0.6895	0.1842	0.1263	2024
2024-10-19	Ipswich	Everton	Ipswich	Everton	1.174	1.608	0.2478	0.2698	0.4824	2024
2024-10-19	Manchester United	Brentford	Man United	Brentford	1.7655	0.8928	0.5945	0.2395	0.166	2024
2024-10-19	Newcastle United	Brighton	Newcastle	Brighton	1.9366	1.6779	0.4377	0.2411	0.3212	2024
2024-10-19	Tottenham	West Ham	Tottenham	West Ham	1.4405	0.8588	0.5079	0.2755	0.2166	2024
2024-10-20	Wolverhampton Wanderers	Manchester City	Wolves	Man City	0.7612	1.3657	0.2016	0.2881	0.5103	2024
2024-10-20	Liverpool	Chelsea	Liverpool	Chelsea	2.2252	1.339	0.6225	0.2262	0.1513	2024
2024-10-21	Nottingham Forest	Crystal Palace	Nott'm Forest	Crystal Palace	1.8857	0.835	0.6418	0.2131	0.1451	2024
2024-10-25	Leicester	Nottingham Forest	Leicester	Nott'm Forest	0.8324	2.5449	0.0468	0.1406	0.8126	2024
2024-10-26	Aston Villa	Bournemouth	Aston Villa	Bournemouth	1.974	0.3287	0.8162	0.1422	0.0416	2024
2024-10-26	Brentford	Ipswich	Brentford	Ipswich	4.0966	1.657	0.8503	0.0898	0.0599	2024
2024-10-26	Brighton	Wolverhampton Wanderers	Brighton	Wolves	1.5135	1.1107	0.4662	0.2703	0.2635	2024
2024-10-26	Everton	Fulham	Everton	Fulham	0.8848	1.4953	0.1867	0.2839	0.5294	2024
2024-10-26	Manchester City	Southampton	Man City	Southampton	3.1629	0.37	0.9467	0.0452	0.0081	2024
2024-10-27	Arsenal	Liverpool	Arsenal	Liverpool	1.0883	1.3535	0.2606	0.3127	0.4267	2024
2024-10-27	Chelsea	Newcastle United	Chelsea	Newcastle	1.6179	1.7423	0.317	0.2757	0.4073	2024
2024-10-27	Crystal Palace	Tottenham	Crystal Palace	Tottenham	0.9786	1.0192	0.3194	0.3264	0.3542	2024
2024-10-27	West Ham	Manchester United	West Ham	Man United	2.9931	2.626	0.4816	0.2222	0.2962	2024
2024-11-02	Southampton	Everton	Southampton	Everton	0.5403	1.7858	0.0769	0.2034	0.7197	2024
2024-11-02	Wolverhampton Wanderers	Crystal Palace	Wolves	Crystal Palace	1.6502	2.6485	0.1625	0.2097	0.6278	2024
2024-11-02	Nottingham Forest	West Ham	Nott'm Forest	West Ham	2.3501	0.1323	0.9176	0.0732	0.0092	2024
2024-11-02	Newcastle United	Arsenal	Newcastle	Arsenal	0.8597	0.9113	0.3122	0.3446	0.3432	2024
2024-11-02	Liverpool	Brighton	Liverpool	Brighton	1.8104	1.0157	0.5793	0.2344	0.1863	2024
2024-11-02	Ipswich	Leicester	Ipswich	Leicester	1.3362	2.3386	0.162	0.2044	0.6336	2024
2024-11-02	Bournemouth	Manchester City	Bournemouth	Man City	2.4493	2.3527	0.4071	0.2358	0.3571	2024
2024-11-03	Manchester United	Chelsea	Man United	Chelsea	2.1605	1.2107	0.6277	0.2289	0.1434	2024
2024-11-03	Tottenham	Aston Villa	Tottenham	Aston Villa	2.0975	2.4875	0.268	0.2601	0.4719	2024
2024-11-04	Fulham	Brentford	Fulham	Brentford	1.4302	0.7392	0.5292	0.2933	0.1775	2024
2024-11-09	Brentford	Bournemouth	Brentford	Bournemouth	1.5647	2.4923	0.1761	0.2142	0.6097	2024
2024-11-09	Brighton	Manchester City	Brighton	Man City	2.8712	2.6033	0.4425	0.2309	0.3266	2024
2024-11-09	Crystal Palace	Fulham	Crystal Palace	Fulham	1.9604	2.2533	0.3182	0.233	0.4488	2024
2024-11-09	Liverpool	Aston Villa	Liverpool	Aston Villa	2.682	1.6634	0.6245	0.2004	0.1751	2024
2024-11-09	West Ham	Everton	West Ham	Everton	1.1237	0.866	0.4316	0.3045	0.2639	2024
2024-11-09	Wolverhampton Wanderers	Southampton	Wolves	Southampton	0.9128	0.7927	0.3679	0.3593	0.2728	2024
2024-11-10	Chelsea	Arsenal	Chelsea	Arsenal	1.2407	1.9605	0.2027	0.2425	0.5548	2024
2024-11-10	Manchester United	Leicester	Man United	Leicester	1.2369	0.4173	0.5982	0.2945	0.1073	2024
2024-11-10	Nottingham Forest	Newcastle United	Nott'm Forest	Newcastle	1.1785	1.869	0.1929	0.2586	0.5485	2024
2024-11-10	Tottenham	Ipswich	Tottenham	Ipswich	1.7509	2.1839	0.2526	0.2562	0.4912	2024
2024-11-23	Fulham	Wolverhampton Wanderers	Fulham	Wolves	0.7172	1.339	0.173	0.3006	0.5264	2024
2024-11-23	Manchester City	Tottenham	Man City	Tottenham	2.159	3.3045	0.167	0.1774	0.6556	2024
2024-11-23	Everton	Brentford	Everton	Brentford	1.5951	1.3431	0.4084	0.2773	0.3143	2024
2024-11-23	Leicester	Chelsea	Leicester	Chelsea	0.968	2.8166	0.0341	0.1172	0.8487	2024
2024-11-23	Aston Villa	Crystal Palace	Aston Villa	Crystal Palace	3.0446	1.6144	0.7188	0.1649	0.1163	2024
2024-11-23	Bournemouth	Brighton	Bournemouth	Brighton	1.9116	1.2306	0.5236	0.2614	0.215	2024
2024-11-23	Arsenal	Nottingham Forest	Arsenal	Nott'm Forest	1.6602	0.4031	0.7179	0.2107	0.0714	2024
2024-11-24	Ipswich	Manchester United	Ipswich	Man United	1.9871	1.2691	0.5708	0.244	0.1852	2024
2024-11-24	Southampton	Liverpool	Southampton	Liverpool	1.5398	3.1883	0.0739	0.155	0.7711	2024
2024-11-25	Newcastle United	West Ham	Newcastle	West Ham	1.4978	0.9428	0.5237	0.2649	0.2114	2024
2024-11-29	Brighton	Southampton	Brighton	Southampton	1.8699	0.935	0.6061	0.2296	0.1643	2024
2024-11-30	Wolverhampton Wanderers	Bournemouth	Wolves	Bournemouth	0.866	3.079	0.0264	0.0766	0.897	2024
2024-11-30	Nottingham Forest	Ipswich	Nott'm Forest	Ipswich	1.7659	0.4628	0.7632	0.18	0.0568	2024
2024-11-30	West Ham	Arsenal	West Ham	Arsenal	1.2354	3.9994	0.0221	0.0602	0.9177	2024
2024-11-30	Brentford	Leicester	Brentford	Leicester	2.2189	0.9076	0.7088	0.1969	0.0943	2024
2024-11-30	Crystal Palace	Newcastle United	Crystal Palace	Newcastle	2.2959	0.021	0.9419	0.0569	0.0012	2024
2024-12-01	Chelsea	Aston Villa	Chelsea	Aston Villa	1.9494	0.8754	0.6442	0.2183	0.1375	2024
2024-12-01	Liverpool	Manchester City	Liverpool	Man City	3.7005	0.745	0.9556	0.0348	0.0096	2024
2024-12-01	Manchester United	Everton	Man United	Everton	1.7616	0.7667	0.6464	0.2311	0.1225	2024
2024-12-01	Tottenham	Fulham	Tottenham	Fulham	1.0109	1.5727	0.2101	0.279	0.5109	2024
2024-12-03	Ipswich	Crystal Palace	Ipswich	Crystal Palace	0.4717	1.6542	0.0817	0.2191	0.6992	2024
2024-12-03	Leicester	West Ham	Leicester	West Ham	2.7806	2.8772	0.3889	0.1982	0.4129	2024
2024-12-04	Newcastle United	Liverpool	Newcastle	Liverpool	1.5206	2.2277	0.2287	0.224	0.5473	2024
2024-12-04	Southampton	Chelsea	Southampton	Chelsea	1.9101	5.8331	0.0093	0.0242	0.9665	2024
2024-12-04	Manchester City	Nottingham Forest	Man City	Nott'm Forest	3.2017	0.8022	0.8848	0.0839	0.0313	2024
2024-12-04	Arsenal	Manchester United	Arsenal	Man United	2.9668	0.2561	0.9711	0.0262	0.0027	2024
2024-12-04	Aston Villa	Brentford	Aston Villa	Brentford	3.2167	1.1327	0.8304	0.1131	0.0565	2024
2024-12-04	Everton	Wolverhampton Wanderers	Everton	Wolves	1.499	0.8477	0.5314	0.2926	0.176	2024
2024-12-05	Bournemouth	Tottenham	Bournemouth	Tottenham	3.2772	0.6239	0.9101	0.0674	0.0225	2024
2024-12-05	Fulham	Brighton	Fulham	Brighton	0.6666	1.0994	0.2013	0.3279	0.4708	2024
2024-12-07	Aston Villa	Southampton	Aston Villa	Southampton	2.5134	0.3858	0.886	0.0919	0.0221	2024
2024-12-07	Brentford	Newcastle United	Brentford	Newcastle	1.746	1.9565	0.3256	0.2421	0.4323	2024
2024-12-07	Crystal Palace	Manchester City	Crystal Palace	Man City	1.2148	1.5846	0.2665	0.2649	0.4686	2024
2024-12-07	Manchester United	Nottingham Forest	Man United	Nott'm Forest	1.4697	0.6512	0.6066	0.2619	0.1315	2024
2024-12-08	Fulham	Arsenal	Fulham	Arsenal	0.151	2.4333	0.0014	0.0264	0.9722	2024
2024-12-08	Ipswich	Bournemouth	Ipswich	Bournemouth	1.5668	3.4913	0.0631	0.1127	0.8242	2024
2024-12-08	Leicester	Brighton	Leicester	Brighton	1.4244	1.1218	0.4514	0.2857	0.2629	2024
2024-12-08	Tottenham	Chelsea	Tottenham	Chelsea	3.2549	2.5733	0.5345	0.2066	0.2589	2024
2024-12-09	West Ham	Wolverhampton Wanderers	West Ham	Wolves	1.1981	1.4757	0.2929	0.2694	0.4377	2024
2024-12-14	Wolverhampton Wanderers	Ipswich	Wolves	Ipswich	1.2375	1.7335	0.2239	0.2569	0.5192	2024
2024-12-14	Nottingham Forest	Aston Villa	Nott'm Forest	Aston Villa	2.2861	0.3894	0.8602	0.1107	0.0291	2024
2024-12-14	Arsenal	Everton	Arsenal	Everton	1.3087	0.1322	0.7239	0.2452	0.0309	2024
2024-12-14	Liverpool	Fulham	Liverpool	Fulham	2.097	1.2862	0.5821	0.2262	0.1917	2024
2024-12-14	Newcastle United	Leicester	Newcastle	Leicester	3.9546	0.1868	0.9912	0.0083	0.0005	2024
2024-12-15	Brighton	Crystal Palace	Brighton	Crystal Palace	1.3232	3.0062	0.0853	0.1405	0.7742	2024
2024-12-15	Chelsea	Brentford	Chelsea	Brentford	2.5915	1.6586	0.586	0.2134	0.2006	2024
2024-12-15	Manchester City	Manchester United	Man City	Man United	0.6381	2.0466	0.0592	0.1626	0.7782	2024
2024-12-15	Southampton	Tottenham	Southampton	Tottenham	1.2736	3.8932	0.0241	0.0666	0.9093	2024
2024-12-16	Bournemouth	West Ham	Bournemouth	West Ham	2.0484	1.8183	0.4208	0.2448	0.3344	2024
2024-12-21	Aston Villa	Manchester City	Aston Villa	Man City	2.0599	1.0963	0.625	0.2175	0.1575	2024
2024-12-21	Brentford	Nottingham Forest	Brentford	Nott'm Forest	0.769	0.9649	0.2696	0.3449	0.3855	2024
2024-12-21	Crystal Palace	Arsenal	Crystal Palace	Arsenal	1.6052	3.0543	0.0889	0.1591	0.752	2024
2024-12-21	Ipswich	Newcastle United	Ipswich	Newcastle	1.0643	3.2339	0.0493	0.1079	0.8428	2024
2024-12-21	West Ham	Brighton	West Ham	Brighton	1.2294	1.3438	0.3078	0.2958	0.3964	2024
2024-12-22	Manchester United	Bournemouth	Man United	Bournemouth	2.2853	1.8283	0.4755	0.2552	0.2693	2024
2024-12-22	Leicester	Wolverhampton Wanderers	Leicester	Wolves	0.7887	1.1353	0.2316	0.3222	0.4462	2024
2024-12-22	Tottenham	Liverpool	Tottenham	Liverpool	1.2025	5.2021	0.0035	0.0181	0.9784	2024
2024-12-22	Everton	Chelsea	Everton	Chelsea	1.0708	1.5159	0.2011	0.3143	0.4846	2024
2024-12-22	Fulham	Southampton	Fulham	Southampton	1.2526	0.28	0.6439	0.2824	0.0737	2024
2024-12-26	Southampton	West Ham	Southampton	West Ham	2.1983	1.9011	0.4419	0.2527	0.3054	2024
2024-12-26	Nottingham Forest	Tottenham	Nott'm Forest	Tottenham	1.3002	1.0576	0.423	0.3077	0.2693	2024
2024-12-26	Newcastle United	Aston Villa	Newcastle	Aston Villa	2.8287	0.2255	0.9441	0.0485	0.0074	2024
2024-12-26	Wolverhampton Wanderers	Manchester United	Wolves	Man United	0.8265	0.3589	0.5212	0.3572	0.1216	2024
2024-12-26	Liverpool	Leicester	Liverpool	Leicester	1.8994	0.221	0.8314	0.1415	0.0271	2024
2024-12-26	Chelsea	Fulham	Chelsea	Fulham	1.5563	1.7793	0.3046	0.2616	0.4338	2024
2024-12-26	Bournemouth	Crystal Palace	Bournemouth	Crystal Palace	1.2019	0.5001	0.5459	0.3067	0.1474	2024
2024-12-26	Manchester City	Everton	Man City	Everton	2.5196	0.6533	0.8257	0.1319	0.0424	2024
2024-12-27	Arsenal	Ipswich	Arsenal	Ipswich	2.1646	0.0783	0.9234	0.0721	0.0045	2024
2024-12-27	Brighton	Brentford	Brighton	Brentford	1.3354	0.9612	0.4464	0.2933	0.2603	2024
2024-12-29	West Ham	Liverpool	West Ham	Liverpool	0.5183	3.2987	0.0128	0.0578	0.9294	2024
2024-12-29	Crystal Palace	Southampton	Crystal Palace	Southampton	3.0542	1.2185	0.808	0.1392	0.0528	2024
2024-12-29	Everton	Nottingham Forest	Everton	Nott'm Forest	0.6152	2.0275	0.0727	0.1666	0.7607	2024
2024-12-29	Fulham	Bournemouth	Fulham	Bournemouth	0.9616	1.7069	0.1906	0.2453	0.5641	2024
2024-12-29	Leicester	Manchester City	Leicester	Man City	1.8421	1.58	0.4402	0.2635	0.2963	2024
2024-12-29	Tottenham	Wolverhampton Wanderers	Tottenham	Wolves	2.2843	0.6407	0.8038	0.1449	0.0513	2024
2024-12-30	Ipswich	Chelsea	Ipswich	Chelsea	1.5009	1.6062	0.3269	0.2809	0.3922	2024
2024-12-30	Manchester United	Newcastle United	Man United	Newcastle	1.0007	2.2424	0.1201	0.1881	0.6918	2024
2024-12-30	Aston Villa	Brighton	Aston Villa	Brighton	1.88	0.938	0.6329	0.2256	0.1415	2024
2025-01-01	Brentford	Arsenal	Brentford	Arsenal	0.2726	1.9985	0.0169	0.0986	0.8845	2024
2025-01-04	Southampton	Brentford	Southampton	Brentford	0.2496	5.5487	0.0	0.0018	0.9982	2024
2025-01-04	Manchester City	West Ham	Man City	West Ham	1.9799	1.5329	0.4955	0.241	0.2635	2024
2025-01-04	Crystal Palace	Chelsea	Crystal Palace	Chelsea	1.2766	1.5154	0.299	0.2753	0.4257	2024
2025-01-04	Tottenham	Newcastle United	Tottenham	Newcastle	1.0033	2.4296	0.0901	0.1716	0.7383	2024
2025-01-04	Bournemouth	Everton	Bournemouth	Everton	2.6185	0.561	0.8834	0.0878	0.0288	2024
2025-01-04	Aston Villa	Leicester	Aston Villa	Leicester	2.3456	0.8155	0.7996	0.1585	0.0419	2024
2025-01-04	Brighton	Arsenal	Brighton	Arsenal	1.7651	1.8114	0.3579	0.2825	0.3596	2024
2025-01-05	Fulham	Ipswich	Fulham	Ipswich	2.6547	1.4434	0.6982	0.1994	0.1024	2024
2025-01-05	Liverpool	Manchester United	Liverpool	Man United	2.862	1.6747	0.6561	0.1928	0.1511	2024
2025-01-06	Wolverhampton Wanderers	Nottingham Forest	Wolves	Nott'm Forest	1.9046	2.5723	0.2109	0.2442	0.5449	2024
2025-01-14	Brentford	Manchester City	Brentford	Man City	2.3909	2.6532	0.344	0.2081	0.4479	2024
2025-01-14	Chelsea	Bournemouth	Chelsea	Bournemouth	2.5381	1.1484	0.7303	0.1818	0.0879	2024
2025-01-14	Nottingham Forest	Liverpool	Nott'm Forest	Liverpool	0.5292	2.7229	0.0251	0.0922	0.8827	2024
2025-01-14	West Ham	Fulham	West Ham	Fulham	0.9373	2.8358	0.0454	0.1195	0.8351	2024
2025-01-15	Newcastle United	Wolverhampton Wanderers	Newcastle	Wolves	2.1333	1.4743	0.5366	0.2243	0.2391	2024
2025-01-15	Leicester	Crystal Palace	Leicester	Crystal Palace	2.099	2.2647	0.332	0.242	0.426	2024
2025-01-15	Everton	Aston Villa	Everton	Aston Villa	1.2313	1.2852	0.3421	0.2933	0.3646	2024
2025-01-15	Arsenal	Tottenham	Arsenal	Tottenham	2.255	0.7771	0.7393	0.1752	0.0855	2024
2025-01-16	Ipswich	Brighton	Ipswich	Brighton	0.2681	1.0634	0.0804	0.3326	0.587	2024
2025-01-16	Manchester United	Southampton	Man United	Southampton	3.1085	1.3671	0.7548	0.145	0.1002	2024
2025-01-18	Arsenal	Aston Villa	Arsenal	Aston Villa	1.6446	1.206	0.4688	0.2781	0.2531	2024
2025-01-18	Brentford	Liverpool	Brentford	Liverpool	1.2002	4.1625	0.0249	0.0644	0.9107	2024
2025-01-18	Leicester	Fulham	Leicester	Fulham	0.6769	2.3682	0.0384	0.1352	0.8264	2024
2025-01-18	Newcastle United	Bournemouth	Newcastle	Bournemouth	0.8378	2.7017	0.0695	0.1343	0.7962	2024
2025-01-18	West Ham	Crystal Palace	West Ham	Crystal Palace	0.2211	1.6256	0.0243	0.152	0.8237	2024
2025-01-19	Everton	Tottenham	Everton	Tottenham	2.5609	1.3572	0.6673	0.1943	0.1384	2024
2025-01-19	Ipswich	Manchester City	Ipswich	Man City	0.7956	3.2023	0.0313	0.0809	0.8878	2024
2025-01-19	Manchester United	Brighton	Man United	Brighton	1.3182	2.1717	0.1466	0.2332	0.6202	2024
2025-01-19	Nottingham Forest	Southampton	Nott'm Forest	Southampton	2.3642	1.2592	0.7025	0.2129	0.0846	2024
2025-01-20	Chelsea	Wolverhampton Wanderers	Chelsea	Wolves	3.1488	1.0673	0.8751	0.0966	0.0283	2024
2025-01-25	Wolverhampton Wanderers	Arsenal	Wolves	Arsenal	0.5147	0.8874	0.1951	0.3648	0.4401	2024
2025-01-25	Southampton	Newcastle United	Southampton	Newcastle	0.8256	3.0832	0.0343	0.0917	0.874	2024
2025-01-25	Manchester City	Chelsea	Man City	Chelsea	2.2321	1.4984	0.5598	0.2262	0.214	2024
2025-01-25	Brighton	Everton	Brighton	Everton	0.6438	0.8709	0.2006	0.3683	0.4311	2024
2025-01-25	Bournemouth	Nottingham Forest	Bournemouth	Nott'm Forest	2.8254	0.9962	0.8133	0.1202	0.0665	2024
2025-01-25	Liverpool	Ipswich	Liverpool	Ipswich	2.1681	0.8047	0.7524	0.1872	0.0604	2024
2025-01-26	Aston Villa	West Ham	Aston Villa	West Ham	0.9079	1.6789	0.1721	0.2404	0.5875	2024
2025-01-26	Crystal Palace	Brentford	Crystal Palace	Brentford	1.2318	1.9204	0.1717	0.2637	0.5646	2024
2025-01-26	Fulham	Manchester United	Fulham	Man United	0.5606	0.202	0.3804	0.5075	0.1121	2024
2025-01-26	Tottenham	Leicester	Tottenham	Leicester	1.2748	1.4047	0.2769	0.3568	0.3663	2024
2025-02-01	Bournemouth	Liverpool	Bournemouth	Liverpool	1.6527	2.7219	0.1696	0.1937	0.6367	2024
2025-02-01	Everton	Leicester	Everton	Leicester	3.1126	0.4471	0.9305	0.0535	0.016	2024
2025-02-01	Ipswich	Southampton	Ipswich	Southampton	1.9485	1.1757	0.5756	0.2593	0.1651	2024
2025-02-01	Newcastle United	Fulham	Newcastle	Fulham	1.2272	1.6088	0.2568	0.2823	0.4609	2024
2025-02-01	Nottingham Forest	Brighton	Nott'm Forest	Brighton	4.0677	0.7563	0.969	0.0256	0.0054	2024
2025-02-01	Wolverhampton Wanderers	Aston Villa	Wolves	Aston Villa	2.0015	0.7428	0.7201	0.194	0.0859	2024
2025-02-02	Manchester United	Crystal Palace	Man United	Crystal Palace	1.5071	2.4463	0.1555	0.2072	0.6373	2024
2025-02-02	Arsenal	Manchester City	Arsenal	Man City	1.532	0.7432	0.5825	0.2677	0.1498	2024
2025-02-02	Brentford	Tottenham	Brentford	Tottenham	1.6647	0.9454	0.5556	0.2508	0.1936	2024
2025-02-03	Chelsea	West Ham	Chelsea	West Ham	1.3907	1.1868	0.4124	0.2751	0.3125	2024
2025-02-12	Everton	Liverpool	Everton	Liverpool	0.9105	0.9291	0.3088	0.35	0.3412	2024
2025-02-14	Brighton	Chelsea	Brighton	Chelsea	2.0689	0.6498	0.7552	0.1726	0.0722	2024
2025-02-15	Aston Villa	Ipswich	Aston Villa	Ipswich	2.8984	0.3329	0.9322	0.0564	0.0114	2024
2025-02-15	Crystal Palace	Everton	Crystal Palace	Everton	2.3065	1.0156	0.7009	0.1861	0.113	2024
2025-02-15	Fulham	Nottingham Forest	Fulham	Nott'm Forest	2.2099	0.3313	0.8401	0.1266	0.0333	2024
2025-02-15	Leicester	Arsenal	Leicester	Arsenal	0.2332	1.75	0.028	0.1538	0.8182	2024
2025-02-15	Manchester City	Newcastle United	Man City	Newcastle	2.12	0.1572	0.8953	0.0917	0.013	2024
2025-02-15	Southampton	Bournemouth	Southampton	Bournemouth	0.9744	2.0872	0.1063	0.2076	0.6861	2024
2025-02-15	West Ham	Brentford	West Ham	Brentford	0.6735	1.965	0.0938	0.1906	0.7156	2024
2025-02-16	Liverpool	Wolverhampton Wanderers	Liverpool	Wolves	1.8676	1.0533	0.6122	0.2355	0.1523	2024
2025-02-16	Tottenham	Manchester United	Tottenham	Man United	1.9711	1.4265	0.5145	0.2364	0.2491	2024
2025-02-19	Aston Villa	Liverpool	Aston Villa	Liverpool	1.0227	2.0428	0.1458	0.2222	0.632	2024
2025-02-21	Leicester	Brentford	Leicester	Brentford	0.7279	2.0347	0.0917	0.1945	0.7138	2024
2025-02-22	Fulham	Crystal Palace	Fulham	Crystal Palace	0.2343	1.462	0.0391	0.2007	0.7602	2024
2025-02-22	Ipswich	Tottenham	Ipswich	Tottenham	1.1539	1.5874	0.2241	0.2857	0.4902	2024
2025-02-22	Everton	Manchester United	Everton	Man United	2.1044	0.6457	0.7638	0.1698	0.0664	2024
2025-02-22	Southampton	Brighton	Southampton	Brighton	0.1541	5.1202	0.0	0.0021	0.9979	2024
2025-02-22	Aston Villa	Chelsea	Aston Villa	Chelsea	2.6941	2.1742	0.5071	0.2492	0.2437	2024
2025-02-22	Arsenal	West Ham	Arsenal	West Ham	1.3726	1.0268	0.4239	0.3113	0.2648	2024
2025-02-22	Bournemouth	Wolverhampton Wanderers	Bournemouth	Wolves	0.6297	2.1012	0.0614	0.1686	0.77	2024
2025-02-23	Manchester City	Liverpool	Man City	Liverpool	0.5825	0.8071	0.2307	0.3757	0.3936	2024
2025-02-23	Newcastle United	Nottingham Forest	Newcastle	Nott'm Forest	3.4586	2.386	0.6361	0.2024	0.1615	2024
2025-02-25	Crystal Palace	Aston Villa	Crystal Palace	Aston Villa	4.0252	0.6672	0.9849	0.0127	0.0024	2024
2025-02-25	Wolverhampton Wanderers	Fulham	Wolves	Fulham	0.929	1.4347	0.2308	0.264	0.5052	2024
2025-02-25	Brighton	Bournemouth	Brighton	Bournemouth	2.5793	1.7017	0.5925	0.2144	0.1931	2024
2025-02-25	Chelsea	Southampton	Chelsea	Southampton	2.9823	0.845	0.8414	0.1106	0.048	2024
2025-02-26	Brentford	Everton	Brentford	Everton	1.3401	1.4495	0.3083	0.3272	0.3645	2024
2025-02-26	Liverpool	Newcastle United	Liverpool	Newcastle	1.4003	0.4588	0.6317	0.2727	0.0956	2024
2025-02-26	Manchester United	Ipswich	Man United	Ipswich	1.402	1.045	0.4582	0.3388	0.203	2024
2025-02-26	Nottingham Forest	Arsenal	Nott'm Forest	Arsenal	0.5086	1.3177	0.1237	0.2822	0.5941	2024
2025-02-26	Tottenham	Manchester City	Tottenham	Man City	1.2843	2.3864	0.1445	0.1966	0.6589	2024
2025-02-27	West Ham	Leicester	West Ham	Leicester	1.7044	0.2896	0.844	0.1313	0.0247	2024
2025-03-08	Wolverhampton Wanderers	Everton	Wolves	Everton	0.8124	1.3672	0.194	0.2875	0.5185	2024
2025-03-08	Liverpool	Southampton	Liverpool	Southampton	4.99	0.5116	0.9927	0.0062	0.0011	2024
2025-03-08	Nottingham Forest	Manchester City	Nott'm Forest	Man City	0.5015	0.7212	0.2224	0.4104	0.3672	2024
2025-03-08	Brighton	Fulham	Brighton	Fulham	1.9442	0.7082	0.7336	0.201	0.0654	2024
2025-03-08	Brentford	Aston Villa	Brentford	Aston Villa	0.6377	1.2964	0.1633	0.2951	0.5416	2024
2025-03-08	Crystal Palace	Ipswich	Crystal Palace	Ipswich	3.1388	1.6328	0.7226	0.1671	0.1103	2024
2025-03-09	Chelsea	Leicester	Chelsea	Leicester	1.7684	0.1085	0.8869	0.1028	0.0103	2024
2025-03-09	Manchester United	Arsenal	Man United	Arsenal	1.3111	1.83	0.2494	0.2503	0.5003	2024
2025-03-09	Tottenham	Bournemouth	Tottenham	Bournemouth	1.3505	2.2254	0.1689	0.2356	0.5955	2024
2025-03-10	West Ham	Newcastle United	West Ham	Newcastle	0.824	1.6298	0.1317	0.2723	0.596	2024
2025-03-15	Southampton	Wolverhampton Wanderers	Southampton	Wolves	1.2821	0.5407	0.5861	0.2875	0.1264	2024
2025-03-15	Ipswich	Nottingham Forest	Ipswich	Nott'm Forest	0.5208	1.3072	0.1282	0.2796	0.5922	2024
2025-03-15	Manchester City	Brighton	Man City	Brighton	2.0264	2.1112	0.3549	0.2457	0.3994	2024
2025-03-15	Bournemouth	Brentford	Bournemouth	Brentford	2.0271	1.6032	0.4739	0.2501	0.276	2024
2025-03-15	Everton	West Ham	Everton	West Ham	1.189	0.516	0.5617	0.2988	0.1395	2024
2025-03-16	Arsenal	Chelsea	Arsenal	Chelsea	0.6957	0.286	0.4147	0.45	0.1353	2024
2025-03-16	Fulham	Tottenham	Fulham	Tottenham	1.0397	1.4086	0.2471	0.284	0.4689	2024
2025-03-16	Leicester	Manchester United	Leicester	Man United	1.3046	1.1389	0.4016	0.2898	0.3086	2024
2025-04-01	Arsenal	Fulham	Arsenal	Fulham	2.3019	1.4421	0.5873	0.2548	0.1579	2024
2025-04-01	Nottingham Forest	Manchester United	Nott'm Forest	Man United	0.5121	1.8669	0.077	0.191	0.732	2024
2025-04-01	Wolverhampton Wanderers	West Ham	Wolves	West Ham	1.1036	1.7306	0.1952	0.2691	0.5357	2024
2025-04-02	Newcastle United	Brentford	Newcastle	Brentford	2.2658	1.532	0.5477	0.2381	0.2142	2024
2025-04-02	Southampton	Crystal Palace	Southampton	Crystal Palace	0.6873	0.9378	0.2392	0.3508	0.41	2024
2025-04-02	Manchester City	Leicester	Man City	Leicester	2.0716	0.1047	0.8769	0.1115	0.0116	2024
2025-04-02	Bournemouth	Ipswich	Bournemouth	Ipswich	1.9964	1.4126	0.5322	0.248	0.2198	2024
2025-04-02	Brighton	Aston Villa	Brighton	Aston Villa	0.558	1.2071	0.1514	0.2948	0.5538	2024
2025-04-02	Liverpool	Everton	Liverpool	Everton	1.2972	0.8231	0.4792	0.3008	0.22	2024
2025-04-03	Chelsea	Tottenham	Chelsea	Tottenham	1.3044	1.4027	0.3193	0.3011	0.3796	2024
2025-04-05	Aston Villa	Nottingham Forest	Aston Villa	Nott'm Forest	2.6335	0.9677	0.7726	0.1407	0.0867	2024
2025-04-05	Crystal Palace	Brighton	Crystal Palace	Brighton	0.444	1.2723	0.1042	0.2649	0.6309	2024
2025-04-05	Everton	Arsenal	Everton	Arsenal	1.2288	1.4031	0.3191	0.3028	0.3781	2024
2025-04-05	Ipswich	Wolverhampton Wanderers	Ipswich	Wolves	0.8724	2.8096	0.035	0.1224	0.8426	2024
2025-04-05	West Ham	Bournemouth	West Ham	Bournemouth	0.9078	1.9487	0.1035	0.2145	0.682	2024
2025-04-06	Brentford	Chelsea	Brentford	Chelsea	1.3612	1.4783	0.3449	0.2702	0.3849	2024
2025-04-06	Fulham	Liverpool	Fulham	Liverpool	1.7276	1.4064	0.4558	0.2602	0.284	2024
2025-04-06	Manchester United	Manchester City	Man United	Man City	1.2332	0.6879	0.5013	0.3126	0.1861	2024
2025-04-06	Tottenham	Southampton	Tottenham	Southampton	2.648	0.7804	0.8259	0.1232	0.0509	2024
2025-04-07	Leicester	Newcastle United	Leicester	Newcastle	0.3546	3.4411	0.0023	0.0173	0.9804	2024
2025-04-12	Southampton	Aston Villa	Southampton	Aston Villa	0.4123	2.9993	0.0067	0.0401	0.9532	2024
2025-04-12	Manchester City	Crystal Palace	Man City	Crystal Palace	4.5972	1.3381	0.953	0.0375	0.0095	2024
2025-04-12	Nottingham Forest	Everton	Nott'm Forest	Everton	0.4239	1.2604	0.1152	0.2812	0.6036	2024
2025-04-12	Arsenal	Brentford	Arsenal	Brentford	0.7674	0.5886	0.3528	0.3931	0.2541	2024
2025-04-12	Brighton	Leicester	Brighton	Leicester	3.6978	1.9844	0.757	0.1406	0.1024	2024
2025-04-13	Chelsea	Ipswich	Chelsea	Ipswich	2.9076	1.603	0.683	0.1687	0.1483	2024
2025-04-13	Liverpool	West Ham	Liverpool	West Ham	1.429	1.466	0.3477	0.2738	0.3785	2024
2025-04-13	Newcastle United	Manchester United	Newcastle	Man United	2.6383	0.7866	0.8412	0.1171	0.0417	2024
2025-04-13	Wolverhampton Wanderers	Tottenham	Wolves	Tottenham	2.2298	1.6289	0.5173	0.2576	0.2251	2024
2025-04-14	Bournemouth	Fulham	Bournemouth	Fulham	1.8577	1.072	0.5849	0.252	0.1631	2024
2025-04-16	Newcastle United	Crystal Palace	Newcastle	Crystal Palace	2.3295	2.3755	0.3579	0.2435	0.3986	2024
2025-04-19	West Ham	Southampton	West Ham	Southampton	0.9842	0.9229	0.3491	0.3248	0.3261	2024
2025-04-19	Everton	Manchester City	Everton	Man City	0.8168	1.8799	0.1104	0.2189	0.6707	2024
2025-04-19	Aston Villa	Newcastle United	Aston Villa	Newcastle	3.0537	1.2718	0.7759	0.1423	0.0818	2024
2025-04-19	Brentford	Brighton	Brentford	Brighton	2.9552	1.2411	0.7701	0.1388	0.0911	2024
2025-04-19	Crystal Palace	Bournemouth	Crystal Palace	Bournemouth	0.3378	0.6641	0.1637	0.455	0.3813	2024
2025-04-20	Manchester United	Wolverhampton Wanderers	Man United	Wolves	1.1397	0.1878	0.6609	0.2871	0.052	2024
2025-04-20	Fulham	Chelsea	Fulham	Chelsea	0.3061	0.7517	0.1302	0.4303	0.4395	2024
2025-04-20	Ipswich	Arsenal	Ipswich	Arsenal	0.1929	2.8136	0.0072	0.0553	0.9375	2024
2025-04-20	Leicester	Liverpool	Leicester	Liverpool	0.2322	4.5271	0.0008	0.0076	0.9916	2024
2025-04-21	Tottenham	Nottingham Forest	Tottenham	Nott'm Forest	2.4024	0.5577	0.8257	0.1354	0.0389	2024
2025-04-22	Manchester City	Aston Villa	Man City	Aston Villa	1.3623	1.8591	0.2418	0.2563	0.5019	2024
2025-04-23	Arsenal	Crystal Palace	Arsenal	Crystal Palace	1.9215	2.5051	0.246	0.2422	0.5118	2024
2025-04-26	Brighton	West Ham	Brighton	West Ham	1.2943	1.2413	0.3616	0.3042	0.3342	2024
2025-04-26	Chelsea	Everton	Chelsea	Everton	0.7683	0.9168	0.2698	0.3471	0.3831	2024
2025-04-26	Newcastle United	Ipswich	Newcastle	Ipswich	4.1154	0.1272	0.9957	0.0042	0.0001	2024
2025-04-26	Southampton	Fulham	Southampton	Fulham	0.9356	1.9956	0.1505	0.2297	0.6198	2024
2025-04-26	Wolverhampton Wanderers	Leicester	Wolves	Leicester	2.5767	1.0498	0.7706	0.1808	0.0486	2024
2025-04-27	Bournemouth	Manchester United	Bournemouth	Man United	0.6099	1.9104	0.0921	0.1962	0.7117	2024
2025-04-27	Liverpool	Tottenham	Liverpool	Tottenham	2.511	0.5128	0.8573	0.1117	0.031	2024
2025-05-01	Nottingham Forest	Brentford	Nott'm Forest	Brentford	0.6706	1.5205	0.1438	0.2489	0.6073	2024
2025-05-02	Manchester City	Wolverhampton Wanderers	Man City	Wolves	0.8595	0.6225	0.3848	0.3891	0.2261	2024
2025-05-03	Arsenal	Bournemouth	Arsenal	Bournemouth	2.0548	1.4178	0.5211	0.2557	0.2232	2024
2025-05-03	Aston Villa	Fulham	Aston Villa	Fulham	1.2901	0.7028	0.5348	0.2908	0.1744	2024
2025-05-03	Everton	Ipswich	Everton	Ipswich	0.8085	1.1435	0.2298	0.3338	0.4364	2024
2025-05-03	Leicester	Southampton	Leicester	Southampton	1.6074	0.5508	0.6624	0.2346	0.103	2024
2025-05-04	West Ham	Tottenham	West Ham	Tottenham	1.1517	0.847	0.4364	0.3336	0.23	2024
2025-05-04	Chelsea	Liverpool	Chelsea	Liverpool	3.5194	1.4267	0.8324	0.1076	0.06	2024
2025-05-04	Brentford	Manchester United	Brentford	Man United	3.5874	1.134	0.8872	0.0801	0.0327	2024
2025-05-04	Brighton	Newcastle United	Brighton	Newcastle	0.6879	1.6378	0.1051	0.2547	0.6402	2024
2025-05-05	Crystal Palace	Nottingham Forest	Crystal Palace	Nott'm Forest	2.3404	0.6368	0.8147	0.1331	0.0522	2024
2025-05-10	Bournemouth	Aston Villa	Bournemouth	Aston Villa	1.0227	1.1238	0.274	0.3837	0.3423	2024
2025-05-10	Fulham	Everton	Fulham	Everton	1.2087	1.326	0.3218	0.296	0.3822	2024
2025-05-10	Ipswich	Brentford	Ipswich	Brentford	0.7174	1.3208	0.1823	0.2938	0.5239	2024
2025-05-10	Southampton	Manchester City	Southampton	Man City	0.137	1.5846	0.0229	0.2094	0.7677	2024
2025-05-10	Wolverhampton Wanderers	Brighton	Wolves	Brighton	0.7339	1.4125	0.1305	0.2918	0.5777	2024
2025-05-11	Liverpool	Arsenal	Liverpool	Arsenal	2.7468	2.1879	0.5145	0.2225	0.263	2024
2025-05-11	Manchester United	West Ham	Man United	West Ham	2.3129	2.1599	0.399	0.2482	0.3528	2024
2025-05-11	Newcastle United	Chelsea	Newcastle	Chelsea	1.6703	0.6464	0.6582	0.2315	0.1103	2024
2025-05-11	Nottingham Forest	Leicester	Nott'm Forest	Leicester	1.7691	1.2295	0.5061	0.2652	0.2287	2024
2025-05-11	Tottenham	Crystal Palace	Tottenham	Crystal Palace	0.8068	3.9855	0.0142	0.0453	0.9405	2024
2025-05-16	Aston Villa	Tottenham	Aston Villa	Tottenham	1.6906	0.523	0.6815	0.2339	0.0846	2024
2025-05-16	Chelsea	Manchester United	Chelsea	Man United	1.2957	0.3376	0.663	0.2621	0.0749	2024
2025-05-18	Leicester	Ipswich	Leicester	Ipswich	0.7885	1.3696	0.2047	0.2845	0.5108	2024
2025-05-18	Everton	Southampton	Everton	Southampton	2.6779	1.0502	0.8042	0.1512	0.0446	2024
2025-05-18	West Ham	Nottingham Forest	West Ham	Nott'm Forest	0.8505	2.1476	0.1065	0.1841	0.7094	2024
2025-05-18	Arsenal	Newcastle United	Arsenal	Newcastle	1.1596	2.2463	0.1377	0.2035	0.6588	2024
2025-05-18	Brentford	Fulham	Brentford	Fulham	2.4304	1.6174	0.6007	0.2318	0.1675	2024
2025-05-19	Brighton	Liverpool	Brighton	Liverpool	2.1779	3.065	0.2057	0.1973	0.597	2024
2025-05-20	Crystal Palace	Wolverhampton Wanderers	Crystal Palace	Wolves	1.6845	1.4289	0.4333	0.2618	0.3049	2024
2025-05-20	Manchester City	Bournemouth	Man City	Bournemouth	1.5978	0.962	0.5444	0.2663	0.1893	2024
2025-05-25	Bournemouth	Leicester	Bournemouth	Leicester	2.7245	0.1567	0.9369	0.058	0.0051	2024
2025-05-25	Fulham	Manchester City	Fulham	Man City	2.218	2.4592	0.336	0.2351	0.4289	2024
2025-05-25	Ipswich	West Ham	Ipswich	West Ham	0.8931	0.9674	0.3083	0.339	0.3527	2024
2025-05-25	Manchester United	Aston Villa	Man United	Aston Villa	2.9626	0.3352	0.9378	0.0534	0.0088	2024
2025-05-25	Newcastle United	Everton	Newcastle	Everton	1.1591	1.0728	0.3642	0.3114	0.3244	2024
2025-05-25	Nottingham Forest	Chelsea	Nott'm Forest	Chelsea	1.5801	1.3087	0.4164	0.3092	0.2744	2024
2025-05-25	Southampton	Arsenal	Southampton	Arsenal	0.5981	2.4071	0.0582	0.1366	0.8052	2024
2025-05-25	Tottenham	Brighton	Tottenham	Brighton	1.8526	3.1162	0.1249	0.1908	0.6843	2024
2025-05-25	Wolverhampton Wanderers	Brentford	Wolves	Brentford	1.1089	1.972	0.1792	0.2217	0.5991	2024
2025-05-25	Liverpool	Crystal Palace	Liverpool	Crystal Palace	1.9212	1.4144	0.4965	0.2624	0.2411	2024
2025-08-15	Liverpool	Bournemouth	Liverpool	Bournemouth	2.3301	1.573	0.5498	0.2276	0.2226	2025
2025-08-16	Tottenham	Burnley	Tottenham	Burnley	1.9786	0.7341	0.7032	0.1993	0.0975	2025
2025-08-16	Wolverhampton Wanderers	Manchester City	Wolves	Man City	0.5194	2.299	0.0404	0.1179	0.8417	2025
2025-08-16	Sunderland	West Ham	Sunderland	West Ham	0.7244	0.5589	0.363	0.391	0.246	2025
2025-08-16	Aston Villa	Newcastle United	Aston Villa	Newcastle	0.3186	1.401	0.0629	0.2371	0.7	2025
2025-08-16	Brighton	Fulham	Brighton	Fulham	1.4401	0.9029	0.5158	0.3088	0.1754	2025
2025-08-17	Chelsea	Crystal Palace	Chelsea	Crystal Palace	1.3679	1.0341	0.4404	0.2929	0.2667	2025
2025-08-17	Manchester United	Arsenal	Man United	Arsenal	1.3765	1.3304	0.3408	0.3074	0.3518	2025
2025-08-17	Nottingham Forest	Brentford	Nott'm Forest	Brentford	1.7555	1.3252	0.4714	0.2855	0.2431	2025
2025-08-18	Leeds	Everton	Leeds	Everton	2.3812	0.6743	0.8116	0.1394	0.049	2025
2025-08-22	West Ham	Chelsea	West Ham	Chelsea	0.9786	3.95	0.0153	0.0485	0.9362	2025
2025-08-23	Manchester City	Tottenham	Man City	Tottenham	1.2475	1.2801	0.3526	0.2889	0.3585	2025
2025-08-23	Burnley	Sunderland	Burnley	Sunderland	1.0038	1.1213	0.2978	0.3293	0.3729	2025
2025-08-23	Brentford	Aston Villa	Brentford	Aston Villa	1.1296	0.9769	0.4019	0.3328	0.2653	2025
2025-08-23	Arsenal	Leeds	Arsenal	Leeds	2.7376	0.1568	0.9569	0.039	0.0041	2025
2025-08-23	Bournemouth	Wolverhampton Wanderers	Bournemouth	Wolves	1.7846	0.3734	0.7888	0.1642	0.047	2025
2025-08-24	Crystal Palace	Nottingham Forest	Crystal Palace	Nott'm Forest	1.1019	1.3299	0.2822	0.3071	0.4107	2025
2025-08-24	Everton	Brighton	Everton	Brighton	1.8012	2.0849	0.2765	0.2775	0.446	2025
2025-08-24	Fulham	Manchester United	Fulham	Man United	1.6533	1.546	0.3868	0.2852	0.328	2025
2025-08-25	Newcastle United	Liverpool	Newcastle	Liverpool	1.9634	0.6466	0.7493	0.1793	0.0714	2025
2025-08-30	Tottenham	Bournemouth	Tottenham	Bournemouth	0.1707	2.1201	0.016	0.1089	0.8751	2025
2025-08-30	Wolverhampton Wanderers	Everton	Wolves	Everton	0.9433	2.0379	0.1205	0.2084	0.6711	2025
2025-08-30	Sunderland	Brentford	Sunderland	Brentford	1.5713	1.446	0.3654	0.3194	0.3152	2025
2025-08-30	Manchester United	Burnley	Man United	Burnley	4.0224	1.3262	0.911	0.0655	0.0235	2025
2025-08-30	Leeds	Newcastle United	Leeds	Newcastle	0.6773	0.3036	0.408	0.4518	0.1402	2025
2025-08-30	Chelsea	Fulham	Chelsea	Fulham	2.4324	0.7362	0.811	0.1338	0.0552	2025
2025-08-31	Aston Villa	Crystal Palace	Aston Villa	Crystal Palace	1.2059	2.5971	0.0734	0.161	0.7656	2025
2025-08-31	Brighton	Manchester City	Brighton	Man City	2.2086	2.1342	0.3828	0.2726	0.3446	2025
2025-08-31	Liverpool	Arsenal	Liverpool	Arsenal	0.4814	0.4857	0.2681	0.4624	0.2695	2025
2025-08-31	Nottingham Forest	West Ham	Nott'm Forest	West Ham	0.716	2.236	0.0594	0.1552	0.7854	2025
2025-09-13	West Ham	Tottenham	West Ham	Tottenham	0.7932	1.514	0.1696	0.2807	0.5497	2025
2025-09-13	Newcastle United	Wolverhampton Wanderers	Newcastle	Wolves	1.1919	0.3759	0.6234	0.2851	0.0915	2025
2025-09-13	Fulham	Leeds	Fulham	Leeds	1.1398	0.8304	0.4371	0.3383	0.2246	2025
2025-09-13	Everton	Aston Villa	Everton	Aston Villa	1.8927	0.3543	0.7847	0.1658	0.0495	2025
2025-09-13	Crystal Palace	Sunderland	Crystal Palace	Sunderland	1.758	0.3541	0.7823	0.1686	0.0491	2025
2025-09-13	Brentford	Chelsea	Brentford	Chelsea	1.1753	0.756	0.495	0.2994	0.2056	2025
2025-09-13	Bournemouth	Brighton	Bournemouth	Brighton	1.4419	0.6249	0.6177	0.2664	0.1159	2025
2025-09-13	Arsenal	Nottingham Forest	Arsenal	Nott'm Forest	2.8817	0.2937	0.9419	0.048	0.0101	2025
2025-09-14	Burnley	Liverpool	Burnley	Liverpool	0.168	2.7949	0.0037	0.0387	0.9576	2025
2025-09-14	Manchester City	Manchester United	Man City	Man United	1.9972	1.5192	0.4799	0.2573	0.2628	2025
2025-09-20	Wolverhampton Wanderers	Leeds	Wolves	Leeds	1.5661	0.457	0.6878	0.2266	0.0856	2025
2025-09-20	West Ham	Crystal Palace	West Ham	Crystal Palace	0.4664	2.3356	0.035	0.1161	0.8489	2025
2025-09-20	Manchester United	Chelsea	Man United	Chelsea	1.3446	0.4698	0.6294	0.2748	0.0958	2025
2025-09-20	Brighton	Tottenham	Brighton	Tottenham	1.4047	1.1918	0.4028	0.3289	0.2683	2025
2025-09-20	Fulham	Brentford	Fulham	Brentford	1.5243	0.8266	0.5643	0.2588	0.1769	2025
2025-09-20	Burnley	Nottingham Forest	Burnley	Nott'm Forest	1.1416	0.8308	0.4397	0.3168	0.2435	2025
2025-09-20	Liverpool	Everton	Liverpool	Everton	1.0617	0.7214	0.4455	0.33	0.2245	2025
2025-09-21	Arsenal	Manchester City	Arsenal	Man City	0.7186	1.1227	0.2028	0.3221	0.4751	2025
2025-09-21	Bournemouth	Newcastle United	Bournemouth	Newcastle	0.5507	0.1536	0.3942	0.5216	0.0842	2025
2025-09-21	Sunderland	Aston Villa	Sunderland	Aston Villa	0.9383	0.9394	0.3258	0.3463	0.3279	2025
2025-09-27	Nottingham Forest	Sunderland	Nott'm Forest	Sunderland	1.4203	1.9415	0.2527	0.2346	0.5127	2025
2025-09-27	Brentford	Manchester United	Brentford	Man United	2.7873	2.2361	0.5118	0.2491	0.2391	2025
2025-09-27	Chelsea	Brighton	Chelsea	Brighton	2.0265	2.4751	0.2603	0.2482	0.4915	2025
2025-09-27	Crystal Palace	Liverpool	Crystal Palace	Liverpool	3.5332	3.1018	0.4872	0.1968	0.316	2025
2025-09-27	Leeds	Bournemouth	Leeds	Bournemouth	2.0473	1.0603	0.6258	0.219	0.1552	2025
2025-09-27	Manchester City	Burnley	Man City	Burnley	3.2213	0.5095	0.9279	0.0602	0.0119	2025
2025-09-27	Tottenham	Wolverhampton Wanderers	Tottenham	Wolves	0.8187	1.1595	0.2181	0.3376	0.4443	2025
2025-09-28	Newcastle United	Arsenal	Newcastle	Arsenal	0.7399	2.0705	0.0956	0.1872	0.7172	2025
2025-09-28	Aston Villa	Fulham	Aston Villa	Fulham	1.3658	0.9526	0.4792	0.293	0.2278	2025
2025-09-29	Everton	West Ham	Everton	West Ham	0.9097	0.7758	0.3639	0.3478	0.2883	2025
2025-10-03	Bournemouth	Fulham	Bournemouth	Fulham	1.3346	0.8434	0.5037	0.2971	0.1992	2025
2025-10-04	Arsenal	West Ham	Arsenal	West Ham	3.0585	0.8645	0.8876	0.0891	0.0233	2025
2025-10-04	Chelsea	Liverpool	Chelsea	Liverpool	1.2372	2.0598	0.1603	0.2554	0.5843	2025
2025-10-04	Leeds	Tottenham	Leeds	Tottenham	1.4805	0.6882	0.6	0.2633	0.1367	2025
2025-10-04	Manchester United	Sunderland	Man United	Sunderland	1.9298	0.8071	0.6826	0.2067	0.1107	2025
2025-10-05	Aston Villa	Burnley	Aston Villa	Burnley	1.7357	0.5023	0.7029	0.2168	0.0803	2025
2025-10-05	Brentford	Manchester City	Brentford	Man City	0.6938	1.0965	0.2127	0.3477	0.4396	2025
2025-10-05	Everton	Crystal Palace	Everton	Crystal Palace	2.1388	2.1779	0.3623	0.2646	0.3731	2025
2025-10-05	Newcastle United	Nottingham Forest	Newcastle	Nott'm Forest	3.8166	0.3377	0.9788	0.0182	0.003	2025
2025-10-05	Wolverhampton Wanderers	Brighton	Wolves	Brighton	0.3694	1.3916	0.0797	0.2474	0.6729	2025
2025-10-18	Nottingham Forest	Chelsea	Nott'm Forest	Chelsea	2.0555	2.5583	0.2761	0.2325	0.4914	2025
2025-10-18	Sunderland	Wolverhampton Wanderers	Sunderland	Wolves	1.0248	0.6763	0.4521	0.3322	0.2157	2025
2025-10-18	Fulham	Arsenal	Fulham	Arsenal	0.5023	2.0782	0.0509	0.1423	0.8068	2025
2025-10-18	Manchester City	Everton	Man City	Everton	2.4799	0.7946	0.7871	0.157	0.0559	2025
2025-10-18	Burnley	Leeds	Burnley	Leeds	0.5096	2.3315	0.0318	0.1277	0.8405	2025
2025-10-18	Brighton	Newcastle United	Brighton	Newcastle	0.8571	1.2831	0.234	0.2943	0.4717	2025
2025-10-18	Crystal Palace	Bournemouth	Crystal Palace	Bournemouth	4.5628	2.0471	0.8893	0.0764	0.0343	2025
2025-10-19	Liverpool	Manchester United	Liverpool	Man United	2.6097	2.5312	0.403	0.2349	0.3621	2025
2025-10-19	Tottenham	Aston Villa	Tottenham	Aston Villa	1.5146	0.3522	0.7246	0.2099	0.0655	2025
2025-10-20	West Ham	Brentford	West Ham	Brentford	0.2603	3.4663	0.0056	0.0286	0.9658	2025
2025-10-24	Leeds	West Ham	Leeds	West Ham	2.2214	0.4987	0.8342	0.1246	0.0412	2025
2025-10-25	Chelsea	Sunderland	Chelsea	Sunderland	1.2133	1.5506	0.2529	0.2876	0.4595	2025
2025-10-25	Brentford	Liverpool	Brentford	Liverpool	3.2713	2.1184	0.6466	0.1867	0.1667	2025
2025-10-25	Manchester United	Brighton	Man United	Brighton	1.9623	0.9472	0.6368	0.216	0.1472	2025
2025-10-25	Newcastle United	Fulham	Newcastle	Fulham	2.7681	1.52	0.6984	0.1854	0.1162	2025
2025-10-26	Everton	Tottenham	Everton	Tottenham	1.4032	2.0933	0.1933	0.2511	0.5556	2025
2025-10-26	Bournemouth	Nottingham Forest	Bournemouth	Nott'm Forest	0.6566	0.3055	0.4009	0.4563	0.1428	2025
2025-10-26	Wolverhampton Wanderers	Burnley	Wolves	Burnley	2.5813	1.5454	0.6426	0.2132	0.1442	2025
2025-10-26	Arsenal	Crystal Palace	Arsenal	Crystal Palace	0.8562	0.3505	0.4818	0.3843	0.1339	2025
2025-10-26	Aston Villa	Manchester City	Aston Villa	Man City	0.8439	1.3691	0.2191	0.289	0.4919	2025
2025-11-01	Nottingham Forest	Manchester United	Nott'm Forest	Man United	1.5507	0.9162	0.5553	0.2598	0.1849	2025
2025-11-01	Liverpool	Aston Villa	Liverpool	Aston Villa	1.4702	0.435	0.6494	0.2552	0.0954	2025
2025-11-01	Tottenham	Chelsea	Tottenham	Chelsea	0.147	3.3425	0.0016	0.0201	0.9783	2025
2025-11-01	Fulham	Wolverhampton Wanderers	Fulham	Wolves	1.9121	0.2099	0.8557	0.1234	0.0209	2025
2025-11-01	Brighton	Leeds	Brighton	Leeds	2.6413	0.3592	0.9151	0.0719	0.013	2025
2025-11-01	Burnley	Arsenal	Burnley	Arsenal	0.6792	2.5165	0.0346	0.1281	0.8373	2025
2025-11-01	Crystal Palace	Brentford	Crystal Palace	Brentford	0.7346	0.8205	0.284	0.3671	0.3489	2025
2025-11-02	Manchester City	Bournemouth	Man City	Bournemouth	2.49	0.8998	0.7693	0.1598	0.0709	2025
2025-11-02	West Ham	Newcastle United	West Ham	Newcastle	1.4138	0.5236	0.6355	0.2546	0.1099	2025
2025-11-03	Sunderland	Everton	Sunderland	Everton	1.1807	1.0074	0.3718	0.3203	0.3079	2025
2025-11-08	West Ham	Burnley	West Ham	Burnley	2.9673	1.8748	0.6782	0.2072	0.1146	2025
2025-11-08	Sunderland	Arsenal	Sunderland	Arsenal	1.2049	2.3294	0.1307	0.214	0.6553	2025
2025-11-08	Tottenham	Manchester United	Tottenham	Man United	1.3553	0.8203	0.5103	0.2821	0.2076	2025
2025-11-08	Chelsea	Wolverhampton Wanderers	Chelsea	Wolves	3.9834	0.1115	0.9924	0.0074	0.0002	2025
2025-11-08	Everton	Fulham	Everton	Fulham	2.3061	0.4245	0.855	0.1105	0.0345	2025
2025-11-09	Aston Villa	Bournemouth	Aston Villa	Bournemouth	1.8828	2.0099	0.3334	0.2653	0.4013	2025
2025-11-09	Brentford	Newcastle United	Brentford	Newcastle	2.7373	0.4323	0.9194	0.0653	0.0153	2025
2025-11-09	Crystal Palace	Brighton	Crystal Palace	Brighton	0.8395	0.637	0.3615	0.3807	0.2578	2025
2025-11-09	Manchester City	Liverpool	Man City	Liverpool	1.5954	1.0281	0.5265	0.2798	0.1937	2025
2025-11-09	Nottingham Forest	Leeds	Nott'm Forest	Leeds	2.491	0.4195	0.8925	0.0884	0.0191	2025
2025-11-22	Newcastle United	Manchester City	Newcastle	Man City	2.4055	2.4565	0.3783	0.2442	0.3775	2025
2025-11-22	Wolverhampton Wanderers	Crystal Palace	Wolves	Crystal Palace	1.6641	1.4493	0.428	0.285	0.287	2025
2025-11-22	Liverpool	Nottingham Forest	Liverpool	Nott'm Forest	1.7927	1.1946	0.5209	0.2497	0.2294	2025
2025-11-22	Bournemouth	West Ham	Bournemouth	West Ham	3.483	0.3908	0.9602	0.0349	0.0049	2025
2025-11-22	Burnley	Chelsea	Burnley	Chelsea	0.6609	1.7209	0.109	0.2248	0.6662	2025
2025-11-22	Brighton	Brentford	Brighton	Brentford	0.9775	2.1998	0.0872	0.1756	0.7372	2025
2025-11-22	Fulham	Sunderland	Fulham	Sunderland	2.8373	0.2228	0.9361	0.0547	0.0092	2025
2025-11-23	Arsenal	Tottenham	Arsenal	Tottenham	2.2783	0.0301	0.9246	0.0744	0.001	2025
2025-11-23	Leeds	Aston Villa	Leeds	Aston Villa	1.8467	1.3598	0.5039	0.2601	0.236	2025
2025-11-24	Manchester United	Everton	Man United	Everton	2.2737	0.1551	0.8897	0.0985	0.0118	2025
2025-11-29	Brentford	Burnley	Brentford	Burnley	3.7211	0.874	0.9508	0.0419	0.0073	2025
2025-11-29	Everton	Newcastle United	Everton	Newcastle	1.0112	2.4588	0.0953	0.1744	0.7303	2025
2025-11-29	Manchester City	Leeds	Man City	Leeds	2.8529	1.7514	0.6549	0.2088	0.1363	2025
2025-11-29	Sunderland	Bournemouth	Sunderland	Bournemouth	1.1696	1.7927	0.1677	0.3108	0.5215	2025
2025-11-29	Tottenham	Fulham	Tottenham	Fulham	1.044	0.4947	0.5297	0.324	0.1463	2025
2025-11-30	Nottingham Forest	Brighton	Nott'm Forest	Brighton	0.9603	2.0572	0.1427	0.2061	0.6512	2025
2025-11-30	Crystal Palace	Manchester United	Crystal Palace	Man United	2.1356	1.4777	0.5412	0.2822	0.1766	2025
2025-11-30	West Ham	Liverpool	West Ham	Liverpool	0.3642	1.5679	0.0588	0.1997	0.7415	2025
2025-11-30	Aston Villa	Wolverhampton Wanderers	Aston Villa	Wolves	1.1549	0.6926	0.4809	0.3149	0.2042	2025
2025-11-30	Chelsea	Arsenal	Chelsea	Arsenal	0.7919	1.2283	0.2095	0.3069	0.4836	2025
2025-12-02	Bournemouth	Everton	Bournemouth	Everton	0.6354	1.1957	0.1737	0.3189	0.5074	2025
2025-12-02	Fulham	Manchester City	Fulham	Man City	0.9726	1.9623	0.1408	0.2232	0.636	2025
2025-12-02	Newcastle United	Tottenham	Newcastle	Tottenham	1.8856	1.052	0.5817	0.2502	0.1681	2025
2025-12-03	Arsenal	Brentford	Arsenal	Brentford	2.6313	0.5887	0.8618	0.1086	0.0296	2025
2025-12-03	Brighton	Aston Villa	Brighton	Aston Villa	1.963	3.1574	0.1501	0.1771	0.6728	2025
2025-12-03	Burnley	Crystal Palace	Burnley	Crystal Palace	1.1685	0.9878	0.3817	0.3288	0.2895	2025
2025-12-03	Leeds	Chelsea	Leeds	Chelsea	2.2047	0.964	0.7167	0.1866	0.0967	2025
2025-12-03	Liverpool	Sunderland	Liverpool	Sunderland	1.3763	0.7127	0.5385	0.2953	0.1662	2025
2025-12-03	Wolverhampton Wanderers	Nottingham Forest	Wolves	Nott'm Forest	1.0246	1.1239	0.3096	0.3553	0.3351	2025
2025-12-04	Manchester United	West Ham	Man United	West Ham	2.2767	1.3658	0.6156	0.2213	0.1631	2025
2025-12-06	Tottenham	Brentford	Tottenham	Brentford	2.4239	0.4706	0.874	0.1019	0.0241	2025
2025-12-06	Manchester City	Sunderland	Man City	Sunderland	2.416	0.6265	0.8094	0.1365	0.0541	2025
2025-12-06	Leeds	Liverpool	Leeds	Liverpool	1.7933	2.048	0.3199	0.2543	0.4258	2025
2025-12-06	Newcastle United	Burnley	Newcastle	Burnley	1.8071	1.5837	0.4078	0.2946	0.2976	2025
2025-12-06	Bournemouth	Chelsea	Bournemouth	Chelsea	1.4193	0.6726	0.6116	0.271	0.1174	2025
2025-12-06	Aston Villa	Arsenal	Aston Villa	Arsenal	2.7199	1.8597	0.5866	0.2031	0.2103	2025
2025-12-06	Everton	Nottingham Forest	Everton	Nott'm Forest	1.2535	0.3123	0.6583	0.263	0.0787	2025
2025-12-07	Brighton	West Ham	Brighton	West Ham	2.1008	1.7064	0.4659	0.2432	0.2909	2025
2025-12-07	Fulham	Crystal Palace	Fulham	Crystal Palace	0.7668	1.7111	0.1398	0.2443	0.6159	2025
2025-12-08	Wolverhampton Wanderers	Manchester United	Wolves	Man United	0.2621	4.0471	0.0013	0.0112	0.9875	2025
2025-12-13	Chelsea	Everton	Chelsea	Everton	2.6446	1.34	0.6853	0.181	0.1337	2025
2025-12-13	Liverpool	Brighton	Liverpool	Brighton	2.4127	1.69	0.5519	0.2199	0.2282	2025
2025-12-13	Arsenal	Wolverhampton Wanderers	Arsenal	Wolves	1.618	0.62	0.6309	0.2644	0.1047	2025
2025-12-13	Burnley	Fulham	Burnley	Fulham	2.0549	1.6505	0.4687	0.2506	0.2807	2025
2025-12-14	Brentford	Leeds	Brentford	Leeds	0.697	1.6341	0.1171	0.2592	0.6237	2025
2025-12-14	Crystal Palace	Manchester City	Crystal Palace	Man City	1.3009	1.3532	0.3229	0.2899	0.3872	2025
2025-12-14	Nottingham Forest	Tottenham	Nott'm Forest	Tottenham	2.3266	0.3802	0.8804	0.0967	0.0229	2025
2025-12-14	Sunderland	Newcastle United	Sunderland	Newcastle	0.63	0.1693	0.4509	0.4675	0.0816	2025
2025-12-14	West Ham	Aston Villa	West Ham	Aston Villa	1.277	0.5951	0.5651	0.3111	0.1238	2025
2025-12-15	Manchester United	Bournemouth	Man United	Bournemouth	3.212	2.352	0.5797	0.1979	0.2224	2025
2025-12-20	Newcastle United	Chelsea	Newcastle	Chelsea	2.8786	1.0261	0.8323	0.117	0.0507	2025
2025-12-20	Wolverhampton Wanderers	Brentford	Wolves	Brentford	1.2682	1.5631	0.2792	0.2924	0.4284	2025
2025-12-20	Tottenham	Liverpool	Tottenham	Liverpool	1.3491	1.2316	0.3774	0.3092	0.3134	2025
2025-12-20	Manchester City	West Ham	Man City	West Ham	3.5819	1.0214	0.9032	0.0686	0.0282	2025
2025-12-20	Leeds	Crystal Palace	Leeds	Crystal Palace	2.9079	1.5306	0.7202	0.1848	0.095	2025
2025-12-20	Everton	Arsenal	Everton	Arsenal	0.2133	1.8472	0.0177	0.1169	0.8654	2025
2025-12-20	Brighton	Sunderland	Brighton	Sunderland	0.9193	1.3104	0.2447	0.2888	0.4665	2025
2025-12-20	Bournemouth	Burnley	Bournemouth	Burnley	1.8185	0.4805	0.7581	0.1923	0.0496	2025
2025-12-21	Aston Villa	Manchester United	Aston Villa	Man United	1.8692	1.3046	0.5333	0.27	0.1967	2025
2025-12-22	Fulham	Nottingham Forest	Fulham	Nott'm Forest	1.7057	0.4863	0.743	0.1931	0.0639	2025
2025-12-26	Manchester United	Newcastle United	Man United	Newcastle	0.9408	1.13	0.2985	0.3125	0.389	2025
2025-12-27	West Ham	Fulham	West Ham	Fulham	1.1372	1.1144	0.3509	0.3111	0.338	2025
2025-12-27	Nottingham Forest	Manchester City	Nott'm Forest	Man City	0.6001	1.4647	0.1293	0.2671	0.6036	2025
2025-12-27	Liverpool	Wolverhampton Wanderers	Liverpool	Wolves	1.565	0.7807	0.5756	0.2883	0.1361	2025
2025-12-27	Burnley	Everton	Burnley	Everton	1.2495	1.252	0.338	0.2938	0.3682	2025
2025-12-27	Brentford	Bournemouth	Brentford	Bournemouth	2.8513	2.5618	0.4446	0.2365	0.3189	2025
2025-12-27	Arsenal	Brighton	Arsenal	Brighton	2.5432	0.7101	0.822	0.1286	0.0494	2025
2025-12-27	Chelsea	Aston Villa	Chelsea	Aston Villa	1.9715	2.0592	0.3354	0.2749	0.3897	2025
2025-12-28	Crystal Palace	Tottenham	Crystal Palace	Tottenham	0.9297	0.8708	0.3247	0.3463	0.329	2025
2025-12-28	Sunderland	Leeds	Sunderland	Leeds	0.806	2.6065	0.0588	0.1287	0.8125	2025
2025-12-30	Nottingham Forest	Everton	Nott'm Forest	Everton	1.7545	1.6952	0.3776	0.2639	0.3585	2025
2025-12-30	West Ham	Brighton	West Ham	Brighton	2.2764	3.0891	0.1995	0.2097	0.5908	2025
2025-12-30	Manchester United	Wolverhampton Wanderers	Man United	Wolves	1.1331	1.2178	0.3127	0.3104	0.3769	2025
2025-12-30	Arsenal	Aston Villa	Arsenal	Aston Villa	4.4134	2.9419	0.6941	0.1691	0.1368	2025
2025-12-30	Burnley	Newcastle United	Burnley	Newcastle	1.3255	2.4925	0.129	0.196	0.675	2025
2025-12-30	Chelsea	Bournemouth	Chelsea	Bournemouth	2.3329	3.4914	0.1502	0.1905	0.6593	2025
2026-01-01	Brentford	Tottenham	Brentford	Tottenham	0.5563	0.6083	0.2635	0.4337	0.3028	2025
2026-01-01	Crystal Palace	Fulham	Crystal Palace	Fulham	2.3535	1.7543	0.5385	0.2305	0.231	2025
2026-01-01	Liverpool	Leeds	Liverpool	Leeds	1.6783	0.1594	0.8379	0.1434	0.0187	2025
2026-01-01	Sunderland	Manchester City	Sunderland	Man City	0.9621	2.4425	0.0985	0.1597	0.7418	2025
2026-01-03	Aston Villa	Nottingham Forest	Aston Villa	Nott'm Forest	1.4299	0.8982	0.5062	0.2854	0.2084	2025
2026-01-03	Bournemouth	Arsenal	Bournemouth	Arsenal	0.9478	1.28	0.2551	0.2988	0.4461	2025
2026-01-03	Brighton	Burnley	Brighton	Burnley	1.4717	0.2546	0.7247	0.2236	0.0517	2025
2026-01-03	Wolverhampton Wanderers	West Ham	Wolves	West Ham	2.2393	0.2357	0.9109	0.0781	0.011	2025
2026-01-04	Tottenham	Sunderland	Tottenham	Sunderland	1.4175	0.4675	0.6917	0.2321	0.0762	2025
2026-01-04	Manchester City	Chelsea	Man City	Chelsea	1.0305	2.0373	0.1151	0.2012	0.6837	2025
2026-01-04	Newcastle United	Crystal Palace	Newcastle	Crystal Palace	2.7276	1.2783	0.7489	0.1653	0.0858	2025
2026-01-04	Fulham	Liverpool	Fulham	Liverpool	0.6092	1.7188	0.0957	0.2177	0.6866	2025
2026-01-04	Everton	Brentford	Everton	Brentford	1.0057	3.0518	0.0586	0.1135	0.8279	2025
2026-01-04	Leeds	Manchester United	Leeds	Man United	0.9701	1.9478	0.1395	0.2351	0.6254	2025
2026-01-06	West Ham	Nottingham Forest	West Ham	Nott'm Forest	1.737	1.2668	0.4809	0.2855	0.2336	2025
2026-01-07	Bournemouth	Tottenham	Bournemouth	Tottenham	1.1901	1.6261	0.2401	0.2869	0.473	2025
2026-01-07	Brentford	Sunderland	Brentford	Sunderland	3.861	1.5064	0.8769	0.0866	0.0365	2025
2026-01-07	Burnley	Manchester United	Burnley	Man United	0.3197	2.5249	0.0234	0.1025	0.8741	2025
2026-01-07	Crystal Palace	Aston Villa	Crystal Palace	Aston Villa	1.3251	2.0701	0.193	0.2327	0.5743	2025
2026-01-07	Everton	Wolverhampton Wanderers	Everton	Wolves	1.6332	0.7133	0.6437	0.2323	0.124	2025
2026-01-07	Fulham	Chelsea	Fulham	Chelsea	1.0601	2.4511	0.1032	0.1646	0.7322	2025
2026-01-07	Manchester City	Brighton	Man City	Brighton	2.959	1.3316	0.7562	0.1607	0.0831	2025
2026-01-07	Newcastle United	Leeds	Newcastle	Leeds	2.435	2.3532	0.401	0.2529	0.3461	2025
2026-01-08	Arsenal	Liverpool	Arsenal	Liverpool	0.7018	0.3186	0.4144	0.4412	0.1444	2025
2026-01-17	Tottenham	West Ham	Tottenham	West Ham	1.6529	2.7676	0.1425	0.202	0.6555	2025
2026-01-17	Sunderland	Crystal Palace	Sunderland	Crystal Palace	1.846	1.1517	0.5566	0.26	0.1834	2025
2026-01-17	Manchester United	Manchester City	Man United	Man City	3.0728	0.387	0.9392	0.0489	0.0119	2025
2026-01-17	Nottingham Forest	Arsenal	Nott'm Forest	Arsenal	0.3185	2.8632	0.0086	0.0474	0.944	2025
2026-01-17	Leeds	Fulham	Leeds	Fulham	2.169	0.2588	0.864	0.1163	0.0197	2025
2026-01-17	Chelsea	Brentford	Chelsea	Brentford	1.6226	1.4752	0.4189	0.2809	0.3002	2025
2026-01-17	Liverpool	Burnley	Liverpool	Burnley	3.4905	0.547	0.9471	0.041	0.0119	2025
2026-01-18	Aston Villa	Everton	Aston Villa	Everton	0.9054	0.7459	0.3565	0.3572	0.2863	2025
2026-01-18	Wolverhampton Wanderers	Newcastle United	Wolves	Newcastle	0.3902	0.8133	0.1649	0.3912	0.4439	2025
2026-01-19	Brighton	Bournemouth	Brighton	Bournemouth	0.9958	1.6974	0.1781	0.2457	0.5762	2025
2026-01-24	West Ham	Sunderland	West Ham	Sunderland	2.1867	0.7138	0.777	0.1625	0.0605	2025
2026-01-24	Manchester City	Wolverhampton Wanderers	Man City	Wolves	1.0654	0.5427	0.4964	0.3317	0.1719	2025
2026-01-24	Fulham	Brighton	Fulham	Brighton	1.1324	1.9465	0.1687	0.2381	0.5932	2025
2026-01-24	Bournemouth	Liverpool	Bournemouth	Liverpool	3.3147	0.9373	0.8979	0.0725	0.0296	2025
2026-01-24	Burnley	Tottenham	Burnley	Tottenham	1.5488	2.5909	0.153	0.2126	0.6344	2025
2026-01-25	Arsenal	Manchester United	Arsenal	Man United	1.4241	0.6409	0.6023	0.2707	0.127	2025
2026-01-25	Brentford	Nottingham Forest	Brentford	Nott'm Forest	2.0041	1.3896	0.5375	0.2893	0.1732	2025
2026-01-25	Crystal Palace	Chelsea	Crystal Palace	Chelsea	2.4179	3.0882	0.2467	0.2125	0.5408	2025
2026-01-25	Newcastle United	Aston Villa	Newcastle	Aston Villa	1.9548	1.3214	0.5465	0.2409	0.2126	2025
2026-01-26	Everton	Leeds	Everton	Leeds	0.8899	1.6766	0.1546	0.259	0.5864	2025
2026-01-31	Liverpool	Newcastle United	Liverpool	Newcastle	3.0997	0.2843	0.9463	0.0443	0.0094	2025
2026-01-31	Leeds	Arsenal	Leeds	Arsenal	0.1787	3.5443	0.0022	0.0201	0.9777	2025
2026-01-31	Wolverhampton Wanderers	Bournemouth	Wolves	Bournemouth	2.1035	1.5912	0.4904	0.26	0.2496	2025
2026-01-31	Brighton	Everton	Brighton	Everton	1.4283	1.2813	0.3888	0.2998	0.3114	2025
2026-01-31	Chelsea	West Ham	Chelsea	West Ham	2.6613	1.7259	0.6123	0.2211	0.1666	2025
2026-02-01	Aston Villa	Brentford	Aston Villa	Brentford	2.1532	0.3149	0.8302	0.1363	0.0335	2025
2026-02-01	Manchester United	Fulham	Man United	Fulham	1.8436	1.72	0.3948	0.2664	0.3388	2025
2026-02-01	Nottingham Forest	Crystal Palace	Nott'm Forest	Crystal Palace	0.9873	1.648	0.1767	0.2772	0.5461	2025
2026-02-01	Tottenham	Manchester City	Tottenham	Man City	1.4974	2.0361	0.2511	0.2387	0.5102	2025
2026-02-02	Sunderland	Burnley	Sunderland	Burnley	1.8865	0.1264	0.8773	0.1119	0.0108	2025
2026-02-06	Leeds	Nottingham Forest	Leeds	Nott'm Forest	3.3818	1.6608	0.7774	0.1399	0.0827	2025
2026-02-07	Wolverhampton Wanderers	Chelsea	Wolves	Chelsea	1.1137	3.7628	0.0241	0.0624	0.9135	2025
2026-02-07	Newcastle United	Brentford	Newcastle	Brentford	3.3215	1.6502	0.7774	0.1378	0.0848	2025
2026-02-07	Manchester United	Tottenham	Man United	Tottenham	2.1658	0.5934	0.7759	0.1586	0.0655	2025
2026-02-07	Burnley	West Ham	Burnley	West Ham	1.8464	1.1223	0.5545	0.2637	0.1818	2025
2026-02-07	Bournemouth	Aston Villa	Bournemouth	Aston Villa	1.8265	0.6465	0.6897	0.2097	0.1006	2025
2026-02-07	Arsenal	Sunderland	Arsenal	Sunderland	1.194	0.4272	0.569	0.3173	0.1137	2025
2026-02-07	Fulham	Everton	Fulham	Everton	2.2013	1.8878	0.4559	0.2296	0.3145	2025
2026-02-08	Brighton	Crystal Palace	Brighton	Crystal Palace	0.7378	0.9284	0.2553	0.3644	0.3803	2025
2026-02-08	Liverpool	Manchester City	Liverpool	Man City	1.2665	2.4148	0.1318	0.1961	0.6721	2025
2026-02-10	West Ham	Manchester United	West Ham	Man United	1.3075	0.7358	0.5384	0.2938	0.1678	2025
2026-02-10	Tottenham	Newcastle United	Tottenham	Newcastle	1.6892	2.4699	0.2104	0.2207	0.5689	2025
2026-02-10	Chelsea	Leeds	Chelsea	Leeds	3.2118	1.2895	0.8272	0.1298	0.043	2025
2026-02-10	Everton	Bournemouth	Everton	Bournemouth	2.3311	1.4121	0.6046	0.235	0.1604	2025
2026-02-11	Aston Villa	Brighton	Aston Villa	Brighton	0.5761	0.4813	0.3064	0.4474	0.2462	2025
2026-02-11	Crystal Palace	Burnley	Crystal Palace	Burnley	2.1276	0.6913	0.7338	0.1809	0.0853	2025
2026-02-11	Manchester City	Fulham	Man City	Fulham	1.6772	1.0528	0.5343	0.2546	0.2111	2025
2026-02-11	Nottingham Forest	Wolverhampton Wanderers	Nott'm Forest	Wolves	3.6909	0.407	0.9709	0.0249	0.0042	2025
2026-02-11	Sunderland	Liverpool	Sunderland	Liverpool	0.6938	3.0817	0.0341	0.0804	0.8855	2025
2026-02-12	Brentford	Arsenal	Brentford	Arsenal	1.8115	0.7842	0.6367	0.2304	0.1329	2025
2026-02-18	Wolverhampton Wanderers	Arsenal	Wolves	Arsenal	0.1731	2.0102	0.0145	0.0862	0.8993	2025
2026-02-21	West Ham	Bournemouth	West Ham	Bournemouth	2.3441	0.5227	0.8387	0.1203	0.041	2025
2026-02-21	Aston Villa	Leeds	Aston Villa	Leeds	1.2544	1.2786	0.349	0.2903	0.3607	2025
2026-02-21	Brentford	Brighton	Brentford	Brighton	1.6902	1.372	0.4477	0.2841	0.2682	2025
2026-02-21	Chelsea	Burnley	Chelsea	Burnley	2.5153	1.0126	0.7629	0.1628	0.0743	2025
2026-02-21	Manchester City	Newcastle United	Man City	Newcastle	2.2265	0.508	0.8142	0.1373	0.0485	2025
2026-02-22	Nottingham Forest	Liverpool	Nott'm Forest	Liverpool	0.9348	2.3963	0.0658	0.1486	0.7856	2025
2026-02-22	Tottenham	Arsenal	Tottenham	Arsenal	0.3833	3.317	0.0088	0.0401	0.9511	2025
2026-02-22	Sunderland	Fulham	Sunderland	Fulham	1.7609	2.167	0.2628	0.2664	0.4708	2025
2026-02-22	Crystal Palace	Wolverhampton Wanderers	Crystal Palace	Wolves	2.0356	1.6775	0.459	0.2691	0.2719	2025
2026-02-23	Everton	Manchester United	Everton	Man United	0.5609	1.4547	0.1076	0.245	0.6474	2025
2026-02-27	Wolverhampton Wanderers	Aston Villa	Wolves	Aston Villa	1.5077	1.3133	0.4226	0.2827	0.2947	2025
2026-02-28	Bournemouth	Sunderland	Bournemouth	Sunderland	1.8243	1.0789	0.5551	0.2648	0.1801	2025
2026-02-28	Burnley	Brentford	Burnley	Brentford	0.8238	2.4459	0.0609	0.1435	0.7956	2025
2026-02-28	Leeds	Manchester City	Leeds	Man City	1.3782	2.4683	0.1403	0.1978	0.6619	2025
2026-02-28	Liverpool	West Ham	Liverpool	West Ham	2.0994	1.3517	0.5536	0.2339	0.2125	2025
2026-02-28	Newcastle United	Everton	Newcastle	Everton	1.1189	2.4073	0.0575	0.169	0.7735	2025
2026-03-01	Manchester United	Crystal Palace	Man United	Crystal Palace	2.3461	0.3847	0.8774	0.1001	0.0225	2025
2026-03-01	Fulham	Tottenham	Fulham	Tottenham	2.3207	0.9521	0.7069	0.1828	0.1103	2025
2026-03-01	Arsenal	Chelsea	Arsenal	Chelsea	1.716	1.3527	0.4449	0.2926	0.2625	2025
2026-03-01	Brighton	Nottingham Forest	Brighton	Nott'm Forest	1.2011	0.8306	0.4523	0.3035	0.2442	2025
2026-03-03	Bournemouth	Brentford	Bournemouth	Brentford	2.3177	0.6733	0.7902	0.1515	0.0583	2025
2026-03-03	Everton	Burnley	Everton	Burnley	1.1584	0.7622	0.4352	0.3436	0.2212	2025
2026-03-03	Leeds	Sunderland	Leeds	Sunderland	0.8882	0.8439	0.2954	0.3643	0.3403	2025
2026-03-03	Wolverhampton Wanderers	Liverpool	Wolves	Liverpool	0.636	2.1722	0.0584	0.166	0.7756	2025
2026-03-04	Newcastle United	Manchester United	Newcastle	Man United	1.9664	1.8057	0.4273	0.2544	0.3183	2025
2026-03-04	Manchester City	Nottingham Forest	Man City	Nott'm Forest	2.7266	1.2364	0.7332	0.1652	0.1016	2025
2026-03-04	Aston Villa	Chelsea	Aston Villa	Chelsea	1.0685	3.3888	0.0343	0.0834	0.8823	2025
2026-03-04	Brighton	Arsenal	Brighton	Arsenal	0.9192	0.5148	0.4417	0.3688	0.1895	2025
2026-03-04	Fulham	West Ham	Fulham	West Ham	0.6281	1.4953	0.126	0.2422	0.6318	2025
2026-03-05	Tottenham	Crystal Palace	Tottenham	Crystal Palace	1.2961	1.9151	0.2054	0.2575	0.5371	2025
2026-03-14	Arsenal	Everton	Arsenal	Everton	1.9085	1.1785	0.5602	0.2503	0.1895	2025
2026-03-14	Burnley	Bournemouth	Burnley	Bournemouth	1.6769	2.3698	0.2336	0.2214	0.545	2025
2026-03-14	Chelsea	Newcastle United	Chelsea	Newcastle	1.7251	1.0325	0.5331	0.2697	0.1972	2025
2026-03-14	Sunderland	Brighton	Sunderland	Brighton	0.6591	1.1283	0.1994	0.3158	0.4848	2025
2026-03-14	West Ham	Manchester City	West Ham	Man City	0.489	1.9546	0.0452	0.1911	0.7637	2025
2026-03-15	Crystal Palace	Leeds	Crystal Palace	Leeds	0.5252	1.1356	0.1278	0.3017	0.5705	2025
2026-03-15	Liverpool	Tottenham	Liverpool	Tottenham	1.3008	1.1564	0.3856	0.2861	0.3283	2025
2026-03-15	Manchester United	Aston Villa	Man United	Aston Villa	1.6782	1.2107	0.4854	0.264	0.2506	2025
2026-03-15	Nottingham Forest	Fulham	Nott'm Forest	Fulham	0.821	0.934	0.2552	0.3626	0.3822	2025
2026-03-16	Brentford	Wolverhampton Wanderers	Brentford	Wolves	2.7966	1.8004	0.6218	0.2068	0.1714	2025
2026-03-20	Bournemouth	Manchester United	Bournemouth	Man United	1.7666	1.7457	0.36	0.2839	0.3561	2025
2026-03-21	Leeds	Brentford	Leeds	Brentford	0.4173	0.3022	0.2789	0.5413	0.1798	2025
2026-03-21	Fulham	Burnley	Fulham	Burnley	3.4844	1.9256	0.7203	0.1586	0.1211	2025
2026-03-21	Everton	Chelsea	Everton	Chelsea	1.4453	1.3514	0.3819	0.2794	0.3387	2025
2026-03-21	Brighton	Liverpool	Brighton	Liverpool	3.4296	0.9568	0.9049	0.069	0.0261	2025
2026-03-22	Aston Villa	West Ham	Aston Villa	West Ham	2.4853	0.7601	0.8124	0.1316	0.056	2025
2026-03-22	Newcastle United	Sunderland	Newcastle	Sunderland	1.2671	2.6666	0.1162	0.1637	0.7201	2025
2026-03-22	Tottenham	Nottingham Forest	Tottenham	Nott'm Forest	1.6189	1.5441	0.3718	0.2798	0.3484	2025
2026-04-10	West Ham	Wolverhampton Wanderers	West Ham	Wolves	2.5438	0.572	0.8438	0.1126	0.0436	2025
2026-04-11	Burnley	Brighton	Burnley	Brighton	0.812	1.0718	0.2682	0.3324	0.3994	2025
2026-04-11	Liverpool	Fulham	Liverpool	Fulham	2.015	1.4202	0.5162	0.2415	0.2423	2025
2026-04-11	Arsenal	Bournemouth	Arsenal	Bournemouth	3.1635	1.3946	0.8221	0.1297	0.0482	2025
2026-04-11	Brentford	Everton	Brentford	Everton	2.263	1.5703	0.5424	0.2365	0.2211	2025
2026-04-12	Chelsea	Manchester City	Chelsea	Man City	1.2211	2.4084	0.1456	0.1934	0.661	2025
2026-04-12	Crystal Palace	Newcastle United	Crystal Palace	Newcastle	3.1393	1.273	0.8241	0.1232	0.0527	2025
2026-04-12	Nottingham Forest	Aston Villa	Nott'm Forest	Aston Villa	0.8505	1.363	0.216	0.2804	0.5036	2025
2026-04-12	Sunderland	Tottenham	Sunderland	Tottenham	1.7758	1.016	0.5697	0.2554	0.1749	2025
2026-04-13	Manchester United	Leeds	Man United	Leeds	1.3656	2.9512	0.0997	0.1434	0.7569	2025
2026-04-18	Newcastle United	Bournemouth	Newcastle	Bournemouth	1.6117	3.3666	0.0545	0.1232	0.8223	2025
2026-04-18	Tottenham	Brighton	Tottenham	Brighton	1.5605	1.1373	0.4794	0.273	0.2476	2025
2026-04-18	Leeds	Wolverhampton Wanderers	Leeds	Wolves	3.558	0.5686	0.9601	0.032	0.0079	2025
2026-04-18	Brentford	Fulham	Brentford	Fulham	2.3355	0.7907	0.7631	0.1594	0.0775	2025
2026-04-18	Chelsea	Manchester United	Chelsea	Man United	1.2811	0.436	0.5816	0.298	0.1204	2025
2026-04-19	Aston Villa	Sunderland	Aston Villa	Sunderland	3.9022	1.5601	0.8626	0.0885	0.0489	2025
2026-04-19	Everton	Liverpool	Everton	Liverpool	1.4784	1.3833	0.3918	0.2837	0.3245	2025
2026-04-19	Manchester City	Arsenal	Man City	Arsenal	2.6153	2.2896	0.4488	0.2479	0.3033	2025
2026-04-19	Nottingham Forest	Burnley	Nott'm Forest	Burnley	1.4425	0.6014	0.5978	0.2837	0.1185	2025
2026-04-20	Crystal Palace	West Ham	Crystal Palace	West Ham	0.7334	0.6224	0.3437	0.3864	0.2699	2025
2026-04-21	Brighton	Chelsea	Brighton	Chelsea	2.5178	0.2979	0.9033	0.0788	0.0179	2025
2026-04-22	Bournemouth	Leeds	Bournemouth	Leeds	1.9136	1.216	0.5513	0.2434	0.2053	2025
2026-04-22	Burnley	Manchester City	Burnley	Man City	0.9738	3.4089	0.0443	0.091	0.8647	2025
2026-04-24	Sunderland	Nottingham Forest	Sunderland	Nott'm Forest	0.6143	1.5421	0.1184	0.2415	0.6401	2025
2026-04-25	West Ham	Everton	West Ham	Everton	1.8356	1.1144	0.5617	0.2554	0.1829	2025
2026-04-25	Liverpool	Crystal Palace	Liverpool	Crystal Palace	1.4507	2.1991	0.2143	0.2313	0.5544	2025
2026-04-25	Wolverhampton Wanderers	Tottenham	Wolves	Tottenham	0.7627	1.064	0.2136	0.3485	0.4379	2025
2026-04-25	Arsenal	Newcastle United	Arsenal	Newcastle	0.6392	0.8689	0.2295	0.3637	0.4068	2025
2026-04-25	Fulham	Aston Villa	Fulham	Aston Villa	1.2407	0.9062	0.4402	0.3154	0.2444	2025
2026-04-27	Manchester United	Brentford	Man United	Brentford	1.8485	1.3038	0.5285	0.2585	0.213	2025
2026-05-01	Leeds	Burnley	Leeds	Burnley	2.0955	0.4346	0.8238	0.1368	0.0394	2025
2026-05-02	Arsenal	Fulham	Arsenal	Fulham	4.0908	0.6967	0.9613	0.0311	0.0076	2025
2026-05-02	Brentford	West Ham	Brentford	West Ham	2.2737	0.7539	0.7785	0.1517	0.0698	2025
2026-05-02	Newcastle United	Brighton	Newcastle	Brighton	3.1293	1.8711	0.6723	0.171	0.1567	2025
2026-05-02	Wolverhampton Wanderers	Sunderland	Wolves	Sunderland	1.9613	0.924	0.64	0.2208	0.1392	2025
2026-05-03	Aston Villa	Tottenham	Aston Villa	Tottenham	0.6095	1.1222	0.1665	0.3396	0.4939	2025
2026-05-03	Bournemouth	Crystal Palace	Bournemouth	Crystal Palace	2.2963	0.6783	0.7987	0.1448	0.0565	2025
2026-05-03	Manchester United	Liverpool	Man United	Liverpool	2.5561	1.0281	0.7491	0.1546	0.0963	2025
2026-05-04	Chelsea	Nottingham Forest	Chelsea	Nott'm Forest	2.1713	2.3102	0.3108	0.2818	0.4074	2025
2026-05-04	Everton	Manchester City	Everton	Man City	1.6856	1.4171	0.4424	0.2639	0.2937	2025
2026-05-09	Brighton	Wolverhampton Wanderers	Brighton	Wolves	2.2243	0.5156	0.8144	0.1409	0.0447	2025
2026-05-09	Fulham	Bournemouth	Fulham	Bournemouth	1.2433	0.998	0.4114	0.3148	0.2738	2025
2026-05-09	Liverpool	Chelsea	Liverpool	Chelsea	0.6232	0.5972	0.2937	0.4218	0.2845	2025
2026-05-09	Manchester City	Brentford	Man City	Brentford	4.3743	0.67	0.9871	0.0121	0.0008	2025
2026-05-09	Sunderland	Manchester United	Sunderland	Man United	1.2376	0.536	0.5615	0.2908	0.1477	2025
2026-05-10	West Ham	Arsenal	West Ham	Arsenal	1.3201	1.4295	0.3272	0.2963	0.3765	2025
2026-05-10	Nottingham Forest	Newcastle United	Nott'm Forest	Newcastle	1.4643	1.6507	0.3112	0.2674	0.4214	2025
2026-05-10	Crystal Palace	Everton	Crystal Palace	Everton	3.2883	2.1027	0.6403	0.1732	0.1865	2025
2026-05-10	Burnley	Aston Villa	Burnley	Aston Villa	1.7123	1.7549	0.3632	0.2585	0.3783	2025
2026-05-11	Tottenham	Leeds	Tottenham	Leeds	1.4904	1.8698	0.2655	0.2596	0.4749	2025
2026-05-13	Manchester City	Crystal Palace	Man City	Crystal Palace	1.9568	0.4289	0.7928	0.1582	0.049	2025
2026-05-15	Aston Villa	Liverpool	Aston Villa	Liverpool	2.5252	1.5503	0.6252	0.2086	0.1662	2025
2026-05-17	Brentford	Crystal Palace	Brentford	Crystal Palace	1.5456	1.8227	0.2919	0.2635	0.4446	2025
2026-05-17	Everton	Sunderland	Everton	Sunderland	1.3218	1.2838	0.3601	0.3159	0.324	2025
2026-05-17	Leeds	Brighton	Leeds	Brighton	0.7478	2.2324	0.0717	0.1873	0.741	2025
2026-05-17	Manchester United	Nottingham Forest	Man United	Nott'm Forest	4.2853	1.8442	0.8387	0.1022	0.0591	2025
2026-05-17	Newcastle United	West Ham	Newcastle	West Ham	2.1336	0.9578	0.6787	0.1995	0.1218	2025
2026-05-17	Wolverhampton Wanderers	Fulham	Wolves	Fulham	1.4972	1.4841	0.3551	0.2872	0.3577	2025
2026-05-18	Arsenal	Burnley	Arsenal	Burnley	1.2269	0.1949	0.6915	0.2601	0.0484	2025
2026-05-19	Bournemouth	Manchester City	Bournemouth	Man City	1.7149	1.2692	0.4866	0.2553	0.2581	2025
2026-05-19	Chelsea	Tottenham	Chelsea	Tottenham	1.0926	2.1523	0.1187	0.2128	0.6685	2025
2026-05-24	Nottingham Forest	Bournemouth	Nott'm Forest	Bournemouth	2.0585	1.3368	0.5595	0.2329	0.2076	2025
2026-05-24	Manchester City	Aston Villa	Man City	Aston Villa	1.3808	2.4397	0.1618	0.189	0.6492	2025
2026-05-24	Sunderland	Chelsea	Sunderland	Chelsea	2.3311	0.9209	0.7359	0.1755	0.0886	2025
2026-05-24	Liverpool	Brentford	Liverpool	Brentford	2.9941	1.4608	0.7222	0.1661	0.1117	2025
2026-05-24	Tottenham	Everton	Tottenham	Everton	1.406	0.2685	0.7598	0.198	0.0422	2025
2026-05-24	Crystal Palace	Arsenal	Crystal Palace	Arsenal	1.0049	3.9064	0.0213	0.0507	0.928	2025
2026-05-24	Burnley	Wolverhampton Wanderers	Burnley	Wolves	1.2848	2.8433	0.0878	0.1555	0.7567	2025
2026-05-24	Brighton	Manchester United	Brighton	Man United	0.7024	2.3287	0.0517	0.1288	0.8195	2025
2026-05-24	Fulham	Newcastle United	Fulham	Newcastle	1.7288	0.2423	0.7857	0.1784	0.0359	2025
2026-05-24	West Ham	Leeds	West Ham	Leeds	2.7313	1.9497	0.5581	0.2217	0.2202	2025
