Temperature,Humidity,WindSpeed,Precipitation,WeatherCondition,WeatherDescription,cache_key,stadium
18.850000381469727,82.73421478271484,2.433104991912842,0.5,Moderate drizzle,Moderate drizzle,Leicester_2021-08-14,King Power Stadium
15.649999618530272,87.32608795166016,1.4422205686569214,0.800000011920929,Moderate drizzle,Moderate drizzle,Everton_2021-08-14,Goodison Park
21.350000381469727,65.83460998535156,4.365776062011719,0.0,Light drizzle,Light drizzle,Norwich_2021-08-14,Carrow Road
22.950000762939453,56.34254837036133,4.770743846893311,0.0,Overcast,Overcast,Chelsea_2021-08-14,Stamford Bridge
22.200000762939453,58.01707077026367,4.482186794281006,0.0,Overcast,Overcast,Watford_2021-08-14,Vicarage Road
14.803999900817873,79.56382751464844,3.667423963546753,0.2000000029802322,Light drizzle,Light drizzle,Burnley_2021-08-14,Turf Moor
21.14999961853028,59.48920440673828,5.500908851623535,0.0,Light drizzle,Light drizzle,Brentford_2021-08-13 00:00:00,Brentford Community Stadium
18.850000381469727,82.73421478271484,2.433104991912842,0.5,Moderate drizzle,Moderate drizzle,Leicester_2021-08-14 00:00:00,King Power Stadium
22.950000762939453,56.34254837036133,4.770743846893311,0.0,Overcast,Overcast,Chelsea_2021-08-14 00:00:00,Stamford Bridge
22.200000762939453,58.01707077026367,4.482186794281006,0.0,Overcast,Overcast,Watford_2021-08-14 00:00:00,Vicarage Road
21.350000381469727,65.83460998535156,4.365776062011719,0.0,Light drizzle,Light drizzle,Norwich_2021-08-14 00:00:00,Carrow Road
15.649999618530272,87.32608795166016,1.4422205686569214,0.800000011920929,Moderate drizzle,Moderate drizzle,Everton_2021-08-14 00:00:00,Goodison Park
14.803999900817873,79.56382751464844,3.667423963546753,0.2000000029802322,Light drizzle,Light drizzle,Burnley_2021-08-14 00:00:00,Turf Moor
15.800000190734863,80.4935302734375,2.900000095367432,0.0,Dense drizzle,Dense drizzle,Newcastle_2021-08-15 00:00:00,St. James' Park
21.0,57.91499710083008,5.632051467895508,0.0,Moderate drizzle,Moderate drizzle,Tottenham_2021-08-15 00:00:00,Tottenham Hotspur Stadium
18.75,84.05423736572266,3.623534440994263,0.0,Dense drizzle,Dense drizzle,Brighton_2021-08-21 00:00:00,Falmer Stadium
20.14999961853028,74.38382720947266,2.5019991397857666,0.0,Slight rain,Slight rain,Crystal Palace_2021-08-21 00:00:00,Selhurst Park
17.5,81.50999450683594,3.765634059906006,0.2000000029802322,Dense drizzle,Dense drizzle,Aston Villa_2021-08-21 00:00:00,Villa Park
17.549999237060547,86.38331604003906,3.981205701828003,1.5,Slight rain,Slight rain,Liverpool_2021-08-21 00:00:00,Anfield
20.600000381469727,67.18183135986328,4.27200174331665,0.0,Moderate rain,Moderate rain,Arsenal_2021-08-22 00:00:00,Emirates Stadium
20.25,64.96435546875,3.996248245239258,0.1000000014901161,Moderate rain,Moderate rain,Wolves_2021-08-22 00:00:00,Molineux Stadium
19.600000381469727,65.89205169677734,3.7161808013916016,0.0,Overcast,Overcast,West Ham_2021-08-23 00:00:00,London Stadium
19.200000762939453,62.64242172241211,5.95063066482544,0.0,Overcast,Overcast,West Ham_2021-08-28 00:00:00,London Stadium
19.350000381469727,65.8389892578125,2.024845600128174,0.0,Overcast,Overcast,Newcastle_2021-08-28 00:00:00,St. James' Park
17.600000381469727,65.68199920654297,5.728001594543457,0.0,Moderate drizzle,Moderate drizzle,Norwich_2021-08-28 00:00:00,Carrow Road
19.39999961853028,59.26658248901367,4.651881217956543,0.0,Light drizzle,Light drizzle,Brighton_2021-08-28 00:00:00,Falmer Stadium
19.39999961853028,50.99182891845703,3.2202484607696533,0.0,Overcast,Overcast,Aston Villa_2021-08-28 00:00:00,Villa Park
17.850000381469727,67.05241394042969,3.47131085395813,0.0,Overcast,Overcast,Liverpool_2021-08-28 00:00:00,Anfield
17.75,60.26517105102539,4.947726726531982,0.0,Light drizzle,Light drizzle,Tottenham_2021-08-29 00:00:00,Tottenham Hotspur Stadium
16.850000381469727,60.66040802001953,3.522783041000366,0.0,Overcast,Overcast,Wolves_2021-08-29 00:00:00,Molineux Stadium
16.104000091552734,74.1768798828125,4.060788154602051,0.0,Overcast,Overcast,Burnley_2021-08-29 00:00:00,Turf Moor
20.14999961853028,55.091407775878906,4.785394191741943,0.0,Light drizzle,Light drizzle,Leicester_2021-09-11 00:00:00,King Power Stadium
20.850000381469727,53.11520385742188,3.769615411758423,0.0,Light drizzle,Light drizzle,Arsenal_2021-09-11 00:00:00,Emirates Stadium
20.64999961853028,55.0357780456543,3.417601585388184,0.0,Light drizzle,Light drizzle,Crystal Palace_2021-09-11 00:00:00,Selhurst Park
21.049999237060547,52.46625900268555,3.676955223083496,0.0,Light drizzle,Light drizzle,Chelsea_2021-09-11 00:00:00,Stamford Bridge
20.14999961853028,59.25065612792969,3.827531576156616,0.0,Light drizzle,Light drizzle,Watford_2021-09-11 00:00:00,Vicarage Road
20.950000762939453,53.85047149658203,3.1780495643615723,0.0,Light drizzle,Light drizzle,Brentford_2021-09-11 00:00:00,Brentford Community Stadium
17.450000762939453,73.43975067138672,3.1906113624572754,0.0,Light drizzle,Light drizzle,Everton_2021-09-13 00:00:00,Goodison Park
19.450000762939453,64.15721893310547,2.7202939987182617,0.0,Overcast,Overcast,Newcastle_2021-09-17 00:00:00,St. James' Park
20.0,64.69894409179688,2.1400933265686035,0.1000000014901161,Light drizzle,Light drizzle,Wolves_2021-09-18 00:00:00,Molineux Stadium
19.053998947143555,64.70514678955078,2.844292640686035,0.0,Overcast,Overcast,Burnley_2021-09-18 00:00:00,Turf Moor
20.14999961853028,61.836307525634766,3.996248245239258,0.0,Light drizzle,Light drizzle,Norwich_2021-09-18 00:00:00,Carrow Road
20.049999237060547,64.07929229736328,1.9104973077774048,0.1000000014901161,Light drizzle,Light drizzle,Aston Villa_2021-09-18 00:00:00,Villa Park
18.950000762939453,70.19742584228516,2.5317976474761963,0.0,Moderate drizzle,Moderate drizzle,Liverpool_2021-09-18 00:00:00,Anfield
17.899999618530273,80.5155029296875,2.5019991397857666,0.2000000029802322,Light drizzle,Light drizzle,Tottenham_2021-09-19 00:00:00,Tottenham Hotspur Stadium
17.299999237060547,82.81341552734375,2.9832866191864014,0.1000000014901161,Moderate drizzle,Moderate drizzle,Brighton_2021-09-19 00:00:00,Falmer Stadium
17.799999237060547,82.0763168334961,2.7073974609375,0.2000000029802322,Moderate drizzle,Moderate drizzle,West Ham_2021-09-19 00:00:00,London Stadium
20.89999961853028,62.00770950317383,2.5,0.0,Light drizzle,Light drizzle,Leicester_2021-09-25 00:00:00,King Power Stadium
19.700000762939453,76.48648071289062,2.302172899246216,0.1000000014901161,Light drizzle,Light drizzle,Chelsea_2021-09-25 00:00:00,Stamford Bridge
19.100000381469727,77.38143157958984,1.897366523742676,0.0,Overcast,Overcast,Watford_2021-09-25 00:00:00,Vicarage Road
19.600000381469727,77.20979309082031,2.109502077102661,0.0,Light drizzle,Light drizzle,Brentford_2021-09-25 00:00:00,Brentford Community Stadium
20.450000762939453,73.01811981201172,3.0675723552703857,0.0,Light drizzle,Light drizzle,Everton_2021-09-25 00:00:00,Goodison Park
20.64999961853028,66.75889587402344,4.876474380493164,0.0,Light drizzle,Light drizzle,Arsenal_2021-09-26 00:00:00,Emirates Stadium
16.399999618530273,57.35752487182617,5.594640254974365,0.0,Slight rain,Slight rain,Crystal Palace_2021-09-27 00:00:00,Selhurst Park
14.649999618530272,90.72582244873048,4.924428939819336,2.5,Moderate rain,Moderate rain,Chelsea_2021-10-02 00:00:00,Stamford Bridge
11.253999710083008,92.63301849365234,3.39705753326416,0.2000000029802322,Slight rain,Slight rain,Burnley_2021-10-02 00:00:00,Turf Moor
15.699999809265137,92.27751159667967,13.69379425048828,6.199999809265137,Moderate rain,Moderate rain,Brighton_2021-10-02 00:00:00,Falmer Stadium
12.5,94.55918884277344,4.159326553344727,0.800000011920929,Moderate drizzle,Moderate drizzle,Wolves_2021-10-02 00:00:00,Molineux Stadium
13.5,77.27812194824219,6.809552192687988,0.1000000014901161,Moderate drizzle,Moderate drizzle,Tottenham_2021-10-03 00:00:00,Tottenham Hotspur Stadium
13.699999809265137,78.08987426757812,6.184658527374268,0.0,Light drizzle,Light drizzle,Crystal Palace_2021-10-03 00:00:00,Selhurst Park
13.850000381469728,75.79376983642578,6.741661071777344,0.0,Light drizzle,Light drizzle,West Ham_2021-10-03 00:00:00,London Stadium
13.949999809265137,67.59314727783203,6.963476181030273,0.0,Light drizzle,Light drizzle,Liverpool_2021-10-03 00:00:00,Anfield
14.0,78.65850830078125,2.507987260818481,0.0,Overcast,Overcast,Leicester_2021-10-16 00:00:00,King Power Stadium
14.100000381469728,83.2441635131836,2.0396077632904053,0.0,Light drizzle,Light drizzle,Watford_2021-10-16 00:00:00,Vicarage Road
14.5,84.67638397216797,2.1954498291015625,0.1000000014901161,Light drizzle,Light drizzle,Brentford_2021-10-16 00:00:00,Brentford Community Stadium
13.350000381469728,72.70553588867188,3.5341196060180664,0.0,Light drizzle,Light drizzle,Norwich_2021-10-16 00:00:00,Carrow Road
13.699999809265137,81.82476043701172,2.1400933265686035,0.0,Light drizzle,Light drizzle,Aston Villa_2021-10-16 00:00:00,Villa Park
15.199999809265137,83.9237060546875,3.400000095367432,0.0,Slight rain,Slight rain,Newcastle_2021-10-17 00:00:00,St. James' Park
15.800000190734863,85.37306213378906,4.310452461242676,0.1000000014901161,Slight rain,Slight rain,Everton_2021-10-17 00:00:00,Goodison Park
15.649999618530272,91.67992401123048,4.901020526885986,0.2000000029802322,Moderate rain,Moderate rain,Arsenal_2021-10-18 00:00:00,Emirates Stadium
12.25,68.63810729980469,2.901723861694336,0.0,Overcast,Overcast,Arsenal_2021-10-22 00:00:00,Emirates Stadium
12.850000381469728,76.91615295410156,4.429447174072266,0.0,Light drizzle,Light drizzle,Brighton_2021-10-23 00:00:00,Falmer Stadium
12.449999809265137,74.0373764038086,6.040695667266846,0.0,Overcast,Overcast,Everton_2021-10-23 00:00:00,Goodison Park
12.800000190734863,73.09989166259766,3.6878178119659424,0.0,Overcast,Overcast,Crystal Palace_2021-10-23 00:00:00,Selhurst Park
13.0,71.41834259033203,3.5693135261535645,0.0,Overcast,Overcast,Chelsea_2021-10-23 00:00:00,Stamford Bridge
13.600000381469728,77.29376220703125,4.295345783233643,0.0,Overcast,Overcast,Brentford_2021-10-24 00:00:00,Brentford Community Stadium
13.649999618530272,73.99746704101562,3.920459270477295,0.0,Overcast,Overcast,West Ham_2021-10-24 00:00:00,London Stadium
11.300000190734863,66.10954284667969,4.468780517578125,0.0,Slight rain,Slight rain,Leicester_2021-10-30 00:00:00,King Power Stadium
12.449999809265137,67.51007080078125,4.18688440322876,0.0,Slight rain,Slight rain,Tottenham_2021-10-30 00:00:00,Tottenham Hotspur Stadium
10.949999809265137,72.5122299194336,2.692582368850708,0.0,Slight rain,Slight rain,Liverpool_2021-10-30 00:00:00,Anfield
11.75,70.69249725341797,4.110960960388184,0.0,Slight rain,Slight rain,Watford_2021-10-30 00:00:00,Vicarage Road
9.649999618530272,75.6094970703125,4.623851299285889,0.0,Slight rain,Slight rain,Newcastle_2021-10-30 00:00:00,St. James' Park
9.053999900817873,87.59368896484375,4.664761543273926,0.2000000029802322,Moderate rain,Moderate rain,Burnley_2021-10-30 00:00:00,Turf Moor
11.949999809265137,74.20208740234375,7.021396160125732,0.0,Slight rain,Slight rain,Norwich_2021-10-31 00:00:00,Carrow Road
10.300000190734863,74.93917846679688,10.66770839691162,0.0,Moderate rain,Moderate rain,Aston Villa_2021-10-31 00:00:00,Villa Park
8.75,73.6328125,4.205948352813721,0.0,Moderate drizzle,Moderate drizzle,Wolves_2021-11-01 00:00:00,Molineux Stadium
12.300000190734863,83.02725982666016,8.70919132232666,0.0,Light drizzle,Light drizzle,Brighton_2021-11-06 00:00:00,Falmer Stadium
12.0,77.30367279052734,6.826419353485107,0.0,Light drizzle,Light drizzle,Crystal Palace_2021-11-06 00:00:00,Selhurst Park
12.25,75.2717056274414,6.711929798126221,0.0,Light drizzle,Light drizzle,Brentford_2021-11-06 00:00:00,Brentford Community Stadium
12.199999809265137,76.03439331054688,7.240165710449219,0.0,Light drizzle,Light drizzle,Chelsea_2021-11-06 00:00:00,Stamford Bridge
10.149999618530272,69.6474609375,4.070626258850098,0.0,Overcast,Overcast,Arsenal_2021-11-07 00:00:00,Emirates Stadium
11.0,68.14397430419922,7.702596664428711,0.0,Overcast,Overcast,Everton_2021-11-07 00:00:00,Goodison Park
10.399999618530272,68.25640869140625,3.982461452484131,0.0,Light drizzle,Light drizzle,West Ham_2021-11-07 00:00:00,London Stadium
8.75,79.22566986083984,3.471311092376709,0.0,Overcast,Overcast,Leicester_2021-11-20 00:00:00,King Power Stadium
9.100000381469728,77.37664031982422,3.395585298538208,0.0,Overcast,Overcast,Wolves_2021-11-20 00:00:00,Molineux Stadium
11.25,82.89884185791016,7.333485126495361,0.1000000014901161,Dense drizzle,Dense drizzle,Liverpool_2021-11-20 00:00:00,Anfield
9.75,81.30628967285156,1.8027756214141848,0.0,Overcast,Overcast,Watford_2021-11-20 00:00:00,Vicarage Road
11.25,80.40602111816406,5.2038445472717285,0.0,Overcast,Overcast,Newcastle_2021-11-20 00:00:00,St. James' Park
10.0,81.06139373779297,3.5114099979400635,0.0,Overcast,Overcast,Norwich_2021-11-20 00:00:00,Carrow Road
9.0,77.89996337890625,2.8284270763397217,0.0,Light drizzle,Light drizzle,Aston Villa_2021-11-20 00:00:00,Villa Park
10.003999710083008,96.37974548339844,6.15223503112793,0.5,Moderate drizzle,Moderate drizzle,Burnley_2021-11-20 00:00:00,Turf Moor
6.099999904632568,73.67301940917969,6.312685966491699,0.0,Light drizzle,Light drizzle,Tottenham_2021-11-21 00:00:00,Tottenham Hotspur Stadium
3.900000095367432,77.64585876464844,10.701869010925291,0.1000000014901161,Moderate snow fall,Moderate snow fall,Arsenal_2021-11-27 00:00:00,Emirates Stadium
4.199999809265137,73.05765533447266,11.216059684753418,0.0,Slight snow fall,Slight snow fall,Brighton_2021-11-27 00:00:00,Falmer Stadium
5.449999809265137,83.04235076904297,8.004998207092285,0.2000000029802322,Moderate snow fall,Moderate snow fall,Norwich_2021-11-27 00:00:00,Carrow Road
3.849999904632568,77.63784790039062,9.302149772644045,0.0,Moderate snow fall,Moderate snow fall,Crystal Palace_2021-11-27 00:00:00,Selhurst Park
3.049999952316284,54.46720123291016,9.144396781921388,0.0,Moderate drizzle,Moderate drizzle,Liverpool_2021-11-27 00:00:00,Anfield
0.449999988079071,87.39885711669922,2.6248810291290283,0.6000000238418579,Moderate snow fall,Moderate snow fall,Leicester_2021-11-28 00:00:00,King Power Stadium
2.25,64.05918884277344,3.466987133026123,0.0,Slight snow fall,Slight snow fall,Brentford_2021-11-28 00:00:00,Brentford Community Stadium
1.850000023841858,65.9127426147461,3.041381359100342,0.0,Overcast,Overcast,Chelsea_2021-11-28 00:00:00,Stamford Bridge
10.5,90.43399810791016,6.113101005554199,0.0,Slight rain,Slight rain,Newcastle_2021-11-30 00:00:00,St. James' Park
5.949999809265137,85.48065948486328,5.403702735900879,0.1000000014901161,Moderate drizzle,Moderate drizzle,Wolves_2021-12-01 00:00:00,Molineux Stadium
6.5,80.29527282714844,4.780167579650879,0.0,Dense drizzle,Dense drizzle,Watford_2021-12-01 00:00:00,Vicarage Road
5.25,86.31539154052734,5.5,0.699999988079071,Moderate drizzle,Moderate drizzle,Aston Villa_2021-12-01 00:00:00,Villa Park
5.550000190734863,79.30860900878906,6.449806213378906,0.0,Moderate snow fall,Moderate snow fall,Everton_2021-12-01 00:00:00,Goodison Park
7.099999904632568,80.0985336303711,4.428318023681641,0.0,Moderate drizzle,Moderate drizzle,West Ham_2021-12-01 00:00:00,London Stadium
2.150000095367432,75.95549011230469,4.386342525482178,0.0,Slight snow fall,Slight snow fall,Tottenham_2021-12-02 00:00:00,Tottenham Hotspur Stadium
3.299999952316284,91.18748474121094,3.667423963546753,0.0,Moderate snow fall,Moderate snow fall,Newcastle_2021-12-04 00:00:00,St. James' Park
4.699999809265137,70.03639221191406,8.348652839660645,0.0,Light drizzle,Light drizzle,Wolves_2021-12-04 00:00:00,Molineux Stadium
4.949999809265137,69.83335876464844,6.00166654586792,0.0,Slight rain,Slight rain,Watford_2021-12-04 00:00:00,Vicarage Road
5.5,70.9626693725586,6.01664400100708,0.0,Slight rain,Slight rain,West Ham_2021-12-04 00:00:00,London Stadium
5.849999904632568,89.14920043945312,6.378871440887451,0.1000000014901161,Slight snow fall,Slight snow fall,Tottenham_2021-12-05 00:00:00,Tottenham Hotspur Stadium
5.099999904632568,80.381103515625,5.470831394195557,0.0,Light drizzle,Light drizzle,Aston Villa_2021-12-05 00:00:00,Villa Park
6.5,64.57351684570312,9.0,0.0,Heavy snow fall,Heavy snow fall,Everton_2021-12-06 00:00:00,Goodison Park
5.5,74.89501953125,5.437830448150635,0.0,Dense drizzle,Dense drizzle,Brentford_2021-12-10 00:00:00,Brentford Community Stadium
6.75,90.15850067138672,4.27200174331665,0.6000000238418579,Slight rain,Slight rain,Arsenal_2021-12-11 00:00:00,Emirates Stadium
5.699999809265137,83.07351684570312,4.162931442260742,0.0,Slight rain,Slight rain,Norwich_2021-12-11 00:00:00,Carrow Road
7.050000190734863,88.9383773803711,4.016217231750488,0.699999988079071,Slight rain,Slight rain,Chelsea_2021-12-11 00:00:00,Stamford Bridge
8.100000381469727,94.3720703125,4.933558464050293,2.0,Slight rain,Slight rain,Liverpool_2021-12-11 00:00:00,Anfield
11.0,92.30908203125,6.171709537506104,0.0,Moderate drizzle,Moderate drizzle,Leicester_2021-12-12 00:00:00,King Power Stadium
11.850000381469728,92.05148315429688,4.981967449188232,0.0,Slight rain,Slight rain,Crystal Palace_2021-12-12 00:00:00,Selhurst Park
11.15399932861328,95.45319366455078,5.700877189636231,0.2000000029802322,Moderate drizzle,Moderate drizzle,Burnley_2021-12-12 00:00:00,Turf Moor
11.399999618530272,90.19590759277344,4.904079914093018,0.0,Light drizzle,Light drizzle,Norwich_2021-12-14 00:00:00,Carrow Road
10.600000381469728,93.84808349609376,4.031128883361816,0.0,Light drizzle,Light drizzle,Brighton_2021-12-15 00:00:00,Falmer Stadium
10.75,91.36911010742188,2.9832866191864014,0.0,Light drizzle,Light drizzle,Arsenal_2021-12-15 00:00:00,Emirates Stadium
10.649999618530272,91.6703643798828,2.549509763717652,0.0,Light drizzle,Light drizzle,Crystal Palace_2021-12-15 00:00:00,Selhurst Park
9.300000190734863,89.42861938476562,1.8439089059829712,0.0,Light drizzle,Light drizzle,Chelsea_2021-12-16 00:00:00,Stamford Bridge
8.850000381469727,92.4968490600586,1.392838716506958,0.0,Overcast,Overcast,Liverpool_2021-12-16 00:00:00,Anfield
4.199999809265137,95.87279510498048,2.2671568393707275,0.0,Overcast,Overcast,Newcastle_2021-12-19 00:00:00,St. James' Park
2.5999999046325684,96.85018157958984,2.692582368850708,0.0,Overcast,Overcast,Wolves_2021-12-19 00:00:00,Molineux Stadium
5.949999809265137,93.62328338623048,2.7202939987182617,0.0,Overcast,Overcast,Tottenham_2021-12-19 00:00:00,Tottenham Hotspur Stadium
8.0,98.6487274169922,1.100000023841858,0.0,Slight rain,Slight rain,Tottenham_2021-12-26 00:00:00,Tottenham Hotspur Stadium
8.350000381469727,94.38294982910156,2.6248810291290283,0.0,Dense drizzle,Dense drizzle,Brighton_2021-12-26 00:00:00,Falmer Stadium
6.199999809265137,96.93919372558594,3.448188066482544,0.3000000119209289,Slight rain,Slight rain,Norwich_2021-12-26 00:00:00,Carrow Road
6.650000095367432,99.65697479248048,1.0630146265029907,0.0,Slight rain,Slight rain,Aston Villa_2021-12-26 00:00:00,Villa Park
7.849999904632568,97.97674560546876,1.726267695426941,0.0,Slight rain,Slight rain,West Ham_2021-12-26 00:00:00,London Stadium
6.0,97.27082824707033,2.469817638397217,0.0,Light drizzle,Light drizzle,Newcastle_2021-12-27 00:00:00,St. James' Park
8.350000381469727,92.15226745605467,5.980802536010742,0.0,Moderate rain,Moderate rain,Leicester_2021-12-28 00:00:00,King Power Stadium
10.399999618530272,79.73974609375,6.628725051879883,0.0,Light drizzle,Light drizzle,Crystal Palace_2021-12-28 00:00:00,Selhurst Park
9.25,85.53785705566406,6.072890758514404,0.0,Moderate drizzle,Moderate drizzle,Watford_2021-12-28 00:00:00,Vicarage Road
12.899999618530272,83.10000610351562,7.712975978851318,0.0,Slight rain,Slight rain,Chelsea_2021-12-29 00:00:00,Stamford Bridge
12.800000190734863,82.53368377685547,7.712975978851318,0.0,Slight rain,Slight rain,Brentford_2021-12-29 00:00:00,Brentford Community Stadium
12.850000381469728,85.91368103027344,6.637017250061035,0.0,Light drizzle,Light drizzle,Arsenal_2022-01-01 00:00:00,Emirates Stadium
12.75,89.40058898925781,6.037383556365967,0.0,Light drizzle,Light drizzle,Watford_2022-01-01 00:00:00,Vicarage Road
13.050000190734863,81.7408676147461,6.400781154632568,0.0,Light drizzle,Light drizzle,Crystal Palace_2022-01-01 00:00:00,Selhurst Park
10.649999618530272,86.56082916259766,7.905694007873535,0.1000000014901161,Dense drizzle,Dense drizzle,Chelsea_2022-01-02 00:00:00,Stamford Bridge
9.699999809265137,82.42357635498047,5.800861835479736,0.0,Dense drizzle,Dense drizzle,Everton_2022-01-02 00:00:00,Goodison Park
10.649999618530272,84.81843566894531,7.378346443176269,0.2000000029802322,Dense drizzle,Dense drizzle,Brentford_2022-01-02 00:00:00,Brentford Community Stadium
4.150000095367432,96.54863739013672,1.8027756214141848,0.0,Overcast,Overcast,West Ham_2022-01-12 00:00:00,London Stadium
5.900000095367432,80.49453735351562,1.726267695426941,0.0,Overcast,Overcast,Brighton_2022-01-14 00:00:00,Falmer Stadium
2.25,95.46604919433594,1.6124515533447266,0.0,Overcast,Overcast,Newcastle_2022-01-15 00:00:00,St. James' Park
5.0,94.23443603515624,3.3421547412872314,0.0,Overcast,Overcast,Norwich_2022-01-15 00:00:00,Carrow Road
2.5999999046325684,95.81993103027344,3.101612567901612,0.0,Light drizzle,Light drizzle,Wolves_2022-01-15 00:00:00,Molineux Stadium
2.900000095367432,95.82991027832033,3.3421547412872314,0.0,Overcast,Overcast,Aston Villa_2022-01-15 00:00:00,Villa Park
6.099999904632568,93.30565643310548,1.9104973077774048,0.0,Overcast,Overcast,West Ham_2022-01-16 00:00:00,London Stadium
5.849999904632568,78.5118408203125,5.108816146850586,0.0,Light drizzle,Light drizzle,Liverpool_2022-01-16 00:00:00,Anfield
6.25,90.12088775634766,2.1400933265686035,0.0,Overcast,Overcast,Brighton_2022-01-18 00:00:00,Falmer Stadium
6.199999809265137,77.73385620117188,4.609772205352783,0.0,Overcast,Overcast,Leicester_2022-01-19 00:00:00,King Power Stadium
7.349999904632568,76.5554428100586,4.825971603393555,0.0,Overcast,Overcast,Brentford_2022-01-19 00:00:00,Brentford Community Stadium
3.200000047683716,83.65847778320312,3.1780495643615723,0.0,Overcast,Overcast,Watford_2022-01-21 00:00:00,Vicarage Road
7.050000190734863,87.71096801757812,3.900000095367432,0.0,Overcast,Overcast,Everton_2022-01-22 00:00:00,Goodison Park
5.599999904632568,83.06106567382812,1.5811388492584229,0.0,Overcast,Overcast,Brentford_2022-01-22 00:00:00,Brentford Community Stadium
3.5999999046325684,79.01530456542969,2.3430747985839844,0.0,Overcast,Overcast,Leicester_2022-01-23 00:00:00,King Power Stadium
5.349999904632568,77.87654876708984,1.2083046436309814,0.0,Overcast,Overcast,Arsenal_2022-01-23 00:00:00,Emirates Stadium
5.449999809265137,82.74852752685547,0.6403124332427979,0.0,Overcast,Overcast,Crystal Palace_2022-01-23 00:00:00,Selhurst Park
5.550000190734863,80.44502258300781,0.5656854510307312,0.0,Overcast,Overcast,Chelsea_2022-01-23 00:00:00,Stamford Bridge
7.554000377655029,85.95063018798828,11.205801963806152,0.3000000119209289,Moderate rain,Moderate rain,Burnley_2022-02-05 00:00:00,Turf Moor
9.350000381469728,70.71426391601562,5.1894121170043945,0.0,Light drizzle,Light drizzle,Newcastle_2022-02-08 00:00:00,St. James' Park
11.800000190734863,71.43421173095703,5.011985778808594,0.0,Overcast,Overcast,West Ham_2022-02-08 00:00:00,London Stadium
9.15399932861328,99.32850646972656,5.63648796081543,0.6000000238418579,Moderate rain,Moderate rain,Burnley_2022-02-08 00:00:00,Turf Moor
11.300000190734863,77.7218017578125,3.0805842876434326,0.0,Moderate drizzle,Moderate drizzle,Tottenham_2022-02-09 00:00:00,Tottenham Hotspur Stadium
10.300000190734863,83.63265991210938,2.912043809890747,0.0,Light drizzle,Light drizzle,Norwich_2022-02-09 00:00:00,Carrow Road
8.899999618530273,73.4027328491211,3.014962673187256,0.0,Light drizzle,Light drizzle,Aston Villa_2022-02-09 00:00:00,Villa Park
5.050000190734863,67.6069107055664,5.300943374633789,0.0,Light drizzle,Light drizzle,Wolves_2022-02-10 00:00:00,Molineux Stadium
5.449999809265137,73.2902603149414,8.561541557312012,0.6000000238418579,Slight snow fall,Slight snow fall,Liverpool_2022-02-10 00:00:00,Anfield
6.650000095367432,64.14257049560547,8.190848350524902,0.0,Light drizzle,Light drizzle,Norwich_2022-02-12 00:00:00,Carrow Road
8.449999809265137,80.84990692138672,7.900000095367432,0.1000000014901161,Slight rain,Slight rain,Everton_2022-02-12 00:00:00,Goodison Park
6.25,70.34945678710938,6.419501304626465,0.0,Overcast,Overcast,Watford_2022-02-12 00:00:00,Vicarage Road
6.550000190734863,70.91529083251953,5.946427345275879,0.0,Overcast,Overcast,Brentford_2022-02-12 00:00:00,Brentford Community Stadium
8.0,90.87434387207033,9.751409530639648,0.699999988079071,Slight rain,Slight rain,Leicester_2022-02-13 00:00:00,King Power Stadium
8.100000381469727,90.56967163085938,8.612199783325195,1.100000023841858,Slight rain,Slight rain,Tottenham_2022-02-13 00:00:00,Tottenham Hotspur Stadium
7.599999904632568,91.16019439697266,4.36806583404541,0.4000000059604645,Slight rain,Slight rain,Newcastle_2022-02-13 00:00:00,St. James' Park
8.203999519348145,93.4137725830078,8.537564277648926,0.699999988079071,Slight rain,Slight rain,Burnley_2022-02-13 00:00:00,Turf Moor
8.850000381469727,79.51569366455078,9.323089599609377,0.0,Slight rain,Slight rain,Arsenal_2022-02-19 00:00:00,Emirates Stadium
8.699999809265137,80.88424682617188,9.323089599609377,0.0,Moderate rain,Moderate rain,Crystal Palace_2022-02-19 00:00:00,Selhurst Park
4.75,78.06121063232422,4.27200174331665,0.0,Moderate snow fall,Moderate snow fall,Liverpool_2022-02-19 00:00:00,Anfield
8.949999809265137,87.88456726074219,11.818629264831545,0.3000000119209289,Slight rain,Slight rain,Brighton_2022-02-19 00:00:00,Falmer Stadium
7.150000095367432,77.06433868408203,9.701545715332031,0.0,Moderate snow fall,Moderate snow fall,Aston Villa_2022-02-19 00:00:00,Villa Park
8.899999618530273,80.35363006591797,9.007774353027344,0.1000000014901161,Slight rain,Slight rain,West Ham_2022-02-19 00:00:00,London Stadium
10.550000190734863,90.13323974609376,11.225417137145996,1.899999976158142,Moderate rain,Moderate rain,Wolves_2022-02-20 00:00:00,Molineux Stadium
8.75,76.25094604492188,5.9405388832092285,0.0,Light drizzle,Light drizzle,Watford_2022-02-23 00:00:00,Vicarage Road
9.449999809265137,75.0526123046875,8.72811508178711,0.0,Slight rain,Slight rain,Liverpool_2022-02-23 00:00:00,Anfield
8.203999519348145,83.6706771850586,9.552486419677734,0.1000000014901161,Moderate rain,Moderate rain,Burnley_2022-02-23 00:00:00,Turf Moor
6.25,45.40989685058594,7.810249805450439,0.0,Moderate rain,Moderate rain,Arsenal_2022-02-24 00:00:00,Emirates Stadium
8.199999809265137,59.820579528808594,4.428318023681641,0.0,Overcast,Overcast,Crystal Palace_2022-02-26 00:00:00,Selhurst Park
8.550000190734863,60.12281799316406,4.162931442260742,0.0,Overcast,Overcast,Brentford_2022-02-26 00:00:00,Brentford Community Stadium
9.899999618530272,60.23995208740234,8.080842018127441,0.0,Overcast,Overcast,Everton_2022-02-26 00:00:00,Goodison Park
7.199999809265137,68.06633758544922,5.597320556640625,0.0,Overcast,Overcast,Brighton_2022-02-26 00:00:00,Falmer Stadium
8.0,60.85737228393555,5.0803542137146,0.0,Partly cloudy,Partly cloudy,West Ham_2022-02-27 00:00:00,London Stadium
7.953999996185303,61.0655632019043,4.785394191741943,0.0,Overcast,Overcast,Burnley_2022-03-01 00:00:00,Turf Moor
6.199999809265137,67.853759765625,7.863841533660889,0.0,Light drizzle,Light drizzle,Leicester_2022-03-05 00:00:00,King Power Stadium
7.449999809265137,52.09891128540039,6.041522979736328,0.0,Light drizzle,Light drizzle,Wolves_2022-03-05 00:00:00,Molineux Stadium
8.649999618530273,47.84333801269531,5.0596442222595215,0.0,Light drizzle,Light drizzle,Liverpool_2022-03-05 00:00:00,Anfield
6.25,72.13660430908203,5.772347927093506,0.0,Light drizzle,Light drizzle,Newcastle_2022-03-05 00:00:00,St. James' Park
5.550000190734863,87.8800048828125,3.996248245239258,0.2000000029802322,Dense drizzle,Dense drizzle,Norwich_2022-03-05 00:00:00,Carrow Road
7.099999904632568,54.15089797973633,7.256721019744873,0.0,Light drizzle,Light drizzle,Aston Villa_2022-03-05 00:00:00,Villa Park
6.654000282287598,59.651309967041016,6.931810855865479,0.0,Partly cloudy,Partly cloudy,Burnley_2022-03-05 00:00:00,Turf Moor
6.150000095367432,58.65884780883789,6.54599142074585,0.0,Overcast,Overcast,Watford_2022-03-06 00:00:00,Vicarage Road
4.949999809265137,61.44716262817383,6.303174018859863,0.0,Overcast,Overcast,Tottenham_2022-03-07 00:00:00,Tottenham Hotspur Stadium
10.899999618530272,70.52657318115234,6.500769138336182,0.0,Light drizzle,Light drizzle,Wolves_2022-03-10 00:00:00,Molineux Stadium
11.850000381469728,67.61675262451172,5.382378578186035,0.0,Overcast,Overcast,Norwich_2022-03-10 00:00:00,Carrow Road
9.899999618530272,75.65161895751953,5.103919982910156,0.0,Slight rain,Slight rain,Brighton_2022-03-12 00:00:00,Falmer Stadium
10.699999809265137,64.60870361328125,6.082762718200684,0.0,Slight rain,Slight rain,Brentford_2022-03-12 00:00:00,Brentford Community Stadium
9.649999618530272,82.417236328125,3.721558809280396,0.0,Light drizzle,Light drizzle,Arsenal_2022-03-13 00:00:00,Emirates Stadium
11.800000190734863,59.2321662902832,4.83735466003418,0.2000000029802322,Moderate drizzle,Moderate drizzle,Everton_2022-03-13 00:00:00,Goodison Park
9.800000190734863,82.15415954589844,3.721558809280396,0.0,Light drizzle,Light drizzle,Chelsea_2022-03-13 00:00:00,Stamford Bridge
9.800000190734863,82.15415954589844,3.522783041000366,0.0,Moderate drizzle,Moderate drizzle,West Ham_2022-03-13 00:00:00,London Stadium
9.699999809265137,79.36517333984375,4.252058506011963,1.0,Dense drizzle,Dense drizzle,Crystal Palace_2022-03-14 00:00:00,Selhurst Park
11.5,92.9562530517578,4.148493766784668,2.5,Moderate rain,Moderate rain,Arsenal_2022-03-16 00:00:00,Emirates Stadium
9.949999809265137,97.35432434082033,4.482186794281006,1.7000000476837158,Slight rain,Slight rain,Brighton_2022-03-16 00:00:00,Falmer Stadium
11.850000381469728,73.4280014038086,5.122499465942383,0.0,Overcast,Overcast,Everton_2022-03-17 00:00:00,Goodison Park
13.800000190734863,57.89338684082031,3.9446165561676025,0.0,Overcast,Overcast,Wolves_2022-03-18 00:00:00,Molineux Stadium
12.300000190734863,51.74135971069336,6.637017250061035,0.0,Clear sky,Clear sky,Aston Villa_2022-03-19 00:00:00,Villa Park
9.949999809265137,46.14793395996094,1.6278821229934692,0.0,Overcast,Overcast,Leicester_2022-03-20 00:00:00,King Power Stadium
10.199999809265137,43.91011428833008,0.5099019408226013,0.0,Partly cloudy,Partly cloudy,Tottenham_2022-03-20 00:00:00,Tottenham Hotspur Stadium
6.75,54.05615997314453,2.860069990158081,0.1000000014901161,Light drizzle,Light drizzle,Wolves_2022-04-02 00:00:00,Molineux Stadium
6.949999809265137,56.96044158935547,3.517101287841797,0.1000000014901161,Slight snow fall,Slight snow fall,Chelsea_2022-04-02 00:00:00,Stamford Bridge
8.149999618530273,49.31006240844727,2.505992889404297,0.0,Light drizzle,Light drizzle,Liverpool_2022-04-02 00:00:00,Anfield
7.050000190734863,46.33306884765625,4.243819236755371,0.0,Light drizzle,Light drizzle,Brighton_2022-04-02 00:00:00,Falmer Stadium
6.104000091552734,60.83360290527344,3.1622774600982666,0.0,Light drizzle,Light drizzle,Burnley_2022-04-02 00:00:00,Turf Moor
8.550000190734863,46.7682991027832,3.36005973815918,0.0,Light drizzle,Light drizzle,Tottenham_2022-04-03 00:00:00,Tottenham Hotspur Stadium
8.899999618530273,44.673038482666016,3.440930128097534,0.0,Light drizzle,Light drizzle,West Ham_2022-04-03 00:00:00,London Stadium
14.100000381469728,76.08920288085938,5.800862312316895,0.0,Slight snow fall,Slight snow fall,Crystal Palace_2022-04-04 00:00:00,Selhurst Park
9.453999519348145,72.23310852050781,8.198780059814453,0.0,Slight snow fall,Slight snow fall,Burnley_2022-04-06 00:00:00,Turf Moor
6.800000190734863,50.40263748168945,5.517245769500732,0.4000000059604645,Slight snow fall,Slight snow fall,Newcastle_2022-04-08 00:00:00,St. James' Park
10.399999618530272,41.6085205078125,4.924428939819336,0.0,Slight snow fall,Slight snow fall,Arsenal_2022-04-09 00:00:00,Emirates Stadium
7.400000095367432,66.18791198730469,6.441273212432861,0.1000000014901161,Light drizzle,Light drizzle,Everton_2022-04-09 00:00:00,Goodison Park
9.699999809265137,45.907073974609375,4.770743846893311,0.0,Moderate drizzle,Moderate drizzle,Watford_2022-04-09 00:00:00,Vicarage Road
8.800000190734863,51.14912414550781,4.973932266235352,0.0,Light drizzle,Light drizzle,Aston Villa_2022-04-09 00:00:00,Villa Park
10.899999618530272,50.80802917480469,2.915476083755493,0.0,Light drizzle,Light drizzle,Leicester_2022-04-10 00:00:00,King Power Stadium
10.649999618530272,52.21923828125,2.8460500240325928,0.0,Overcast,Overcast,Norwich_2022-04-10 00:00:00,Carrow Road
11.050000190734863,50.84946823120117,3.799999952316284,0.0,Overcast,Overcast,Brentford_2022-04-10 00:00:00,Brentford Community Stadium
15.75,55.840782165527344,3.337663650512696,0.0,Overcast,Overcast,Tottenham_2022-04-16 00:00:00,Tottenham Hotspur Stadium
16.600000381469727,53.80867004394531,3.2388269901275635,0.0,Overcast,Overcast,Watford_2022-04-16 00:00:00,Vicarage Road
16.299999237060547,61.768802642822266,4.652956008911133,0.0,Overcast,Overcast,Newcastle_2022-04-17 00:00:00,St. James' Park
16.700000762939453,36.263763427734375,4.390899658203125,0.0,Overcast,Overcast,West Ham_2022-04-17 00:00:00,London Stadium
11.5,65.24047088623047,3.862641572952272,0.0,Light drizzle,Light drizzle,Liverpool_2022-04-19 00:00:00,Anfield
15.850000381469728,49.17155456542969,5.141983985900879,0.0,Overcast,Overcast,Everton_2022-04-20 00:00:00,Goodison Park
15.600000381469728,38.483154296875,5.984145641326904,0.0,Overcast,Overcast,Chelsea_2022-04-20 00:00:00,Stamford Bridge
11.449999809265137,65.9129409790039,3.5693135261535645,0.0,Overcast,Overcast,Newcastle_2022-04-20 00:00:00,St. James' Park
14.15399932861328,58.99071502685547,6.824953556060791,0.0,Overcast,Overcast,Burnley_2022-04-21 00:00:00,Turf Moor
13.25,65.40100860595703,8.94035816192627,0.0,Light drizzle,Light drizzle,Leicester_2022-04-23 00:00:00,King Power Stadium
15.25,55.90460586547852,7.907590866088867,0.0,Light drizzle,Light drizzle,Arsenal_2022-04-23 00:00:00,Emirates Stadium
12.449999809265137,69.15154266357422,7.045566082000732,0.0,Overcast,Overcast,Norwich_2022-04-23 00:00:00,Carrow Road
15.550000190734863,55.78956985473633,7.738862991333008,0.0,Overcast,Overcast,Brentford_2022-04-23 00:00:00,Brentford Community Stadium
15.850000381469728,46.5034065246582,6.020797252655029,0.0,Slight rain,Slight rain,Brighton_2022-04-24 00:00:00,Falmer Stadium
16.75,42.698951721191406,6.184658527374268,0.0,Overcast,Overcast,Chelsea_2022-04-24 00:00:00,Stamford Bridge
14.449999809265137,46.43510055541992,5.571354866027832,0.0,Overcast,Overcast,Liverpool_2022-04-24 00:00:00,Anfield
12.40399932861328,58.14932632446289,5.830951690673828,0.0,Overcast,Overcast,Burnley_2022-04-24 00:00:00,Turf Moor
12.399999618530272,60.42428207397461,3.911521434783936,0.0,Light drizzle,Light drizzle,Crystal Palace_2022-04-25 00:00:00,Selhurst Park
13.350000381469728,54.26406097412109,4.939635753631592,0.0,Slight rain,Slight rain,Newcastle_2022-04-30 00:00:00,St. James' Park
15.850000381469728,41.54829788208008,1.5033296346664429,0.0,Overcast,Overcast,Watford_2022-04-30 00:00:00,Vicarage Road
14.399999618530272,46.25703430175781,3.6359317302703857,0.0,Overcast,Overcast,Wolves_2022-04-30 00:00:00,Molineux Stadium
14.600000381469728,45.021183013916016,3.605551242828369,0.0,Light drizzle,Light drizzle,Aston Villa_2022-04-30 00:00:00,Villa Park
13.800000190734863,72.29812622070312,2.5179357528686523,0.1000000014901161,Moderate drizzle,Moderate drizzle,Everton_2022-05-01 00:00:00,Goodison Park
12.25,69.3487319946289,3.361547470092773,0.0,Light drizzle,Light drizzle,Tottenham_2022-05-01 00:00:00,Tottenham Hotspur Stadium
12.399999618530272,68.90475463867188,3.5846896171569824,0.0,Light drizzle,Light drizzle,West Ham_2022-05-01 00:00:00,London Stadium
16.5,67.89237213134766,4.4418463706970215,0.1000000014901161,Moderate drizzle,Moderate drizzle,Crystal Palace_2022-05-07 00:00:00,Selhurst Park
16.649999618530273,66.80158996582031,4.205948352813721,0.0,Dense drizzle,Dense drizzle,Chelsea_2022-05-07 00:00:00,Stamford Bridge
13.449999809265137,78.576904296875,3.661966562271118,0.0,Overcast,Overcast,Liverpool_2022-05-07 00:00:00,Anfield
17.350000381469727,62.63731384277344,4.341658592224121,0.0,Light drizzle,Light drizzle,Brentford_2022-05-07 00:00:00,Brentford Community Stadium
15.75,80.2229232788086,0.9219544529914856,0.0,Slight rain,Slight rain,Brighton_2022-05-07 00:00:00,Falmer Stadium
13.303999900817873,73.19076538085938,4.5880279541015625,0.0,Light drizzle,Light drizzle,Burnley_2022-05-07 00:00:00,Turf Moor
16.299999237060547,57.13774490356445,1.6278821229934692,0.0,Overcast,Overcast,Leicester_2022-05-08 00:00:00,King Power Stadium
16.649999618530273,51.83091354370117,3.2557642459869385,0.0,Overcast,Overcast,Arsenal_2022-05-08 00:00:00,Emirates Stadium
12.449999809265137,62.57297897338867,2.915476083755493,0.0,Overcast,Overcast,Norwich_2022-05-08 00:00:00,Carrow Road
17.049999237060547,47.32901382446289,7.291776180267334,0.0,Light drizzle,Light drizzle,Aston Villa_2022-05-10 00:00:00,Villa Park
14.0,70.64676666259766,5.977457523345947,0.0,Moderate rain,Moderate rain,Leicester_2022-05-11 00:00:00,King Power Stadium
13.899999618530272,88.32035064697266,4.652956008911133,0.3000000119209289,Moderate rain,Moderate rain,Watford_2022-05-11 00:00:00,Vicarage Road
14.649999618530272,58.30573272705078,6.390618324279785,0.1000000014901161,Moderate rain,Moderate rain,Wolves_2022-05-11 00:00:00,Molineux Stadium
16.200000762939453,49.09736251831055,5.920303821563721,0.0,Overcast,Overcast,Tottenham_2022-05-12 00:00:00,Tottenham Hotspur Stadium
15.75,88.47734069824219,3.046309232711792,2.0,Moderate rain,Moderate rain,Tottenham_2022-05-15 00:00:00,Tottenham Hotspur Stadium
18.850000381469727,61.7408447265625,5.307541847229004,0.0,Dense drizzle,Dense drizzle,Wolves_2022-05-15 00:00:00,Molineux Stadium
15.350000381469728,87.29847717285156,2.7018513679504395,1.600000023841858,Moderate rain,Moderate rain,Watford_2022-05-15 00:00:00,Vicarage Road
18.350000381469727,66.27778625488281,3.671512126922608,0.0,Moderate drizzle,Moderate drizzle,Aston Villa_2022-05-15 00:00:00,Villa Park
20.700000762939453,55.23091506958008,8.14677906036377,0.0,Moderate drizzle,Moderate drizzle,Everton_2022-05-15 00:00:00,Goodison Park
15.699999809265137,88.76081085205078,2.507987260818481,2.200000047683716,Moderate rain,Moderate rain,West Ham_2022-05-15 00:00:00,London Stadium
14.600000381469728,84.9665298461914,0.670820415019989,0.3000000119209289,Slight rain,Slight rain,Newcastle_2022-05-16 00:00:00,St. James' Park
17.049999237060547,52.65325546264648,2.8017852306365967,0.0,Overcast,Overcast,Everton_2022-05-19 00:00:00,Goodison Park
21.100000381469727,38.19015121459961,3.8052594661712646,0.0,Heavy rain,Heavy rain,Chelsea_2022-05-19 00:00:00,Stamford Bridge
17.25,49.72605514526367,3.3421547412872314,0.0,Overcast,Overcast,Aston Villa_2022-05-19 00:00:00,Villa Park
18.89999961853028,60.1369514465332,5.0,0.0,Moderate drizzle,Moderate drizzle,Leicester_2022-05-22 00:00:00,King Power Stadium
19.200000762939453,51.28342056274414,1.5033296346664429,0.0,Overcast,Overcast,Crystal Palace_2022-05-22 00:00:00,Selhurst Park
16.100000381469727,75.91023254394531,3.8288381099700928,0.1000000014901161,Light drizzle,Light drizzle,Liverpool_2022-05-22 00:00:00,Anfield
17.850000381469727,54.13438034057617,5.913543701171875,0.0,Overcast,Overcast,Norwich_2022-05-22 00:00:00,Carrow Road
15.354000091552734,78.08013916015625,5.597320556640625,0.6000000238418579,Moderate drizzle,Moderate drizzle,Burnley_2022-05-22 00:00:00,Turf Moor
19.600000381469727,53.501461029052734,3.785498857498169,0.0,Overcast,Overcast,Arsenal_2022-05-22 00:00:00,Emirates Stadium
17.350000381469727,63.4793586730957,2.340939998626709,0.0,Dense drizzle,Dense drizzle,Brighton_2022-05-22 00:00:00,Falmer Stadium
19.14999961853028,54.65298080444336,2.308679342269897,0.0,Overcast,Overcast,Brentford_2022-05-22 00:00:00,Brentford Community Stadium
19.5,52.7630729675293,2.6076807975769043,0.0,Overcast,Overcast,Chelsea_2022-05-22 00:00:00,Stamford Bridge
20.799999237060547,32.91896438598633,4.404542922973633,0.0,Overcast,Overcast,Crystal Palace_2022-08-05 00:00:00,Selhurst Park
23.100500106811523,28.012359619140625,0.9848857522010804,0.0,Overcast,Overcast,Bournemouth_2022-08-06 00:00:00,Vitality Stadium
18.200000762939453,58.7802734375,6.120457649230957,0.0,Overcast,Overcast,Newcastle_2022-08-06 00:00:00,St. James' Park
22.89999961853028,29.677705764770508,2.915476083755493,0.0,Overcast,Overcast,Tottenham_2022-08-06 00:00:00,Tottenham Hotspur Stadium
17.399999618530273,57.02621078491211,3.5846896171569824,0.0,Light drizzle,Light drizzle,Everton_2022-08-06 00:00:00,Goodison Park
22.600000381469727,40.36139678955078,4.103656768798828,0.0,Overcast,Overcast,Leicester_2022-08-07 00:00:00,King Power Stadium
25.89999961853028,30.414674758911133,2.1954498291015625,0.0,Partly cloudy,Partly cloudy,West Ham_2022-08-07 00:00:00,London Stadium
32.25,20.214221954345703,4.243819236755371,0.0,Overcast,Overcast,Arsenal_2022-08-13 00:00:00,Emirates Stadium
30.299999237060547,30.810449600219727,2.630589008331299,0.0,Overcast,Overcast,Wolves_2022-08-13 00:00:00,Molineux Stadium
32.20000076293945,21.19520568847656,3.982461452484131,0.0,Overcast,Overcast,Brentford_2022-08-13 00:00:00,Brentford Community Stadium
28.89999961853028,28.34895896911621,3.8288381099700928,0.0,Overcast,Overcast,Brighton_2022-08-13 00:00:00,Falmer Stadium
31.0,26.250532150268555,1.8027756214141848,0.0,Overcast,Overcast,Aston Villa_2022-08-13 00:00:00,Villa Park
30.700000762939453,24.5417423248291,4.393176555633545,0.0,Overcast,Overcast,Chelsea_2022-08-14 00:00:00,Stamford Bridge
19.299999237060547,77.41192626953125,2.6419689655303955,0.2000000029802322,Moderate drizzle,Moderate drizzle,Liverpool_2022-08-15 00:00:00,Anfield
22.799999237060547,42.22940444946289,6.896376132965088,0.0,Light drizzle,Light drizzle,Leicester_2022-08-20 00:00:00,King Power Stadium
22.89999961853028,44.13981628417969,4.860041618347168,0.0,Overcast,Overcast,Tottenham_2022-08-20 00:00:00,Tottenham Hotspur Stadium
22.89999961853028,43.55292510986328,5.131276607513428,0.0,Overcast,Overcast,Crystal Palace_2022-08-20 00:00:00,Selhurst Park
20.100500106811523,64.5100326538086,7.738862991333008,0.1000000014901161,Light drizzle,Light drizzle,Bournemouth_2022-08-20 00:00:00,Vitality Stadium
20.049999237060547,55.802730560302734,8.450444221496582,0.2000000029802322,Slight rain,Slight rain,Everton_2022-08-20 00:00:00,Goodison Park
18.89999961853028,47.19277572631836,4.0199503898620605,0.0,Overcast,Overcast,Newcastle_2022-08-21 00:00:00,St. James' Park
23.299999237060547,45.59619522094727,0.3605551421642303,0.0,Overcast,Overcast,West Ham_2022-08-21 00:00:00,London Stadium
23.25,39.73307800292969,1.931320786476136,0.0,Light drizzle,Light drizzle,Arsenal_2022-08-27 00:00:00,Emirates Stadium
23.200000762939453,40.5312385559082,2.118962049484253,0.0,Light drizzle,Light drizzle,Chelsea_2022-08-27 00:00:00,Stamford Bridge
22.950000762939453,42.9869270324707,2.996665000915528,0.0,Light drizzle,Light drizzle,Brentford_2022-08-27 00:00:00,Brentford Community Stadium
19.049999237060547,73.71881866455078,3.264965534210205,0.0,Dense drizzle,Dense drizzle,Brighton_2022-08-27 00:00:00,Falmer Stadium
18.5,58.46145248413086,3.982461452484131,0.0,Light drizzle,Light drizzle,Liverpool_2022-08-27 00:00:00,Anfield
20.89999961853028,52.42703628540039,2.473863363265991,0.0,Light drizzle,Light drizzle,Wolves_2022-08-28 00:00:00,Molineux Stadium
21.5,46.95393753051758,2.8635640144348145,0.0,Light drizzle,Light drizzle,Aston Villa_2022-08-28 00:00:00,Villa Park
22.39999961853028,47.99196243286133,5.303772449493408,0.0,Overcast,Overcast,Crystal Palace_2022-08-30 00:00:00,Selhurst Park
22.65049934387207,46.79975128173828,4.83735466003418,0.0,Light drizzle,Light drizzle,Bournemouth_2022-08-31 00:00:00,Vitality Stadium
21.89999961853028,43.1270751953125,6.083584308624268,0.0,Light drizzle,Light drizzle,Arsenal_2022-08-31 00:00:00,Emirates Stadium
20.950000762939453,47.11880493164063,4.780167579650879,0.0,Overcast,Overcast,Liverpool_2022-08-31 00:00:00,Anfield
21.850000381469727,44.44158554077149,5.818075656890869,0.0,Light drizzle,Light drizzle,West Ham_2022-08-31 00:00:00,London Stadium
21.39999961853028,49.01336669921875,5.280151844024658,0.0,Overcast,Overcast,Leicester_2022-09-01 00:00:00,King Power Stadium
22.64999961853028,55.539981842041016,4.45982027053833,0.0,Light drizzle,Light drizzle,Tottenham_2022-09-03 00:00:00,Tottenham Hotspur Stadium
19.39999961853028,70.28353881835938,4.63249397277832,0.0,Light drizzle,Light drizzle,Wolves_2022-09-03 00:00:00,Molineux Stadium
21.850000381469727,64.47196960449219,5.546169757843018,0.0,Moderate drizzle,Moderate drizzle,Chelsea_2022-09-03 00:00:00,Stamford Bridge
21.700000762939453,64.85616302490234,4.939635753631592,0.0,Light drizzle,Light drizzle,Brentford_2022-09-03 00:00:00,Brentford Community Stadium
19.14999961853028,79.14757537841797,6.395310401916504,0.0,Dense drizzle,Dense drizzle,Newcastle_2022-09-03 00:00:00,St. James' Park
19.89999961853028,67.6946029663086,4.527692794799805,0.0,Light drizzle,Light drizzle,Aston Villa_2022-09-03 00:00:00,Villa Park
20.549999237060547,62.741817474365234,6.360031127929688,0.0,Light drizzle,Light drizzle,Everton_2022-09-03 00:00:00,Goodison Park
20.950000762939453,69.4537582397461,3.560898780822754,0.0,Overcast,Overcast,Brighton_2022-09-04 00:00:00,Falmer Stadium
13.850000381469728,45.77421569824219,6.236184597015381,0.0,Light drizzle,Light drizzle,Aston Villa_2022-09-16 00:00:00,Villa Park
15.149999618530272,48.46713638305664,5.531726360321045,0.0,Light drizzle,Light drizzle,Newcastle_2022-09-17 00:00:00,St. James' Park
14.050000190734863,54.63789749145508,4.565084934234619,0.0,Overcast,Overcast,Wolves_2022-09-17 00:00:00,Molineux Stadium
15.75,42.26144409179688,4.973932266235352,0.0,Partly cloudy,Partly cloudy,Tottenham_2022-09-17 00:00:00,Tottenham Hotspur Stadium
13.949999809265137,83.77963256835938,5.672741889953613,0.6000000238418579,Moderate drizzle,Moderate drizzle,Everton_2022-09-18 00:00:00,Goodison Park
16.899999618530273,50.66583251953125,5.300943374633789,0.0,Overcast,Overcast,Brentford_2022-09-18 00:00:00,Brentford Community Stadium
17.850000381469727,55.80661010742188,5.651548385620117,0.0,Overcast,Overcast,Arsenal_2022-10-01 00:00:00,Emirates Stadium
17.75,57.49946594238281,5.885575771331787,0.0,Light drizzle,Light drizzle,Crystal Palace_2022-10-01 00:00:00,Selhurst Park
15.199999809265137,69.4665756225586,7.9429216384887695,0.1000000014901161,Light drizzle,Light drizzle,Liverpool_2022-10-01 00:00:00,Anfield
17.40049934387207,64.55706024169922,6.649060249328613,0.0,Moderate drizzle,Moderate drizzle,Bournemouth_2022-10-01 00:00:00,Vitality Stadium
18.049999237060547,54.92344665527344,5.360037326812744,0.0,Light drizzle,Light drizzle,West Ham_2022-10-01 00:00:00,London Stadium
16.299999237060547,65.40154266357422,4.220189571380615,0.0,Overcast,Overcast,Leicester_2022-10-03 00:00:00,King Power Stadium
14.350500106811523,62.79726409912109,4.101219654083252,0.0,Overcast,Overcast,Bournemouth_2022-10-08 00:00:00,Vitality Stadium
13.25,68.60755920410156,4.570558071136475,0.0,Overcast,Overcast,Newcastle_2022-10-08 00:00:00,St. James' Park
13.600000381469728,66.83311462402344,4.167733192443848,0.0,Overcast,Overcast,Brighton_2022-10-08 00:00:00,Falmer Stadium
15.649999618530272,47.598724365234375,3.125699758529663,0.0,Overcast,Overcast,Chelsea_2022-10-08 00:00:00,Stamford Bridge
15.600000381469728,57.156986236572266,4.237924098968506,0.0,Overcast,Overcast,Arsenal_2022-10-09 00:00:00,Emirates Stadium
15.399999618530272,65.64693450927734,7.500666618347168,0.0,Slight rain,Slight rain,Everton_2022-10-09 00:00:00,Goodison Park
15.25,57.85691833496094,4.346262454986572,0.0,Overcast,Overcast,Crystal Palace_2022-10-09 00:00:00,Selhurst Park
15.800000190734863,56.2374153137207,4.031128883361816,0.0,Overcast,Overcast,West Ham_2022-10-09 00:00:00,London Stadium
13.800000190734863,92.46977996826172,2.915475845336914,0.4000000059604645,Light drizzle,Light drizzle,Brentford_2022-10-14 00:00:00,Brentford Community Stadium
13.399999618530272,59.83203125,7.128113269805908,0.0,Moderate drizzle,Moderate drizzle,Leicester_2022-10-15 00:00:00,King Power Stadium
15.100000381469728,62.54288101196289,7.218033313751221,0.0,Light drizzle,Light drizzle,Tottenham_2022-10-15 00:00:00,Tottenham Hotspur Stadium
13.050000190734863,58.31095123291016,6.84762716293335,0.0,Slight rain,Slight rain,Wolves_2022-10-15 00:00:00,Molineux Stadium
13.5,71.7554931640625,3.58050274848938,0.0,Slight rain,Slight rain,Aston Villa_2022-10-16 00:00:00,Villa Park
12.149999618530272,65.610595703125,3.90512490272522,0.0,Slight rain,Slight rain,Liverpool_2022-10-16 00:00:00,Anfield
16.450000762939453,76.21723175048828,4.512205600738525,0.0,Overcast,Overcast,Brighton_2022-10-18 00:00:00,Falmer Stadium
15.600000381469728,64.37516021728516,3.522783041000366,0.0,Overcast,Overcast,Crystal Palace_2022-10-18 00:00:00,Selhurst Park
16.65049934387207,83.27397918701172,9.100000381469728,0.1000000014901161,Slight rain,Slight rain,Bournemouth_2022-10-19 00:00:00,Vitality Stadium
11.5,78.01799011230469,6.016643524169922,0.0,Light drizzle,Light drizzle,Newcastle_2022-10-19 00:00:00,St. James' Park
14.449999809265137,81.92086791992188,7.611832618713379,0.0,Moderate drizzle,Moderate drizzle,Brentford_2022-10-19 00:00:00,Brentford Community Stadium
13.550000190734863,74.229736328125,7.741446495056152,0.0,Slight rain,Slight rain,Liverpool_2022-10-19 00:00:00,Anfield
13.399999618530272,89.74714660644531,3.3120992183685303,0.0,Moderate rain,Moderate rain,Leicester_2022-10-20 00:00:00,King Power Stadium
15.550000190734863,71.89640808105469,5.0,0.0,Light drizzle,Light drizzle,Everton_2022-10-22 00:00:00,Goodison Park
16.200000762939453,77.95073699951172,3.0066592693328857,0.0,Overcast,Overcast,Chelsea_2022-10-22 00:00:00,Stamford Bridge
16.700000762939453,86.57935333251953,5.6921000480651855,0.0,Slight rain,Slight rain,Tottenham_2022-10-23 00:00:00,Tottenham Hotspur Stadium
14.899999618530272,76.47298431396484,1.702938675880432,0.0,Slight rain,Slight rain,Wolves_2022-10-23 00:00:00,Molineux Stadium
14.75,87.81626892089844,2.102379560470581,0.0,Moderate rain,Moderate rain,Aston Villa_2022-10-23 00:00:00,Villa Park
14.649999618530272,75.4205551147461,6.466064929962158,0.1000000014901161,Light drizzle,Light drizzle,West Ham_2022-10-24 00:00:00,London Stadium
18.64999961853028,79.58666229248047,6.319810390472412,0.0,Slight rain,Slight rain,Leicester_2022-10-29 00:00:00,King Power Stadium
19.39999961853028,76.68513488769531,3.3015148639678955,0.0,Dense drizzle,Dense drizzle,Crystal Palace_2022-10-29 00:00:00,Selhurst Park
19.549999237060547,77.94770050048828,3.811823606491089,0.0,Slight rain,Slight rain,Brentford_2022-10-29 00:00:00,Brentford Community Stadium
12.800000190734863,94.2605438232422,2.5455844402313232,0.0,Slight rain,Slight rain,Newcastle_2022-10-29 00:00:00,St. James' Park
17.649999618530273,84.74419403076172,3.623534440994263,0.0,Light drizzle,Light drizzle,Brighton_2022-10-29 00:00:00,Falmer Stadium
17.20050048828125,83.33869934082031,7.324615955352783,0.0,Moderate rain,Moderate rain,Bournemouth_2022-10-29 00:00:00,Vitality Stadium
16.399999618530273,87.96160888671875,5.758472442626953,0.4000000059604645,Slight rain,Slight rain,Liverpool_2022-10-29 00:00:00,Anfield
15.0,79.32891082763672,5.323532581329346,0.0,Moderate drizzle,Moderate drizzle,Arsenal_2022-10-30 00:00:00,Emirates Stadium
11.300000190734863,87.21006774902344,3.721558809280396,0.2000000029802322,Dense drizzle,Dense drizzle,Everton_2022-11-05 00:00:00,Goodison Park
12.699999809265137,88.21684265136719,6.315853118896484,0.0,Moderate drizzle,Moderate drizzle,Wolves_2022-11-05 00:00:00,Molineux Stadium
12.25,84.14347839355469,6.711929798126221,0.0,Moderate rain,Moderate rain,Tottenham_2022-11-06 00:00:00,Tottenham Hotspur Stadium
12.300000190734863,82.1944808959961,6.685057640075684,0.0,Moderate rain,Moderate rain,Chelsea_2022-11-06 00:00:00,Stamford Bridge
10.199999809265137,85.93014526367188,6.082762718200684,0.0,Moderate drizzle,Moderate drizzle,Aston Villa_2022-11-06 00:00:00,Villa Park
12.5,82.2198486328125,6.711929798126221,0.0,Moderate rain,Moderate rain,West Ham_2022-11-06 00:00:00,London Stadium
14.900500297546388,86.68754577636719,5.517245769500732,0.0,Overcast,Overcast,Bournemouth_2022-11-12 00:00:00,Vitality Stadium
13.350000381469728,92.7487564086914,2.969848155975342,0.0,Overcast,Overcast,Tottenham_2022-11-12 00:00:00,Tottenham Hotspur Stadium
13.350000381469728,86.53677368164062,4.420407295227051,0.0,Overcast,Overcast,Wolves_2022-11-12 00:00:00,Molineux Stadium
12.699999809265137,85.6123046875,4.920365810394287,0.0,Overcast,Overcast,Liverpool_2022-11-12 00:00:00,Anfield
10.600000381469728,87.14385223388672,2.9732136726379395,0.0,Overcast,Overcast,Newcastle_2022-11-12 00:00:00,St. James' Park
13.449999809265137,91.84408569335938,2.334523677825928,0.0,Overcast,Overcast,West Ham_2022-11-12 00:00:00,London Stadium
11.899999618530272,96.75209045410156,2.745906114578247,0.0,Overcast,Overcast,Brighton_2022-11-13 00:00:00,Falmer Stadium
4.550000190734863,78.59254455566406,5.907622337341309,0.0,Light drizzle,Light drizzle,Leicester_2022-12-26 00:00:00,King Power Stadium
5.400000095367432,78.72286987304688,5.522680282592773,0.0,Overcast,Overcast,Arsenal_2022-12-26 00:00:00,Emirates Stadium
5.349999904632568,78.7152328491211,5.215362071990967,0.0,Overcast,Overcast,Crystal Palace_2022-12-26 00:00:00,Selhurst Park
5.599999904632568,78.4733657836914,4.939635276794434,0.0,Overcast,Overcast,Brentford_2022-12-26 00:00:00,Brentford Community Stadium
4.25,79.39881134033203,4.770743846893311,0.0,Light drizzle,Light drizzle,Aston Villa_2022-12-26 00:00:00,Villa Park
5.150000095367432,77.84492492675781,7.354589939117432,0.3000000119209289,Moderate snow fall,Moderate snow fall,Everton_2022-12-26 00:00:00,Goodison Park
8.899999618530273,85.50054168701172,7.156116008758545,0.3000000119209289,Moderate drizzle,Moderate drizzle,Chelsea_2022-12-27 00:00:00,Stamford Bridge
9.550000190734863,74.55020904541016,7.6850504875183105,0.0,Light drizzle,Light drizzle,Liverpool_2022-12-30 00:00:00,Anfield
12.199999809265137,87.29447174072266,8.486459732055664,0.0,Slight rain,Slight rain,West Ham_2022-12-30 00:00:00,London Stadium
12.500499725341797,87.0318374633789,11.720067977905272,0.699999988079071,Slight rain,Slight rain,Bournemouth_2022-12-31 00:00:00,Vitality Stadium
6.5,94.95679473876952,2.5317976474761963,0.699999988079071,Moderate rain,Moderate rain,Newcastle_2022-12-31 00:00:00,St. James' Park
12.75,80.88378143310547,12.061509132385254,0.2000000029802322,Moderate rain,Moderate rain,Brighton_2022-12-31 00:00:00,Falmer Stadium
10.350000381469728,94.1521453857422,4.80832576751709,0.4000000059604645,Moderate drizzle,Moderate drizzle,Wolves_2022-12-31 00:00:00,Molineux Stadium
10.199999809265137,85.93014526367188,4.904079914093018,0.1000000014901161,Slight rain,Slight rain,Tottenham_2023-01-01 00:00:00,Tottenham Hotspur Stadium
4.25,90.9297103881836,2.1470909118652344,0.0,Light drizzle,Light drizzle,Brentford_2023-01-02 00:00:00,Brentford Community Stadium
10.050000190734863,88.8834457397461,9.920181274414062,0.0,Dense drizzle,Dense drizzle,Leicester_2023-01-03 00:00:00,King Power Stadium
10.399999618530272,88.91246032714844,8.70919132232666,0.1000000014901161,Moderate drizzle,Moderate drizzle,Arsenal_2023-01-03 00:00:00,Emirates Stadium
10.0,88.57828521728516,8.256512641906738,0.1000000014901161,Slight rain,Slight rain,Everton_2023-01-03 00:00:00,Goodison Park
11.850000381469728,81.03515625,8.325862884521484,0.0,Dense drizzle,Dense drizzle,Crystal Palace_2023-01-04 00:00:00,Selhurst Park
10.449999809265137,81.6781005859375,6.484597206115723,0.0,Moderate drizzle,Moderate drizzle,Aston Villa_2023-01-04 00:00:00,Villa Park
11.25,87.7942123413086,6.095900058746338,0.0,Light drizzle,Light drizzle,Chelsea_2023-01-05 00:00:00,Stamford Bridge
6.650000095367432,73.24964904785156,6.846897125244141,0.0,Light drizzle,Light drizzle,Aston Villa_2023-01-13 00:00:00,Villa Park
5.75,71.78251647949219,10.80601692199707,0.0,Slight rain,Slight rain,Everton_2023-01-14 00:00:00,Goodison Park
9.449999809265137,87.3316421508789,7.910120010375977,0.3000000119209289,Moderate rain,Moderate rain,Brighton_2023-01-14 00:00:00,Falmer Stadium
9.199999809265137,74.48890686035156,6.905070781707764,0.0,Slight rain,Slight rain,Brentford_2023-01-14 00:00:00,Brentford Community Stadium
5.150000095367432,73.23468017578125,7.569015979766846,0.0,Slight rain,Slight rain,Wolves_2023-01-14 00:00:00,Molineux Stadium
3.900000095367432,81.66539764404297,3.0066592693328857,0.0,Moderate drizzle,Moderate drizzle,Newcastle_2023-01-15 00:00:00,St. James' Park
5.699999809265137,75.46812438964844,4.341658592224121,0.0,Overcast,Overcast,Chelsea_2023-01-15 00:00:00,Stamford Bridge
5.650000095367432,75.19000244140625,4.254409313201904,0.0,Overcast,Overcast,Tottenham_2023-01-15 00:00:00,Tottenham Hotspur Stadium
1.899999976158142,81.39303588867188,3.3541018962860107,0.0,Overcast,Overcast,Crystal Palace_2023-01-18 00:00:00,Selhurst Park
-0.8500000238418579,86.94869232177734,2.5632011890411377,0.0,Overcast,Overcast,Leicester_2023-01-21 00:00:00,King Power Stadium
4.400000095367432,81.14921569824219,1.345362424850464,0.0,Overcast,Overcast,Crystal Palace_2023-01-21 00:00:00,Selhurst Park
1.950000047683716,82.89876556396484,5.1623640060424805,0.0,Overcast,Overcast,Liverpool_2023-01-21 00:00:00,Anfield
3.9005002975463854,81.37236022949219,2.0024983882904053,0.0,Partly cloudy,Partly cloudy,Bournemouth_2023-01-21 00:00:00,Vitality Stadium
2.799999952316284,87.93972778320312,2.0124611854553223,0.0,Overcast,Overcast,West Ham_2023-01-21 00:00:00,London Stadium
0.2000000029802322,90.30779266357422,1.104536056518555,0.0,Overcast,Overcast,Arsenal_2023-01-22 00:00:00,Emirates Stadium
11.399999618530272,78.26876831054688,3.801315546035767,0.0,Overcast,Overcast,Chelsea_2023-02-03 00:00:00,Stamford Bridge
8.649999618530273,81.43972778320312,3.3421547412872314,0.0,Light drizzle,Light drizzle,Wolves_2023-02-04 00:00:00,Molineux Stadium
8.899999618530273,73.91786193847656,2.061552762985229,0.0,Light drizzle,Light drizzle,Brentford_2023-02-04 00:00:00,Brentford Community Stadium
9.699999809265137,71.03030395507812,3.2802438735961914,0.0,Light drizzle,Light drizzle,Newcastle_2023-02-04 00:00:00,St. James' Park
8.699999809265137,69.10968780517578,2.4020824432373047,0.0,Overcast,Overcast,Brighton_2023-02-04 00:00:00,Falmer Stadium
8.0,84.22859191894531,3.820994377136232,0.0,Light drizzle,Light drizzle,Aston Villa_2023-02-04 00:00:00,Villa Park
9.300000190734863,81.52631378173828,3.820994377136232,0.0,Moderate drizzle,Moderate drizzle,Everton_2023-02-04 00:00:00,Goodison Park
7.300000190734863,66.40337371826172,2.6076807975769043,0.0,Overcast,Overcast,Tottenham_2023-02-05 00:00:00,Tottenham Hotspur Stadium
9.350000381469728,75.03540802001953,2.158703088760376,0.0,Overcast,Overcast,Leicester_2023-02-11 00:00:00,King Power Stadium
10.149999618530272,72.11273193359375,0.9055384993553162,0.0,Overcast,Overcast,Arsenal_2023-02-11 00:00:00,Emirates Stadium
9.800000190734863,75.37336730957031,0.8246211409568787,0.0,Overcast,Overcast,Crystal Palace_2023-02-11 00:00:00,Selhurst Park
9.600500106811523,84.99192810058594,1.7691805362701416,0.0,Overcast,Overcast,Bournemouth_2023-02-11 00:00:00,Vitality Stadium
10.199999809265137,73.8929214477539,0.800000011920929,0.0,Overcast,Overcast,West Ham_2023-02-11 00:00:00,London Stadium
8.899999618530273,75.48250579833984,3.920459032058716,0.0,Overcast,Overcast,Liverpool_2023-02-13 00:00:00,Anfield
11.550000190734863,68.2581558227539,5.19711446762085,0.0,Overcast,Overcast,Arsenal_2023-02-15 00:00:00,Emirates Stadium
11.050000190734863,84.00534057617188,5.403702735900879,0.3000000119209289,Light drizzle,Light drizzle,Wolves_2023-02-18 00:00:00,Molineux Stadium
12.149999618530272,87.28980255126953,5.923681259155273,0.1000000014901161,Light drizzle,Light drizzle,Chelsea_2023-02-18 00:00:00,Stamford Bridge
12.149999618530272,87.28980255126953,5.630275726318359,0.2000000029802322,Light drizzle,Light drizzle,Brentford_2023-02-18 00:00:00,Brentford Community Stadium
7.400000095367432,86.53372955322266,1.3038405179977417,0.3000000119209289,Slight rain,Slight rain,Newcastle_2023-02-18 00:00:00,St. James' Park
9.949999809265137,92.8726577758789,8.062257766723633,0.0,Light drizzle,Light drizzle,Brighton_2023-02-18 00:00:00,Falmer Stadium
11.800000190734863,81.02843475341797,5.614267349243164,0.1000000014901161,Light drizzle,Light drizzle,Aston Villa_2023-02-18 00:00:00,Villa Park
10.899999618530272,75.55931854248047,6.768308162689209,0.0,Light drizzle,Light drizzle,Everton_2023-02-18 00:00:00,Goodison Park
11.399999618530272,65.2182846069336,3.224903106689453,0.0,Overcast,Overcast,Tottenham_2023-02-19 00:00:00,Tottenham Hotspur Stadium
5.650000095367432,65.55990600585938,6.888396263122559,0.0,Overcast,Overcast,Leicester_2023-02-25 00:00:00,King Power Stadium
6.550000190734863,60.281036376953125,6.55133581161499,0.0,Overcast,Overcast,Crystal Palace_2023-02-25 00:00:00,Selhurst Park
6.80049991607666,61.22653198242188,6.312685489654541,0.0,Overcast,Overcast,Bournemouth_2023-02-25 00:00:00,Vitality Stadium
6.5,59.61270523071289,5.590169906616211,0.0,Overcast,Overcast,Everton_2023-02-25 00:00:00,Goodison Park
6.75,59.45835113525391,6.760177612304688,0.0,Overcast,Overcast,West Ham_2023-02-25 00:00:00,London Stadium
6.300000190734863,53.93400573730469,5.162363529205322,0.0,Overcast,Overcast,Tottenham_2023-02-26 00:00:00,Tottenham Hotspur Stadium
7.199999809265137,73.61121368408203,4.940647602081299,0.1000000014901161,Light drizzle,Light drizzle,Arsenal_2023-03-01 00:00:00,Emirates Stadium
8.300000190734863,64.06236267089844,5.110772609710693,0.0,Light drizzle,Light drizzle,Liverpool_2023-03-01 00:00:00,Anfield
6.550000190734863,62.9686279296875,3.1144821643829346,0.0,Overcast,Overcast,Arsenal_2023-03-04 00:00:00,Emirates Stadium
4.699999809265137,65.3449478149414,2.886173963546753,0.0,Overcast,Overcast,Wolves_2023-03-04 00:00:00,Molineux Stadium
6.5,63.415016174316406,3.0066592693328857,0.0,Overcast,Overcast,Chelsea_2023-03-04 00:00:00,Stamford Bridge
6.400000095367432,68.14118957519531,3.2557642459869385,0.0,Light drizzle,Light drizzle,Brighton_2023-03-04 00:00:00,Falmer Stadium
4.849999904632568,63.95758438110352,2.751363039016724,0.0,Overcast,Overcast,Aston Villa_2023-03-04 00:00:00,Villa Park
6.050000190734863,78.82176971435547,4.201189994812012,0.0,Light drizzle,Light drizzle,Liverpool_2023-03-05 00:00:00,Anfield
7.5,76.85006713867188,5.141983985900879,0.1000000014901161,Light drizzle,Light drizzle,Brentford_2023-03-06 00:00:00,Brentford Community Stadium
5.25,61.52049255371094,3.1906113624572754,0.0,Light drizzle,Light drizzle,Leicester_2023-03-11 00:00:00,King Power Stadium
6.699999809265137,51.69930648803711,3.5846896171569824,0.0,Slight snow fall,Slight snow fall,Tottenham_2023-03-11 00:00:00,Tottenham Hotspur Stadium
6.25,54.52165603637695,4.522167682647705,0.0,Moderate drizzle,Moderate drizzle,Crystal Palace_2023-03-11 00:00:00,Selhurst Park
6.100500106811523,86.09961700439453,5.724508285522461,0.2000000029802322,Light drizzle,Light drizzle,Bournemouth_2023-03-11 00:00:00,Vitality Stadium
2.5,93.4485321044922,5.408327102661133,1.100000023841858,Slight snow fall,Slight snow fall,Everton_2023-03-11 00:00:00,Goodison Park
10.550000190734863,74.21074676513672,5.2801513671875,0.1000000014901161,Heavy snow fall,Heavy snow fall,Newcastle_2023-03-12 00:00:00,St. James' Park
11.949999809265137,75.9931869506836,7.496665954589844,0.0,Moderate drizzle,Moderate drizzle,West Ham_2023-03-12 00:00:00,London Stadium
7.5,86.84454345703125,4.687216758728027,0.3000000119209289,Slight rain,Slight rain,Brighton_2023-03-15 00:00:00,Falmer Stadium
13.0,71.90543365478516,2.817800521850586,0.2000000029802322,Slight rain,Slight rain,Brentford_2023-03-18 00:00:00,Brentford Community Stadium
10.300000190734863,89.50762939453125,3.036445379257202,1.899999976158142,Slight rain,Slight rain,Wolves_2023-03-18 00:00:00,Molineux Stadium
13.050000190734863,68.099853515625,3.00832200050354,0.2000000029802322,Slight rain,Slight rain,Chelsea_2023-03-18 00:00:00,Stamford Bridge
12.0,76.00143432617188,3.220248222351074,0.1000000014901161,Slight rain,Slight rain,Aston Villa_2023-03-18 00:00:00,Villa Park
10.449999809265137,59.10577774047852,3.0265491008758545,0.0,Light drizzle,Light drizzle,Arsenal_2023-03-19 00:00:00,Emirates Stadium
11.199999809265137,67.24604797363281,5.894064426422119,0.1000000014901161,Light drizzle,Light drizzle,Arsenal_2023-04-01 00:00:00,Emirates Stadium
11.300000190734863,68.44288635253906,5.604462623596191,0.1000000014901161,Light drizzle,Light drizzle,Crystal Palace_2023-04-01 00:00:00,Selhurst Park
11.5,67.30968475341797,5.894064426422119,0.2000000029802322,Light drizzle,Light drizzle,Chelsea_2023-04-01 00:00:00,Stamford Bridge
11.5,70.40093231201172,5.440587997436523,0.1000000014901161,Slight rain,Slight rain,Brighton_2023-04-01 00:00:00,Falmer Stadium
12.400500297546388,72.28456115722656,4.83735466003418,0.1000000014901161,Moderate drizzle,Moderate drizzle,Bournemouth_2023-04-01 00:00:00,Vitality Stadium
7.449999809265137,65.02330017089844,3.3060550689697266,0.0,Light drizzle,Light drizzle,Newcastle_2023-04-02 00:00:00,St. James' Park
11.350000381469728,44.084564208984375,4.686149597167969,0.0,Overcast,Overcast,West Ham_2023-04-02 00:00:00,London Stadium
10.149999618530272,59.66306686401367,5.161395072937012,0.0,Overcast,Overcast,Everton_2023-04-03 00:00:00,Goodison Park
9.30049991607666,64.97765350341797,3.130495071411133,0.0,Overcast,Overcast,Bournemouth_2023-04-04 00:00:00,Vitality Stadium
12.5,52.90707778930664,0.948683261871338,0.0,Overcast,Overcast,Chelsea_2023-04-04 00:00:00,Stamford Bridge
11.449999809265137,57.097686767578125,2.745906114578247,0.0,Overcast,Overcast,Leicester_2023-04-04 00:00:00,King Power Stadium
10.949999809265137,62.22153854370117,3.1144821643829346,0.0,Light drizzle,Light drizzle,West Ham_2023-04-05 00:00:00,London Stadium
13.199999809265137,48.78069305419922,2.0,0.0,Overcast,Overcast,Leicester_2023-04-08 00:00:00,King Power Stadium
12.75,55.6474838256836,2.420743703842163,0.0,Overcast,Overcast,Tottenham_2023-04-08 00:00:00,Tottenham Hotspur Stadium
13.300000190734863,47.61054992675781,2.5317976474761963,0.0,Overcast,Overcast,Wolves_2023-04-08 00:00:00,Molineux Stadium
13.649999618530272,51.92470169067383,2.6000001430511475,0.0,Overcast,Overcast,Brentford_2023-04-08 00:00:00,Brentford Community Stadium
13.399999618530272,47.46975326538086,2.459674835205078,0.0,Overcast,Overcast,Aston Villa_2023-04-08 00:00:00,Villa Park
13.75,63.09015655517578,6.174139499664307,0.0,Overcast,Overcast,Liverpool_2023-04-09 00:00:00,Anfield
13.050000190734863,59.12761306762695,3.4885528087615967,0.1000000014901161,Light drizzle,Light drizzle,Tottenham_2023-04-15 00:00:00,Tottenham Hotspur Stadium
12.100000381469728,62.0581283569336,1.1661903858184814,0.0,Light drizzle,Light drizzle,Wolves_2023-04-15 00:00:00,Molineux Stadium
14.199999809265137,53.54734802246094,2.404162883758545,0.0,Light drizzle,Light drizzle,Chelsea_2023-04-15 00:00:00,Stamford Bridge
12.5,59.8203239440918,1.0770329236984253,0.0,Light drizzle,Light drizzle,Aston Villa_2023-04-15 00:00:00,Villa Park
13.350000381469728,55.028690338134766,1.4560219049453735,0.0,Overcast,Overcast,Everton_2023-04-15 00:00:00,Goodison Park
14.300000190734863,53.94797897338867,2.807133674621582,0.0,Overcast,Overcast,West Ham_2023-04-16 00:00:00,London Stadium
10.5,67.096923828125,3.981205940246582,1.7999999523162842,Slight rain,Slight rain,Arsenal_2023-04-21 00:00:00,Emirates Stadium
11.949999809265137,55.43928909301758,4.390899658203125,0.0,Dense drizzle,Dense drizzle,Leicester_2023-04-22 00:00:00,King Power Stadium
12.899999618530272,57.46636962890625,3.400000095367432,0.0,Overcast,Overcast,Crystal Palace_2023-04-22 00:00:00,Selhurst Park
13.100000381469728,57.31682205200195,3.4132096767425537,0.0,Light drizzle,Light drizzle,Brentford_2023-04-22 00:00:00,Brentford Community Stadium
10.399999618530272,74.44087982177734,2.4186770915985107,0.1000000014901161,Slight rain,Slight rain,Liverpool_2023-04-22 00:00:00,Anfield
10.20050048828125,80.53504180908203,5.700877189636231,0.4000000059604645,Slight rain,Slight rain,Bournemouth_2023-04-23 00:00:00,Vitality Stadium
9.100000381469728,81.78137969970703,6.942622184753418,0.4000000059604645,Moderate drizzle,Moderate drizzle,Newcastle_2023-04-23 00:00:00,St. James' Park
9.199999809265137,47.4755744934082,1.2999999523162842,0.0,Overcast,Overcast,Wolves_2023-04-25 00:00:00,Molineux Stadium
9.199999809265137,47.12841796875,1.1313709020614624,0.0,Overcast,Overcast,Aston Villa_2023-04-25 00:00:00,Villa Park
11.199999809265137,56.03263854980469,2.523885726928711,0.0,Overcast,Overcast,Chelsea_2023-04-26 00:00:00,Stamford Bridge
10.850000381469728,53.98370361328125,2.420743703842163,0.0,Overcast,Overcast,West Ham_2023-04-26 00:00:00,London Stadium
10.0,84.45765686035156,4.36806583404541,1.600000023841858,Moderate rain,Moderate rain,Tottenham_2023-04-27 00:00:00,Tottenham Hotspur Stadium
11.399999618530272,71.6038818359375,5.700877189636231,0.0,Light drizzle,Light drizzle,Everton_2023-04-27 00:00:00,Goodison Park
12.0,75.74331665039062,3.178049802780152,0.0,Overcast,Overcast,Brighton_2023-04-29 00:00:00,Falmer Stadium
17.25,54.53187561035156,1.3152945041656494,0.0,Light drizzle,Light drizzle,Crystal Palace_2023-04-29 00:00:00,Selhurst Park
17.299999237060547,54.17533493041992,1.3038405179977417,0.0,Overcast,Overcast,Brentford_2023-04-29 00:00:00,Brentford Community Stadium
12.250499725341797,83.58072662353516,2.435159206390381,0.0,Light drizzle,Light drizzle,Bournemouth_2023-04-30 00:00:00,Vitality Stadium
14.550000190734863,80.05689239501953,4.178516387939453,1.399999976158142,Slight rain,Slight rain,Newcastle_2023-04-30 00:00:00,St. James' Park
15.25,77.5496597290039,2.475883722305298,0.2000000029802322,Moderate rain,Moderate rain,Liverpool_2023-04-30 00:00:00,Anfield
15.449999809265137,62.83603286743164,5.448853015899658,0.0,Moderate drizzle,Moderate drizzle,Leicester_2023-05-01 00:00:00,King Power Stadium
13.800000190734863,66.87556457519531,3.106444835662842,0.0,Light drizzle,Light drizzle,Arsenal_2023-05-02 00:00:00,Emirates Stadium
14.949999809265137,53.74551773071289,6.174139499664307,0.0,Overcast,Overcast,Liverpool_2023-05-03 00:00:00,Anfield
14.75,86.3892593383789,5.727128028869629,0.0,Light drizzle,Light drizzle,Brighton_2023-05-04 00:00:00,Falmer Stadium
13.80049991607666,91.8654556274414,5.81377649307251,0.0,Moderate rain,Moderate rain,Bournemouth_2023-05-06 00:00:00,Vitality Stadium
13.649999618530272,91.25476837158205,4.609772205352783,0.8999999761581421,Slight rain,Slight rain,Tottenham_2023-05-06 00:00:00,Tottenham Hotspur Stadium
13.75,86.00540924072266,4.527692794799805,0.4000000059604645,Dense drizzle,Dense drizzle,Wolves_2023-05-06 00:00:00,Molineux Stadium
14.800000190734863,79.56326293945312,3.140063524246216,0.2000000029802322,Light drizzle,Light drizzle,Liverpool_2023-05-06 00:00:00,Anfield
14.800000190734863,89.8526840209961,2.5019991397857666,0.2000000029802322,Moderate drizzle,Moderate drizzle,Newcastle_2023-05-07 00:00:00,St. James' Park
19.0,62.18505096435547,2.799999952316284,0.0,Light drizzle,Light drizzle,West Ham_2023-05-07 00:00:00,London Stadium
11.899999618530272,89.3334732055664,4.396589279174805,0.1000000014901161,Moderate rain,Moderate rain,Brighton_2023-05-08 00:00:00,Falmer Stadium
15.399999618530272,69.50617980957031,4.712748527526856,0.0,Overcast,Overcast,Crystal Palace_2023-05-13 00:00:00,Selhurst Park
15.350000381469728,71.38111877441406,4.684015274047852,0.0,Overcast,Overcast,Chelsea_2023-05-13 00:00:00,Stamford Bridge
15.25,69.94376373291016,2.10950231552124,0.0,Overcast,Overcast,Aston Villa_2023-05-13 00:00:00,Villa Park
18.75,58.13338470458984,1.923538327217102,0.2000000029802322,Light drizzle,Light drizzle,Arsenal_2023-05-14 00:00:00,Emirates Stadium
13.050000190734863,78.78154754638672,6.844705581665039,0.1000000014901161,Light drizzle,Light drizzle,Everton_2023-05-14 00:00:00,Goodison Park
18.950000762939453,60.75003433227539,2.0396077632904053,0.1000000014901161,Light drizzle,Light drizzle,Brentford_2023-05-14 00:00:00,Brentford Community Stadium
13.199999809265137,51.43891143798828,5.220153331756592,0.0,Moderate drizzle,Moderate drizzle,Leicester_2023-05-15 00:00:00,King Power Stadium
16.200000762939453,65.16093444824219,3.059411764144897,0.0,Light drizzle,Light drizzle,Newcastle_2023-05-18 00:00:00,St. James' Park
17.95050048828125,49.07037734985352,5.720139980316162,0.0,Overcast,Overcast,Bournemouth_2023-05-20 00:00:00,Vitality Stadium
17.799999237060547,50.562232971191406,5.80517053604126,0.0,Partly cloudy,Partly cloudy,Tottenham_2023-05-20 00:00:00,Tottenham Hotspur Stadium
17.649999618530273,47.0073356628418,4.3185648918151855,0.0,Partly cloudy,Partly cloudy,Wolves_2023-05-20 00:00:00,Molineux Stadium
18.450000762939453,51.78081130981445,1.9646883010864256,0.0,Light drizzle,Light drizzle,Liverpool_2023-05-20 00:00:00,Anfield
16.799999237060547,59.23366928100586,5.646237373352051,0.0,Light drizzle,Light drizzle,Brighton_2023-05-21 00:00:00,Falmer Stadium
17.5,56.285743713378906,5.818934440612793,0.0,Overcast,Overcast,West Ham_2023-05-21 00:00:00,London Stadium
13.600000381469728,76.00748443603516,4.939635753631592,0.0,Overcast,Overcast,Newcastle_2023-05-22 00:00:00,St. James' Park
17.149999618530273,88.31005859375,1.0,0.0,Overcast,Overcast,Brighton_2023-05-24 00:00:00,Falmer Stadium
17.600000381469727,62.69432830810547,5.883026599884033,0.0,Overcast,Overcast,Leicester_2023-05-28 00:00:00,King Power Stadium
19.89999961853028,45.57329559326172,6.264982223510742,0.0,Overcast,Overcast,Arsenal_2023-05-28 00:00:00,Emirates Stadium
19.350000381469727,44.49628829956055,6.400781154632568,0.0,Overcast,Overcast,Crystal Palace_2023-05-28 00:00:00,Selhurst Park
19.950000762939453,44.66488265991211,6.529931545257568,0.0,Overcast,Overcast,Chelsea_2023-05-28 00:00:00,Stamford Bridge
20.100000381469727,45.94012451171875,6.129437446594238,0.0,Overcast,Overcast,Brentford_2023-05-28 00:00:00,Brentford Community Stadium
18.450000762939453,60.63247680664063,4.104875087738037,0.0,Light drizzle,Light drizzle,Aston Villa_2023-05-28 00:00:00,Villa Park
17.0,70.05165100097656,1.5264337062835691,0.0,Overcast,Overcast,Everton_2023-05-28 00:00:00,Goodison Park
20.253999710083008,56.5989875793457,6.6219329833984375,0.0,Light drizzle,Light drizzle,Burnley_2023-08-11 00:00:00,Turf Moor
20.049999237060547,67.06874084472656,8.34505844116211,0.1000000014901161,Light drizzle,Light drizzle,Arsenal_2023-08-12 00:00:00,Emirates Stadium
20.106000900268555,66.64593505859375,7.516648292541504,0.1000000014901161,Moderate drizzle,Moderate drizzle,Sheffield United_2023-08-12 00:00:00,Bramall Lane
20.39999961853028,64.5751953125,5.941380500793457,0.0,Slight rain,Slight rain,Newcastle_2023-08-12 00:00:00,St. James' Park
18.14999961853028,81.06978607177734,10.020978927612305,0.1000000014901161,Moderate drizzle,Moderate drizzle,Brighton_2023-08-12 00:00:00,Falmer Stadium
18.2504997253418,79.27452087402344,9.602083206176758,0.1000000014901161,Light drizzle,Light drizzle,Bournemouth_2023-08-12 00:00:00,Vitality Stadium
19.450000762939453,66.07588195800781,7.2801103591918945,0.0,Slight rain,Slight rain,Everton_2023-08-12 00:00:00,Goodison Park
20.700000762939453,58.22354507446289,6.788225173950195,0.0,Light drizzle,Light drizzle,Chelsea_2023-08-13 00:00:00,Stamford Bridge
20.75,57.66403198242188,6.082762718200684,0.0,Light drizzle,Light drizzle,Brentford_2023-08-13 00:00:00,Brentford Community Stadium
21.549999237060547,64.40692138671875,6.940461158752441,0.0,Light drizzle,Light drizzle,Tottenham_2023-08-19 00:00:00,Tottenham Hotspur Stadium
21.0,61.227298736572266,6.79411506652832,0.0,Moderate drizzle,Moderate drizzle,Wolves_2023-08-19 00:00:00,Molineux Stadium
21.049999237060547,58.88442611694336,7.000714302062988,0.0,Dense drizzle,Dense drizzle,Liverpool_2023-08-19 00:00:00,Anfield
21.700000762939453,54.7589225769043,4.750789165496826,0.0,Light drizzle,Light drizzle,Aston Villa_2023-08-20 00:00:00,Villa Park
23.299999237060547,51.00885391235352,4.661544799804688,0.0,Light drizzle,Light drizzle,West Ham_2023-08-20 00:00:00,London Stadium
22.200000762939453,58.585716247558594,4.327816963195801,0.0,Overcast,Overcast,Crystal Palace_2023-08-21 00:00:00,Selhurst Park
19.799999237060547,46.64299392700195,4.295346260070801,0.0,Light drizzle,Light drizzle,Chelsea_2023-08-25 00:00:00,Stamford Bridge
17.549999237060547,66.98995971679688,4.396589279174805,0.0,Dense drizzle,Dense drizzle,Arsenal_2023-08-26 00:00:00,Emirates Stadium
17.600000381469727,66.558349609375,4.026164531707764,0.0,Light drizzle,Light drizzle,Brentford_2023-08-26 00:00:00,Brentford Community Stadium
16.549999237060547,76.48401641845703,5.239274978637695,0.3000000119209289,Moderate rain,Moderate rain,Brighton_2023-08-26 00:00:00,Falmer Stadium
17.800500869750977,59.27643585205078,4.522167682647705,0.0,Moderate rain,Moderate rain,Bournemouth_2023-08-26 00:00:00,Vitality Stadium
16.399999618530273,68.55355072021484,5.889821529388428,0.1000000014901161,Light drizzle,Light drizzle,Everton_2023-08-26 00:00:00,Goodison Park
15.850000381469728,83.45123291015625,1.6124515533447266,0.1000000014901161,Moderate rain,Moderate rain,Newcastle_2023-08-27 00:00:00,St. James' Park
16.4060001373291,69.2424545288086,6.041522979736328,0.0,Dense drizzle,Dense drizzle,Sheffield United_2023-08-27 00:00:00,Bramall Lane
14.803999900817873,79.03851318359375,6.087692737579346,0.0,Moderate rain,Moderate rain,Burnley_2023-08-27 00:00:00,Turf Moor
22.549999237060547,59.434478759765625,4.044749736785889,0.0,Light drizzle,Light drizzle,Chelsea_2023-09-02 00:00:00,Stamford Bridge
21.356000900268555,53.59955596923828,0.9219544529914856,0.0,Overcast,Overcast,Sheffield United_2023-09-02 00:00:00,Bramall Lane
22.700000762939453,59.27803039550781,3.5902645587921143,0.0,Light drizzle,Light drizzle,Brentford_2023-09-02 00:00:00,Brentford Community Stadium
21.850000381469727,67.00621795654297,2.996665000915528,0.0,Light drizzle,Light drizzle,Brighton_2023-09-02 00:00:00,Falmer Stadium
20.40399932861328,63.94832611083984,2.4515302181243896,0.0,Light drizzle,Light drizzle,Burnley_2023-09-02 00:00:00,Turf Moor
24.299999237060547,54.35077667236328,1.886796236038208,0.0,Overcast,Overcast,Arsenal_2023-09-03 00:00:00,Emirates Stadium
24.450000762939453,53.86460113525391,2.1213202476501465,0.0,Overcast,Overcast,Crystal Palace_2023-09-03 00:00:00,Selhurst Park
22.14999961853028,62.492408752441406,1.838477611541748,0.0,Overcast,Overcast,Liverpool_2023-09-03 00:00:00,Anfield
24.350000381469727,51.95497512817383,2.927456378936768,0.0,Overcast,Overcast,Tottenham_2023-09-16 00:00:00,Tottenham Hotspur Stadium
20.14999961853028,65.58031463623047,4.220189571380615,0.0,Overcast,Overcast,Wolves_2023-09-16 00:00:00,Molineux Stadium
13.850000381469728,79.69300079345703,5.54707145690918,0.0,Light drizzle,Light drizzle,Newcastle_2023-09-16 00:00:00,St. James' Park
21.049999237060547,60.6426010131836,5.008991718292236,0.0,Overcast,Overcast,Aston Villa_2023-09-16 00:00:00,Villa Park
24.600000381469727,49.0634651184082,3.313608169555664,0.0,Overcast,Overcast,West Ham_2023-09-16 00:00:00,London Stadium
19.7504997253418,86.05020141601562,5.0,0.0,Moderate rain,Moderate rain,Bournemouth_2023-09-17 00:00:00,Vitality Stadium
19.600000381469727,72.3990478515625,3.758989095687866,0.0,Moderate rain,Moderate rain,Everton_2023-09-17 00:00:00,Goodison Park
16.600000381469727,48.53120422363281,4.341658592224121,0.0,Overcast,Overcast,Crystal Palace_2023-09-23 00:00:00,Selhurst Park
16.5,49.010013580322266,4.134005546569824,0.0,Overcast,Overcast,Brentford_2023-09-23 00:00:00,Brentford Community Stadium
13.90399932861328,63.99571228027344,3.661966562271118,0.0,Light drizzle,Light drizzle,Burnley_2023-09-23 00:00:00,Turf Moor
18.75,69.93053436279297,7.912015914916992,0.0,Light drizzle,Light drizzle,Arsenal_2023-09-24 00:00:00,Emirates Stadium
18.950000762939453,68.83741760253906,7.624303340911865,0.0,Overcast,Overcast,Chelsea_2023-09-24 00:00:00,Stamford Bridge
19.256000518798828,70.94377136230469,8.614522933959961,0.0,Moderate drizzle,Moderate drizzle,Sheffield United_2023-09-24 00:00:00,Bramall Lane
17.899999618530273,68.62808227539062,7.705841541290283,0.0,Overcast,Overcast,Brighton_2023-09-24 00:00:00,Falmer Stadium
19.350000381469727,69.81895446777344,8.720664978027344,0.0,Slight rain,Slight rain,Liverpool_2023-09-24 00:00:00,Anfield
17.899999618530273,61.31601333618164,5.044799327850342,0.0,Overcast,Overcast,Tottenham_2023-09-30 00:00:00,Tottenham Hotspur Stadium
14.399999618530272,88.36309814453125,3.733630895614624,1.5,Moderate rain,Moderate rain,Wolves_2023-09-30 00:00:00,Molineux Stadium
14.050000190734863,84.6268081665039,3.701351165771485,0.5,Dense drizzle,Dense drizzle,Newcastle_2023-09-30 00:00:00,St. James' Park
15.100000381469728,81.46530151367188,4.3011627197265625,1.100000023841858,Dense drizzle,Dense drizzle,Aston Villa_2023-09-30 00:00:00,Villa Park
17.20050048828125,72.43775177001953,5.846365928649902,0.0,Overcast,Overcast,Bournemouth_2023-09-30 00:00:00,Vitality Stadium
13.5,90.9451904296875,5.872818946838379,1.5,Slight rain,Slight rain,Everton_2023-09-30 00:00:00,Goodison Park
18.14999961853028,60.1590461730957,5.096076965332031,0.0,Overcast,Overcast,West Ham_2023-09-30 00:00:00,London Stadium
19.5,74.7536849975586,1.4142135381698608,0.0,Overcast,Overcast,Everton_2023-10-07 00:00:00,Goodison Park
22.0,61.45735931396485,4.816637992858887,0.0,Overcast,Overcast,Crystal Palace_2023-10-07 00:00:00,Selhurst Park
17.303998947143555,85.52950286865234,4.386342525482178,0.0,Moderate drizzle,Moderate drizzle,Burnley_2023-10-07 00:00:00,Turf Moor
18.600000381469727,74.36109924316406,2.334523677825928,0.0,Overcast,Overcast,Brighton_2023-10-08 00:00:00,Falmer Stadium
21.700000762939453,56.77103805541992,2.308679342269897,0.0,Overcast,Overcast,Arsenal_2023-10-08 00:00:00,Emirates Stadium
19.64999961853028,68.08525085449219,2.594224452972412,0.0,Overcast,Overcast,Wolves_2023-10-08 00:00:00,Molineux Stadium
22.049999237060547,56.67206954956055,2.308679342269897,0.0,Overcast,Overcast,West Ham_2023-10-08 00:00:00,London Stadium
13.050000190734863,91.21548461914062,6.053924083709717,1.7000000476837158,Slight rain,Slight rain,Chelsea_2023-10-21 00:00:00,Stamford Bridge
12.5,92.70215606689452,5.423098564147949,0.699999988079071,Slight rain,Slight rain,Brentford_2023-10-21 00:00:00,Brentford Community Stadium
11.355999946594238,76.93907165527344,2.8231186866760254,0.0,Moderate drizzle,Moderate drizzle,Sheffield United_2023-10-21 00:00:00,Bramall Lane
10.800000190734863,75.02503967285156,3.401470184326172,0.0,Moderate drizzle,Moderate drizzle,Newcastle_2023-10-21 00:00:00,St. James' Park
11.80049991607666,82.68702697753906,5.077401161193848,0.0,Slight rain,Slight rain,Bournemouth_2023-10-21 00:00:00,Vitality Stadium
11.350000381469728,74.86225891113281,4.071854591369629,0.0,Moderate drizzle,Moderate drizzle,Liverpool_2023-10-21 00:00:00,Anfield
12.149999618530272,77.06546020507812,2.640075922012329,0.0,Light drizzle,Light drizzle,Aston Villa_2023-10-22 00:00:00,Villa Park
12.949999809265137,81.72792053222656,4.201189994812012,0.0,Light drizzle,Light drizzle,Tottenham_2023-10-23 00:00:00,Tottenham Hotspur Stadium
11.949999809265137,80.50283813476562,3.54400897026062,0.0,Slight rain,Slight rain,Crystal Palace_2023-10-27 00:00:00,Selhurst Park
13.05049991607666,86.2203598022461,7.523961544036865,0.5,Moderate rain,Moderate rain,Bournemouth_2023-10-28 00:00:00,Vitality Stadium
12.300000190734863,82.74884796142578,4.687216758728027,1.0,Moderate rain,Moderate rain,Arsenal_2023-10-28 00:00:00,Emirates Stadium
11.800000190734863,78.59566497802734,4.666904449462891,0.0,Heavy rain,Heavy rain,Wolves_2023-10-28 00:00:00,Molineux Stadium
12.300000190734863,83.5865707397461,4.5,0.800000011920929,Moderate rain,Moderate rain,Chelsea_2023-10-28 00:00:00,Stamford Bridge
12.399999618530272,75.04181671142578,3.612478494644165,0.0,Light drizzle,Light drizzle,Liverpool_2023-10-29 00:00:00,Anfield
12.0,76.51998901367188,7.920227527618408,0.0,Slight rain,Slight rain,Brighton_2023-10-29 00:00:00,Falmer Stadium
10.399999618530272,83.92979431152344,4.669046878814697,0.0,Light drizzle,Light drizzle,Aston Villa_2023-10-29 00:00:00,Villa Park
11.399999618530272,83.4798583984375,4.4418463706970215,0.0,Moderate rain,Moderate rain,West Ham_2023-10-29 00:00:00,London Stadium
8.899999618530273,83.4653549194336,3.0675723552703857,0.0,Moderate drizzle,Moderate drizzle,Newcastle_2023-11-04 00:00:00,St. James' Park
7.956000328063965,92.44525909423828,5.173973560333252,0.699999988079071,Slight rain,Slight rain,Sheffield United_2023-11-04 00:00:00,Bramall Lane
8.0,88.10163879394531,5.060632228851318,0.3000000119209289,Moderate drizzle,Moderate drizzle,Everton_2023-11-04 00:00:00,Goodison Park
10.75,84.54231262207031,5.818075180053711,0.0,Slight rain,Slight rain,Brentford_2023-11-04 00:00:00,Brentford Community Stadium
7.453999996185303,90.21109771728516,5.575840473175049,0.1000000014901161,Slight rain,Slight rain,Burnley_2023-11-04 00:00:00,Turf Moor
10.949999809265137,72.76261138916016,4.825971603393555,0.0,Overcast,Overcast,Tottenham_2023-11-06 00:00:00,Tottenham Hotspur Stadium
9.150500297546388,80.66690826416016,1.7464250326156616,0.0,Overcast,Overcast,Bournemouth_2023-11-11 00:00:00,Vitality Stadium
7.349999904632568,82.69778442382812,1.4866068363189695,0.0,Overcast,Overcast,Arsenal_2023-11-11 00:00:00,Emirates Stadium
6.75,81.46916961669922,1.2206555604934692,0.0,Overcast,Overcast,Wolves_2023-11-11 00:00:00,Molineux Stadium
6.25,88.25204467773438,2.0808651447296143,0.0,Overcast,Overcast,Crystal Palace_2023-11-11 00:00:00,Selhurst Park
8.5,89.6717529296875,3.1622774600982666,0.0,Moderate drizzle,Moderate drizzle,Chelsea_2023-11-12 00:00:00,Stamford Bridge
8.449999809265137,90.2848129272461,3.264965534210205,0.800000011920929,Moderate drizzle,Moderate drizzle,West Ham_2023-11-12 00:00:00,London Stadium
10.550000190734863,83.3781509399414,3.90512490272522,1.100000023841858,Slight rain,Slight rain,Brighton_2023-11-12 00:00:00,Falmer Stadium
7.199999809265137,95.3116226196289,4.919349670410156,0.2000000029802322,Moderate drizzle,Moderate drizzle,Aston Villa_2023-11-12 00:00:00,Villa Park
7.75,91.484619140625,7.247067928314209,0.1000000014901161,Slight rain,Slight rain,Liverpool_2023-11-12 00:00:00,Anfield
3.25,84.57341766357422,2.8017852306365967,0.0,Overcast,Overcast,Newcastle_2023-11-25 00:00:00,St. James' Park
2.955999851226806,76.93091583251953,2.385371923446656,0.0,Overcast,Overcast,Sheffield United_2023-11-25 00:00:00,Bramall Lane
2.799999952316284,78.89324951171875,2.247220277786255,0.0,Overcast,Overcast,Brentford_2023-11-25 00:00:00,Brentford Community Stadium
0.1040000319480896,84.514892578125,1.345362424850464,0.0,Overcast,Overcast,Burnley_2023-11-25 00:00:00,Turf Moor
5.650000095367432,90.70889282226562,2.6248810291290283,0.0,Moderate rain,Moderate rain,Tottenham_2023-11-26 00:00:00,Tottenham Hotspur Stadium
4.300000190734863,89.33647155761719,3.2449963092803955,0.0,Moderate drizzle,Moderate drizzle,Everton_2023-11-26 00:00:00,Goodison Park
-2.400000095367432,96.7199935913086,1.720465064048767,0.0,Overcast,Overcast,Arsenal_2023-12-02 00:00:00,Emirates Stadium
-1.149999976158142,90.20450592041016,2.2022716999053955,0.0,Moderate snow fall,Moderate snow fall,Newcastle_2023-12-02 00:00:00,St. James' Park
-2.150000095367432,94.24691009521484,1.77200448513031,0.0,Overcast,Overcast,Brentford_2023-12-02 00:00:00,Brentford Community Stadium
-0.946000039577484,87.58663940429688,4.404543399810791,0.0,Heavy snow fall,Heavy snow fall,Burnley_2023-12-02 00:00:00,Turf Moor
9.000499725341797,80.36773681640625,5.7801384925842285,0.2000000029802322,Slight snow fall,Slight snow fall,Bournemouth_2023-12-03 00:00:00,Vitality Stadium
6.949999809265137,90.80096435546876,4.51774263381958,0.0,Moderate snow fall,Moderate snow fall,Chelsea_2023-12-03 00:00:00,Stamford Bridge
6.900000095367432,91.42901611328124,4.031128883361816,0.0,Moderate snow fall,Moderate snow fall,West Ham_2023-12-03 00:00:00,London Stadium
1.75,95.44791412353516,3.1144821643829346,0.4000000059604645,Slight snow fall,Slight snow fall,Liverpool_2023-12-03 00:00:00,Anfield
3.400000095367432,94.16143035888672,2.158703088760376,0.0,Moderate drizzle,Moderate drizzle,Wolves_2023-12-05 00:00:00,Molineux Stadium
3.400000095367432,88.94412994384766,1.8248286247253416,0.0,Overcast,Overcast,Brighton_2023-12-06 00:00:00,Falmer Stadium
1.399999976158142,94.74951171875,2.0808651447296143,0.0,Overcast,Overcast,Crystal Palace_2023-12-06 00:00:00,Selhurst Park
0.106000006198883,91.9688720703125,2.024845838546753,0.0,Overcast,Overcast,Sheffield United_2023-12-06 00:00:00,Bramall Lane
1.600000023841858,94.41722106933594,3.8948683738708496,0.0,Light drizzle,Light drizzle,Aston Villa_2023-12-06 00:00:00,Villa Park
7.050000190734863,91.4388656616211,8.28070068359375,2.5999999046325684,Moderate rain,Moderate rain,Everton_2023-12-07 00:00:00,Goodison Park
6.0,89.47408294677734,6.4140472412109375,0.699999988079071,Slight rain,Slight rain,Tottenham_2023-12-07 00:00:00,Tottenham Hotspur Stadium
9.850000381469728,79.11432647705078,8.631338119506836,0.0,Moderate rain,Moderate rain,Crystal Palace_2023-12-09 00:00:00,Selhurst Park
9.050000190734863,70.16095733642578,9.243916511535645,0.0,Moderate rain,Moderate rain,Wolves_2023-12-09 00:00:00,Molineux Stadium
9.206000328063965,79.29279327392578,10.868303298950195,0.2000000029802322,Moderate rain,Moderate rain,Sheffield United_2023-12-09 00:00:00,Bramall Lane
10.100000381469728,80.79759216308594,9.027180671691896,0.0,Moderate rain,Moderate rain,Brighton_2023-12-09 00:00:00,Falmer Stadium
8.899999618530273,69.63932037353516,9.518928527832031,0.0,Moderate rain,Moderate rain,Aston Villa_2023-12-09 00:00:00,Villa Park
10.699999809265137,86.5657730102539,6.830812454223633,0.0,Slight rain,Slight rain,Tottenham_2023-12-10 00:00:00,Tottenham Hotspur Stadium
8.699999809265137,82.58109283447266,5.522680282592773,0.0,Slight rain,Slight rain,Everton_2023-12-10 00:00:00,Goodison Park
11.899999618530272,75.98493957519531,8.276473045349121,0.0,Overcast,Overcast,Newcastle_2023-12-16 00:00:00,St. James' Park
10.850000381469728,92.3003158569336,5.0803542137146,0.0,Overcast,Overcast,Chelsea_2023-12-16 00:00:00,Stamford Bridge
9.854000091552734,91.31044006347656,6.940461158752441,0.0,Overcast,Overcast,Burnley_2023-12-16 00:00:00,Turf Moor
9.25,82.65033721923828,6.081118583679199,0.0,Overcast,Overcast,Arsenal_2023-12-17 00:00:00,Emirates Stadium
9.449999809265137,82.1091079711914,5.515433311462402,0.0,Overcast,Overcast,Brentford_2023-12-17 00:00:00,Brentford Community Stadium
10.75,80.06273651123047,5.3758721351623535,0.0,Slight rain,Slight rain,Liverpool_2023-12-17 00:00:00,Anfield
9.300000190734863,82.37274932861328,5.728001117706299,0.0,Overcast,Overcast,West Ham_2023-12-17 00:00:00,London Stadium
11.25,70.3518295288086,8.199999809265137,0.0,Light drizzle,Light drizzle,Crystal Palace_2023-12-21 00:00:00,Selhurst Park
8.5,79.18872833251953,7.400000095367432,0.0,Moderate drizzle,Moderate drizzle,Aston Villa_2023-12-22 00:00:00,Villa Park
9.449999809265137,79.60284423828125,6.425729751586914,0.0,Overcast,Overcast,Tottenham_2023-12-23 00:00:00,Tottenham Hotspur Stadium
9.699999809265137,78.00845336914062,6.706713199615479,0.0,Overcast,Overcast,West Ham_2023-12-23 00:00:00,London Stadium
9.800000190734863,79.92793273925781,9.080198287963867,0.0,Slight rain,Slight rain,Liverpool_2023-12-23 00:00:00,Anfield
11.850000381469728,89.62840270996094,6.40780782699585,0.3000000119209289,Dense drizzle,Dense drizzle,Wolves_2023-12-24 00:00:00,Molineux Stadium
6.100500106811523,88.8585205078125,1.923538327217102,0.0,Slight rain,Slight rain,Bournemouth_2023-12-26 00:00:00,Vitality Stadium
3.0999999046325684,90.84854888916016,2.2022716999053955,0.0,Light drizzle,Light drizzle,Newcastle_2023-12-26 00:00:00,St. James' Park
5.605999946594238,85.74525451660156,1.886796236038208,0.0,Overcast,Overcast,Sheffield United_2023-12-26 00:00:00,Bramall Lane
4.404000282287598,94.87310028076172,1.720465064048767,0.0,Light drizzle,Light drizzle,Burnley_2023-12-26 00:00:00,Turf Moor
9.25,79.29925537109375,9.761659622192385,0.4000000059604645,Moderate rain,Moderate rain,Everton_2023-12-27 00:00:00,Goodison Park
11.949999809265137,86.68851470947266,11.161540985107422,0.4000000059604645,Slight rain,Slight rain,Chelsea_2023-12-27 00:00:00,Stamford Bridge
12.050000190734863,86.98892974853516,10.715409278869627,0.3000000119209289,Slight rain,Slight rain,Brentford_2023-12-27 00:00:00,Brentford Community Stadium
10.399999618530272,81.11542510986328,8.809085845947266,0.0,Light drizzle,Light drizzle,Arsenal_2023-12-28 00:00:00,Emirates Stadium
10.600000381469728,83.66819763183594,11.574541091918944,0.1000000014901161,Moderate drizzle,Moderate drizzle,Brighton_2023-12-28 00:00:00,Falmer Stadium
10.649999618530272,85.39576721191406,8.37436580657959,0.0,Moderate drizzle,Moderate drizzle,Crystal Palace_2023-12-30 00:00:00,Selhurst Park
10.300000190734863,88.30432891845703,9.502104759216309,0.0,Slight rain,Slight rain,Wolves_2023-12-30 00:00:00,Molineux Stadium
10.199999809265137,87.10579681396484,9.213577270507812,0.0,Moderate rain,Moderate rain,Aston Villa_2023-12-30 00:00:00,Villa Park
8.100000381469727,74.8188247680664,7.029224872589111,0.0,Slight rain,Slight rain,Tottenham_2023-12-31 00:00:00,Tottenham Hotspur Stadium
6.599999904632568,78.62667083740234,5.2801513671875,0.0,Moderate rain,Moderate rain,Liverpool_2024-01-01 00:00:00,Anfield
11.149999618530272,75.34272003173828,14.462711334228516,0.1000000014901161,Slight rain,Slight rain,West Ham_2024-01-02 00:00:00,London Stadium
2.003999948501587,90.77018737792967,1.9416487216949463,0.0,Overcast,Overcast,Burnley_2024-01-12 00:00:00,Turf Moor
3.950000047683716,88.04517364501953,2.4515302181243896,0.0,Overcast,Overcast,Newcastle_2024-01-13 00:00:00,St. James' Park
3.75,82.82814025878906,2.061552762985229,0.0,Overcast,Overcast,Chelsea_2024-01-13 00:00:00,Stamford Bridge
3.549999952316284,81.32437133789062,4.123105525970459,0.0,Light drizzle,Light drizzle,Everton_2024-01-14 00:00:00,Goodison Park
3.400000095367432,69.25926971435547,6.041522979736328,0.0,Overcast,Overcast,Arsenal_2024-01-20 00:00:00,Emirates Stadium
3.75,69.3321762084961,6.020797252655029,0.0,Overcast,Overcast,Brentford_2024-01-20 00:00:00,Brentford Community Stadium
11.30049991607666,79.0573501586914,13.845215797424316,0.0,Moderate rain,Moderate rain,Bournemouth_2024-01-21 00:00:00,Vitality Stadium
11.156000137329102,72.55036163330078,12.899612426757812,0.1000000014901161,Dense drizzle,Dense drizzle,Sheffield United_2024-01-21 00:00:00,Bramall Lane
8.800000190734863,76.52543640136719,9.521029472351074,0.0,Moderate rain,Moderate rain,Brighton_2024-01-22 00:00:00,Falmer Stadium
7.699999809265137,75.54283905029297,3.0528674125671387,0.0,Overcast,Overcast,Crystal Palace_2024-01-30 00:00:00,Selhurst Park
5.849999904632568,73.62738800048828,2.523885726928711,0.0,Light drizzle,Light drizzle,Aston Villa_2024-01-30 00:00:00,Villa Park
9.050000190734863,79.2698745727539,7.286288738250732,0.0,Light drizzle,Light drizzle,Tottenham_2024-01-31 00:00:00,Tottenham Hotspur Stadium
9.649999618530272,85.87313842773438,9.121952056884766,0.800000011920929,Dense drizzle,Dense drizzle,Liverpool_2024-01-31 00:00:00,Anfield
6.050000190734863,80.80113220214844,2.758622884750366,0.0,Overcast,Overcast,Wolves_2024-02-01 00:00:00,Molineux Stadium
7.5,69.35447692871094,1.897366523742676,0.0,Overcast,Overcast,West Ham_2024-02-01 00:00:00,London Stadium
9.105999946594238,79.82862091064453,3.956007957458496,0.0,Moderate drizzle,Moderate drizzle,Sheffield United_2024-02-03 00:00:00,Bramall Lane
8.649999618530273,73.35721588134766,6.041522979736328,0.0,Light drizzle,Light drizzle,Newcastle_2024-02-03 00:00:00,St. James' Park
10.100000381469728,92.56810760498048,6.7357258796691895,0.0,Overcast,Overcast,Brighton_2024-02-03 00:00:00,Falmer Stadium
8.300000190734863,86.32543182373047,5.3758721351623535,0.1000000014901161,Light drizzle,Light drizzle,Everton_2024-02-03 00:00:00,Goodison Park
7.453999996185303,82.71089935302734,6.846897125244141,0.0,Moderate drizzle,Moderate drizzle,Burnley_2024-02-03 00:00:00,Turf Moor
11.45050048828125,85.19332885742188,6.870953559875488,0.0,Overcast,Overcast,Bournemouth_2024-02-04 00:00:00,Vitality Stadium
12.149999618530272,81.89920043945312,8.256512641906738,0.0,Light drizzle,Light drizzle,Arsenal_2024-02-04 00:00:00,Emirates Stadium
12.350000381469728,82.47750854492188,7.766594886779785,0.0,Light drizzle,Light drizzle,Chelsea_2024-02-04 00:00:00,Stamford Bridge
10.949999809265137,75.8274154663086,6.774216175079346,0.0,Light drizzle,Light drizzle,Brentford_2024-02-05 00:00:00,Brentford Community Stadium
9.899999618530272,89.78006744384766,1.4764822721481323,0.0,Slight rain,Slight rain,Tottenham_2024-02-10 00:00:00,Tottenham Hotspur Stadium
8.649999618530273,80.87738800048828,2.6570661067962646,0.0,Light drizzle,Light drizzle,Wolves_2024-02-10 00:00:00,Molineux Stadium
8.75,80.05455780029297,3.4885528087615967,0.0,Overcast,Overcast,Liverpool_2024-02-10 00:00:00,Anfield
7.900000095367432,76.64574432373047,4.509988784790039,0.1000000014901161,Light drizzle,Light drizzle,Aston Villa_2024-02-11 00:00:00,Villa Park
9.649999618530272,74.56769561767578,3.4539833068847656,0.0,Slight rain,Slight rain,West Ham_2024-02-11 00:00:00,London Stadium
8.100000381469727,59.79572296142578,3.546829462051392,0.0,Overcast,Overcast,Crystal Palace_2024-02-12 00:00:00,Selhurst Park
11.600000381469728,89.01110076904297,5.322593688964844,0.0,Moderate drizzle,Moderate drizzle,Tottenham_2024-02-17 00:00:00,Tottenham Hotspur Stadium
11.75,86.37860107421875,4.80832576751709,0.1000000014901161,Dense drizzle,Dense drizzle,Newcastle_2024-02-17 00:00:00,St. James' Park
11.550000190734863,88.11637115478516,5.255473613739014,0.0,Dense drizzle,Dense drizzle,Brentford_2024-02-17 00:00:00,Brentford Community Stadium
11.753999710083008,92.96980285644533,7.000714302062988,1.2000000476837158,Slight rain,Slight rain,Burnley_2024-02-17 00:00:00,Turf Moor
11.855999946594238,76.23677062988281,5.247856616973877,0.0,Dense drizzle,Dense drizzle,Sheffield United_2024-02-18 00:00:00,Bramall Lane
9.25,82.93516540527344,6.113100528717041,0.0,Slight rain,Slight rain,Everton_2024-02-19 00:00:00,Goodison Park
11.949999809265137,81.59764099121094,8.438008308410645,0.0,Moderate drizzle,Moderate drizzle,Liverpool_2024-02-21 00:00:00,Anfield
6.849999904632568,79.22132873535156,0.3605551421642303,0.1000000014901161,Slight rain,Slight rain,Arsenal_2024-02-24 00:00:00,Emirates Stadium
6.5,80.5790023803711,1.720465064048767,0.1000000014901161,Light drizzle,Light drizzle,Crystal Palace_2024-02-24 00:00:00,Selhurst Park
6.5,80.5790023803711,2.745906114578247,0.0,Moderate drizzle,Moderate drizzle,Brighton_2024-02-24 00:00:00,Falmer Stadium
6.550000190734863,69.90697479248047,2.594224452972412,0.0,Light drizzle,Light drizzle,Aston Villa_2024-02-24 00:00:00,Villa Park
7.80049991607666,67.46856689453125,3.47131085395813,0.0,Light drizzle,Light drizzle,Bournemouth_2024-02-24 00:00:00,Vitality Stadium
7.449999809265137,66.43633270263672,6.020797252655029,0.0,Overcast,Overcast,Wolves_2024-02-25 00:00:00,Molineux Stadium
8.25,53.08919525146485,9.27038288116455,0.0,Light drizzle,Light drizzle,West Ham_2024-02-26 00:00:00,London Stadium
3.900000095367432,95.18838500976562,4.204759120941162,0.3000000119209289,Moderate snow fall,Moderate snow fall,Everton_2024-03-02 00:00:00,Goodison Park
7.550000190734863,67.89772033691406,5.280151844024658,0.2000000029802322,Moderate snow fall,Moderate snow fall,Brentford_2024-03-02 00:00:00,Brentford Community Stadium
6.199999809265137,84.01823425292969,5.336665630340576,0.1000000014901161,Moderate snow fall,Moderate snow fall,Newcastle_2024-03-02 00:00:00,St. James' Park
7.349999904632568,68.83114624023438,5.412947654724121,0.1000000014901161,Slight snow fall,Slight snow fall,Tottenham_2024-03-02 00:00:00,Tottenham Hotspur Stadium
6.453999996185303,68.6443862915039,1.421267032623291,0.0,Overcast,Overcast,Burnley_2024-03-03 00:00:00,Turf Moor
9.355999946594238,62.95133209228516,5.390732765197754,0.0,Moderate drizzle,Moderate drizzle,Sheffield United_2024-03-04 00:00:00,Bramall Lane
8.95050048828125,81.47982788085938,6.537583827972412,0.1000000014901161,Dense drizzle,Dense drizzle,Bournemouth_2024-03-09 00:00:00,Vitality Stadium
10.300000190734863,74.16665649414062,5.941380500793457,0.0,Light drizzle,Light drizzle,Arsenal_2024-03-09 00:00:00,Emirates Stadium
11.100000381469728,70.07964324951172,5.323533058166504,0.0,Light drizzle,Light drizzle,Crystal Palace_2024-03-09 00:00:00,Selhurst Park
9.649999618530272,79.08478546142578,6.168468475341797,0.0,Light drizzle,Light drizzle,Wolves_2024-03-09 00:00:00,Molineux Stadium
7.150000095367432,95.96768951416016,4.172529220581055,0.4000000059604645,Slight rain,Slight rain,Aston Villa_2024-03-10 00:00:00,Villa Park
8.600000381469727,87.5516357421875,1.897366523742676,2.0,Slight rain,Slight rain,Brighton_2024-03-10 00:00:00,Falmer Stadium
7.75,88.9967269897461,5.656854152679443,0.699999988079071,Slight rain,Slight rain,Liverpool_2024-03-10 00:00:00,Anfield
8.600000381469727,90.29584503173828,4.455333709716797,0.2000000029802322,Moderate drizzle,Moderate drizzle,West Ham_2024-03-10 00:00:00,London Stadium
9.800000190734863,70.5557632446289,4.579301357269287,0.0,Moderate drizzle,Moderate drizzle,Chelsea_2024-03-11 00:00:00,Stamford Bridge
11.350500106811523,84.89566040039062,6.935416221618652,0.0,Light drizzle,Light drizzle,Bournemouth_2024-03-13 00:00:00,Vitality Stadium
8.803999900817871,75.9945068359375,4.770743846893311,0.0,Slight rain,Slight rain,Burnley_2024-03-16 00:00:00,Turf Moor
15.050000190734863,74.24111938476562,4.763401985168457,0.2000000029802322,Slight rain,Slight rain,West Ham_2024-03-17 00:00:00,London Stadium
13.699999809265137,49.96708297729492,2.7658634185791016,0.0,Light drizzle,Light drizzle,Tottenham_2024-03-30 00:00:00,Tottenham Hotspur Stadium
13.800000190734863,51.240848541259766,3.125699758529663,0.0,Overcast,Overcast,Chelsea_2024-03-30 00:00:00,Stamford Bridge
13.649999618530272,52.10728454589844,2.927456378936768,0.0,Light drizzle,Light drizzle,Brentford_2024-03-30 00:00:00,Brentford Community Stadium
12.855999946594238,49.3818359375,3.8832974433898926,0.0,Overcast,Overcast,Sheffield United_2024-03-30 00:00:00,Bramall Lane
13.0,49.59749221801758,3.1953091621398926,0.1000000014901161,Light drizzle,Light drizzle,Newcastle_2024-03-30 00:00:00,St. James' Park
12.300000190734863,53.79605102539063,3.9458839893341056,0.0,Light drizzle,Light drizzle,Aston Villa_2024-03-30 00:00:00,Villa Park
10.400500297546388,80.56272888183594,4.738142967224121,0.0,Light drizzle,Light drizzle,Bournemouth_2024-03-30 00:00:00,Vitality Stadium
12.199999809265137,56.48965072631836,8.109870910644531,0.0,Light drizzle,Light drizzle,Liverpool_2024-03-31 00:00:00,Anfield
10.250499725341797,93.5164566040039,7.818567752838135,2.0999999046325684,Slight rain,Slight rain,Bournemouth_2024-04-02 00:00:00,Vitality Stadium
9.199999809265137,87.90715789794922,2.2090721130371094,0.1000000014901161,Moderate drizzle,Moderate drizzle,Newcastle_2024-04-02 00:00:00,St. James' Park
12.0,74.9736328125,5.635601043701172,0.1000000014901161,Moderate drizzle,Moderate drizzle,West Ham_2024-04-02 00:00:00,London Stadium
10.604000091552734,71.20513153076172,2.2561028003692627,0.0,Light drizzle,Light drizzle,Burnley_2024-04-02 00:00:00,Turf Moor
13.300000190734863,60.22318649291992,9.774456977844238,0.0,Light drizzle,Light drizzle,Arsenal_2024-04-03 00:00:00,Emirates Stadium
13.449999809265137,60.88711166381836,8.902247428894043,0.1000000014901161,Moderate drizzle,Moderate drizzle,Brentford_2024-04-03 00:00:00,Brentford Community Stadium
13.800000190734863,74.02371978759766,7.638062953948975,0.1000000014901161,Slight rain,Slight rain,Chelsea_2024-04-04 00:00:00,Stamford Bridge
12.5,67.52057647705078,3.330165147781372,0.0,Moderate rain,Moderate rain,Liverpool_2024-04-04 00:00:00,Anfield
15.949999809265137,56.27556610107422,10.501904487609863,0.0,Moderate drizzle,Moderate drizzle,Everton_2024-04-06 00:00:00,Goodison Park
15.5,67.00785827636719,7.666159152984619,0.0,Light drizzle,Light drizzle,Crystal Palace_2024-04-06 00:00:00,Selhurst Park
15.0,66.45246887207031,10.031949043273926,0.1000000014901161,Slight rain,Slight rain,Aston Villa_2024-04-06 00:00:00,Villa Park
13.899999618530272,75.5482406616211,8.22982406616211,0.0,Light drizzle,Light drizzle,Brighton_2024-04-06 00:00:00,Falmer Stadium
14.899999618530272,67.10772705078125,10.184301376342772,0.0,Moderate drizzle,Moderate drizzle,Wolves_2024-04-06 00:00:00,Molineux Stadium
14.5,59.68755340576172,9.763708114624023,0.0,Light drizzle,Light drizzle,Tottenham_2024-04-07 00:00:00,Tottenham Hotspur Stadium
13.256000518798828,68.6087875366211,9.04433536529541,0.0,Light drizzle,Light drizzle,Sheffield United_2024-04-07 00:00:00,Bramall Lane
13.55049991607666,79.11959075927734,5.5,0.0,Overcast,Overcast,Bournemouth_2024-04-13 00:00:00,Vitality Stadium
11.850000381469728,68.08499908447266,8.89550495147705,0.2000000029802322,Light drizzle,Light drizzle,Newcastle_2024-04-13 00:00:00,St. James' Park
17.399999618530273,58.78281021118164,6.132699489593506,0.0,Overcast,Overcast,Brentford_2024-04-13 00:00:00,Brentford Community Stadium
11.053999900817873,83.1562271118164,9.265527725219728,0.3000000119209289,Light drizzle,Light drizzle,Burnley_2024-04-13 00:00:00,Turf Moor
13.149999618530272,44.60539627075195,5.532630443572998,0.0,Overcast,Overcast,Arsenal_2024-04-14 00:00:00,Emirates Stadium
13.550000190734863,43.14706039428711,5.124451160430908,0.0,Overcast,Overcast,West Ham_2024-04-14 00:00:00,London Stadium
10.699999809265137,61.72670364379883,6.12943696975708,0.0,Moderate drizzle,Moderate drizzle,Liverpool_2024-04-14 00:00:00,Anfield
9.850000381469728,55.48101043701172,9.060904502868652,1.0,Slight rain,Slight rain,Chelsea_2024-04-15 00:00:00,Stamford Bridge
10.550000190734863,53.13679504394531,3.436568021774292,0.0,Overcast,Overcast,Wolves_2024-04-20 00:00:00,Molineux Stadium
10.006000518798828,56.92949295043945,2.247220277786255,0.0,Overcast,Overcast,Sheffield United_2024-04-20 00:00:00,Bramall Lane
10.75,69.52618408203125,3.101612567901612,0.0,Overcast,Overcast,Everton_2024-04-21 00:00:00,Goodison Park
10.050000190734863,53.96305084228516,5.869412422180176,0.0,Light drizzle,Light drizzle,Crystal Palace_2024-04-21 00:00:00,Selhurst Park
9.850000381469728,49.97016143798828,4.6065168380737305,0.0,Overcast,Overcast,Aston Villa_2024-04-21 00:00:00,Villa Park
8.800000190734863,75.20256805419922,5.807753562927246,0.1000000014901161,Light drizzle,Light drizzle,Arsenal_2024-04-23 00:00:00,Emirates Stadium
7.800000190734863,61.69098663330078,5.060632228851318,0.0,Light drizzle,Light drizzle,Everton_2024-04-24 00:00:00,Goodison Park
8.550000190734863,54.14625549316406,4.178516387939453,0.0,Light drizzle,Light drizzle,Crystal Palace_2024-04-24 00:00:00,Selhurst Park
8.350000381469727,55.284645080566406,2.9427878856658936,0.0,Light drizzle,Light drizzle,Wolves_2024-04-24 00:00:00,Molineux Stadium
9.5,73.7677993774414,7.515317916870117,0.1000000014901161,Moderate drizzle,Moderate drizzle,Brighton_2024-04-25 00:00:00,Falmer Stadium
8.100000381469727,77.4878921508789,4.365776062011719,0.0,Light drizzle,Light drizzle,Wolves_2024-04-27 00:00:00,Molineux Stadium
8.100000381469727,73.25670623779297,4.3185648918151855,0.1000000014901161,Light drizzle,Light drizzle,Newcastle_2024-04-27 00:00:00,St. James' Park
7.650000095367432,80.17696380615234,4.365776062011719,0.0,Light drizzle,Light drizzle,Aston Villa_2024-04-27 00:00:00,Villa Park
10.350000381469728,61.64324951171875,3.649657249450684,0.2000000029802322,Light drizzle,Light drizzle,Everton_2024-04-27 00:00:00,Goodison Park
12.100000381469728,69.55705261230469,3.860051870346069,0.0,Slight rain,Slight rain,West Ham_2024-04-27 00:00:00,London Stadium
11.600500106811523,66.1749038696289,3.827531576156616,0.0,Moderate rain,Moderate rain,Bournemouth_2024-04-28 00:00:00,Vitality Stadium
10.25,62.93763732910156,4.976946830749512,0.0,Moderate rain,Moderate rain,Tottenham_2024-04-28 00:00:00,Tottenham Hotspur Stadium
15.949999809265137,78.68534851074219,4.652956008911133,0.1000000014901161,Dense drizzle,Dense drizzle,Chelsea_2024-05-02 00:00:00,Stamford Bridge
14.699999809265137,65.49491119384766,0.8246211409568787,0.0,Light drizzle,Light drizzle,Arsenal_2024-05-04 00:00:00,Emirates Stadium
14.055999755859377,66.70268249511719,3.720215082168579,0.0,Light drizzle,Light drizzle,Sheffield United_2024-05-04 00:00:00,Bramall Lane
15.399999618530272,58.09267807006836,1.2041594982147217,0.1000000014901161,Dense drizzle,Dense drizzle,Brentford_2024-05-04 00:00:00,Brentford Community Stadium
10.90399932861328,95.76366424560548,2.9410881996154785,0.5,Moderate drizzle,Moderate drizzle,Burnley_2024-05-04 00:00:00,Turf Moor
12.800000190734863,87.64117431640625,3.0265491008758545,0.0,Light drizzle,Light drizzle,Brighton_2024-05-05 00:00:00,Falmer Stadium
14.399999618530272,76.1380615234375,3.785498857498169,0.1000000014901161,Light drizzle,Light drizzle,Chelsea_2024-05-05 00:00:00,Stamford Bridge
16.600000381469727,59.586673736572266,2.5019991397857666,0.0,Light drizzle,Light drizzle,Liverpool_2024-05-05 00:00:00,Anfield
13.899999618530272,86.30517578125,2.729468822479248,0.6000000238418579,Slight rain,Slight rain,Crystal Palace_2024-05-06 00:00:00,Selhurst Park
19.450000762939453,59.86995697021485,4.726520538330078,0.0,Overcast,Overcast,Tottenham_2024-05-11 00:00:00,Tottenham Hotspur Stadium
20.39999961853028,56.82281112670898,4.103656768798828,0.0,Overcast,Overcast,Wolves_2024-05-11 00:00:00,Molineux Stadium
18.600000381469727,74.12029266357422,4.477722644805908,0.0,Overcast,Overcast,Newcastle_2024-05-11 00:00:00,St. James' Park
19.350500106811523,59.25469207763672,4.712748527526856,0.0,Overcast,Overcast,Bournemouth_2024-05-11 00:00:00,Vitality Stadium
21.299999237060547,53.23188781738281,6.01414966583252,0.0,Overcast,Overcast,Everton_2024-05-11 00:00:00,Goodison Park
19.600000381469727,61.7099609375,5.003998279571533,0.0,Overcast,Overcast,West Ham_2024-05-11 00:00:00,London Stadium
16.399999618530273,68.3256607055664,7.337574481964111,0.0,Moderate drizzle,Moderate drizzle,Aston Villa_2024-05-13 00:00:00,Villa Park
15.800000190734863,70.28515625,4.753945827484131,0.0,Slight rain,Slight rain,Tottenham_2024-05-14 00:00:00,Tottenham Hotspur Stadium
16.25,63.231143951416016,2.3600847721099854,0.0,Moderate drizzle,Moderate drizzle,Brighton_2024-05-15 00:00:00,Falmer Stadium
19.006000518798828,57.234413146972656,3.6400551795959473,0.0,Mainly clear,Mainly clear,Sheffield United_2024-05-19 00:00:00,Bramall Lane
21.200000762939453,45.472450256347656,3.982461452484131,0.0,Light drizzle,Light drizzle,Brentford_2024-05-19 00:00:00,Brentford Community Stadium
19.549999237060547,73.5676498413086,3.667424201965332,0.0,Mainly clear,Mainly clear,Liverpool_2024-05-19 00:00:00,Anfield
21.100000381469727,42.61113739013672,4.313930988311768,0.0,Overcast,Overcast,Arsenal_2024-05-19 00:00:00,Emirates Stadium
21.0,44.655391693115234,3.90512490272522,0.0,Light drizzle,Light drizzle,Crystal Palace_2024-05-19 00:00:00,Selhurst Park
21.350000381469727,43.85475158691406,4.123105525970459,0.0,Light drizzle,Light drizzle,Chelsea_2024-05-19 00:00:00,Stamford Bridge
15.449999809265137,88.16474914550781,2.4413111209869385,0.6000000238418579,Moderate drizzle,Moderate drizzle,Brighton_2024-05-19 00:00:00,Falmer Stadium
18.95400047302246,60.14973831176758,3.106444835662842,0.0,Mainly clear,Mainly clear,Burnley_2024-05-19 00:00:00,Turf Moor
22.0,38.84390640258789,2.4020824432373047,0.0,Overcast,Overcast,Arsenal_2024-08-17 00:00:00,Emirates Stadium
17.049999237060547,62.77861404418945,3.3241539001464844,0.0,Overcast,Overcast,Everton_2024-08-17 00:00:00,Goodison Park
18.299999237060547,59.99434661865234,5.1623640060424805,0.0,Overcast,Overcast,Newcastle_2024-08-17 00:00:00,St. James' Park
22.200000762939453,40.65993881225586,2.507987260818481,0.0,Overcast,Overcast,West Ham_2024-08-17 00:00:00,London Stadium
24.950000762939453,32.847782135009766,4.492215633392334,0.0,Overcast,Overcast,Chelsea_2024-08-18 00:00:00,Stamford Bridge
24.64999961853028,33.900691986083984,4.617358684539795,0.0,Overcast,Overcast,Brentford_2024-08-18 00:00:00,Brentford Community Stadium
18.799999237060547,67.69125366210938,8.612781524658203,0.0,Light drizzle,Light drizzle,Leicester_2024-08-19 00:00:00,King Power Stadium
16.549999237060547,79.28993225097656,4.738142967224121,0.0,Slight rain,Slight rain,Tottenham_2024-08-24 00:00:00,Tottenham Hotspur Stadium
17.649999618530273,71.33972930908203,5.503635406494141,0.1000000014901161,Moderate rain,Moderate rain,Brighton_2024-08-24 00:00:00,Falmer Stadium
16.5,78.76582336425781,5.308484077453613,0.0,Moderate rain,Moderate rain,Crystal Palace_2024-08-24 00:00:00,Selhurst Park
17.350000381469727,48.5704231262207,5.433231353759766,0.0,Slight rain,Slight rain,Aston Villa_2024-08-24 00:00:00,Villa Park
17.20050048828125,63.023223876953125,9.8478422164917,0.0,Light drizzle,Light drizzle,Bournemouth_2024-08-25 00:00:00,Vitality Stadium
16.450000762939453,67.20658111572266,9.154780387878418,0.0,Overcast,Overcast,Wolves_2024-08-25 00:00:00,Molineux Stadium
16.549999237060547,71.60569763183594,8.184130668640137,0.0,Light drizzle,Light drizzle,Liverpool_2024-08-25 00:00:00,Anfield
17.799999237060547,59.8749885559082,6.451356410980225,0.1000000014901161,Moderate drizzle,Moderate drizzle,Leicester_2024-08-31 00:00:00,King Power Stadium
19.549999237060547,61.4955940246582,7.864477157592773,0.0,Overcast,Overcast,Arsenal_2024-08-31 00:00:00,Emirates Stadium
19.350000381469727,61.85598373413086,7.592759609222412,0.0,Light drizzle,Light drizzle,Brentford_2024-08-31 00:00:00,Brentford Community Stadium
19.64999961853028,52.802364349365234,5.393514633178711,0.0,Overcast,Overcast,Everton_2024-08-31 00:00:00,Goodison Park
19.200000762939453,64.52472686767578,7.518643379211426,0.0,Light drizzle,Light drizzle,West Ham_2024-08-31 00:00:00,London Stadium
15.899999618530272,90.22589111328124,2.901723861694336,0.0,Moderate rain,Moderate rain,Newcastle_2024-09-01 00:00:00,St. James' Park
25.299999237060547,63.59074401855469,4.599999904632568,0.0,Overcast,Overcast,Chelsea_2024-09-01 00:00:00,Stamford Bridge
17.0,56.15918350219727,4.172529220581055,0.0,Overcast,Overcast,Crystal Palace_2024-09-14 00:00:00,Selhurst Park
15.25,59.66524124145508,3.940812110900879,0.0,Overcast,Overcast,Brighton_2024-09-14 00:00:00,Falmer Stadium
16.700000762939453,59.009578704833984,5.024937629699707,0.0,Overcast,Overcast,Aston Villa_2024-09-14 00:00:00,Villa Park
15.650500297546388,64.16954803466797,4.390899658203125,0.0,Overcast,Overcast,Bournemouth_2024-09-14 00:00:00,Vitality Stadium
17.299999237060547,62.62591171264648,5.869411945343018,0.0,Overcast,Overcast,Liverpool_2024-09-14 00:00:00,Anfield
17.25,65.6067886352539,3.5,0.1000000014901161,Moderate drizzle,Moderate drizzle,Tottenham_2024-09-15 00:00:00,Tottenham Hotspur Stadium
15.649999618530272,80.20917510986328,4.031128883361816,0.0,Dense drizzle,Dense drizzle,Wolves_2024-09-15 00:00:00,Molineux Stadium
16.899999618530273,90.29740142822266,2.745906114578247,1.2999999523162842,Moderate rain,Moderate rain,Leicester_2024-09-21 00:00:00,King Power Stadium
21.75,60.02054214477539,4.244997024536133,0.0,Moderate rain,Moderate rain,Tottenham_2024-09-21 00:00:00,Tottenham Hotspur Stadium
22.450000762939453,51.798587799072266,3.5693135261535645,0.0,Moderate drizzle,Moderate drizzle,Crystal Palace_2024-09-21 00:00:00,Selhurst Park
19.950000762939453,68.36703491210938,4.876473903656006,0.4000000059604645,Slight rain,Slight rain,Liverpool_2024-09-21 00:00:00,Anfield
16.75,89.99703979492188,2.8460500240325928,6.599999904632568,Moderate rain,Moderate rain,Aston Villa_2024-09-21 00:00:00,Villa Park
21.850000381469727,60.63163757324219,4.3046488761901855,0.0,Dense drizzle,Dense drizzle,West Ham_2024-09-21 00:00:00,London Stadium
17.850000381469727,86.96759796142578,4.623851299285889,0.1000000014901161,Slight rain,Slight rain,Brighton_2024-09-22 00:00:00,Falmer Stadium
13.25,58.97192001342773,2.77353572845459,0.0,Overcast,Overcast,Arsenal_2024-09-28 00:00:00,Emirates Stadium
12.699999809265137,61.555782318115234,3.1894357204437256,0.0,Overcast,Overcast,Wolves_2024-09-28 00:00:00,Molineux Stadium
13.5,57.81816101074219,2.6669270992279053,0.0,Overcast,Overcast,Chelsea_2024-09-28 00:00:00,Stamford Bridge
13.449999809265137,58.00667190551758,2.4377243518829346,0.0,Overcast,Overcast,Brentford_2024-09-28 00:00:00,Brentford Community Stadium
11.800000190734863,70.94547271728516,4.0478386878967285,0.0,Light drizzle,Light drizzle,Newcastle_2024-09-28 00:00:00,St. James' Park
12.0,73.2044677734375,4.92544412612915,0.0,Light drizzle,Light drizzle,Everton_2024-09-28 00:00:00,Goodison Park
15.150500297546388,72.06266784667969,8.492644309997559,0.0,Moderate rain,Moderate rain,Bournemouth_2024-09-30 00:00:00,Vitality Stadium
15.5,63.91959381103516,6.150203227996826,0.0,Overcast,Overcast,Everton_2024-10-05 00:00:00,Goodison Park
15.050000190734863,60.850833892822266,4.513590335845947,0.0,Overcast,Overcast,Crystal Palace_2024-10-05 00:00:00,Selhurst Park
15.300000190734863,59.881290435791016,4.609772205352783,0.0,Overcast,Overcast,West Ham_2024-10-05 00:00:00,London Stadium
14.899999618530272,64.00163269042969,5.21943473815918,0.0,Overcast,Overcast,Leicester_2024-10-05 00:00:00,King Power Stadium
15.199999809265137,59.85714340209961,4.771267890930176,0.0,Overcast,Overcast,Arsenal_2024-10-05 00:00:00,Emirates Stadium
15.25,60.48483276367188,4.390045642852783,0.0,Overcast,Overcast,Brentford_2024-10-05 00:00:00,Brentford Community Stadium
15.800000190734863,89.34638977050781,5.517698764801025,0.1000000014901161,Moderate drizzle,Moderate drizzle,Brighton_2024-10-06 00:00:00,Falmer Stadium
15.0,83.62554168701172,3.530226707458496,0.0,Moderate rain,Moderate rain,Chelsea_2024-10-06 00:00:00,Stamford Bridge
12.949999809265137,88.82566833496094,3.7312867641448975,0.1000000014901161,Moderate rain,Moderate rain,Aston Villa_2024-10-06 00:00:00,Villa Park
14.650500297546388,77.1999740600586,3.987793922424317,0.0,Moderate rain,Moderate rain,Bournemouth_2024-10-19 00:00:00,Vitality Stadium
13.350000381469728,74.44573211669922,2.425386428833008,0.0,Moderate rain,Moderate rain,Newcastle_2024-10-19 00:00:00,St. James' Park
14.949999809265137,73.9766845703125,2.25887131690979,0.0,Slight rain,Slight rain,Tottenham_2024-10-19 00:00:00,Tottenham Hotspur Stadium
14.949999809265137,65.5492935180664,9.323626518249512,0.0,Slight rain,Slight rain,Wolves_2024-10-20 00:00:00,Molineux Stadium
15.0,59.6046028137207,10.790040969848633,0.0,Slight rain,Slight rain,Liverpool_2024-10-20 00:00:00,Anfield
15.600000381469728,90.20426940917967,2.7335872650146484,0.0,Light drizzle,Light drizzle,Leicester_2024-10-25 00:00:00,King Power Stadium
13.050000190734863,74.14253997802734,2.562225580215454,0.0,Dense drizzle,Dense drizzle,Everton_2024-10-26 00:00:00,Goodison Park
14.050000190734863,94.31468963623048,1.6970562934875488,0.0,Moderate drizzle,Moderate drizzle,Brighton_2024-10-26 00:00:00,Falmer Stadium
13.199999809265137,95.83773040771484,0.4031128883361816,0.1000000014901161,Light drizzle,Light drizzle,Brentford_2024-10-26 00:00:00,Brentford Community Stadium
12.600000381469728,80.32156372070312,2.302172899246216,0.0,Overcast,Overcast,Aston Villa_2024-10-26 00:00:00,Villa Park
12.449999809265137,78.9586410522461,1.3601471185684204,0.0,Light drizzle,Light drizzle,Arsenal_2024-10-27 00:00:00,Emirates Stadium
13.350000381469728,75.96647644042969,1.5945218801498413,0.0,Overcast,Overcast,Crystal Palace_2024-10-27 00:00:00,Selhurst Park
13.0,78.50979614257812,1.346291184425354,0.0,Light drizzle,Light drizzle,Chelsea_2024-10-27 00:00:00,Stamford Bridge
12.449999809265137,81.38888549804688,1.7677669525146484,0.0,Light drizzle,Light drizzle,West Ham_2024-10-27 00:00:00,London Stadium
13.30049991607666,87.39656829833984,5.000999927520752,0.1000000014901161,Light drizzle,Light drizzle,Bournemouth_2024-11-02 00:00:00,Vitality Stadium
11.75,87.54535675048828,3.7262582778930655,0.0,Overcast,Overcast,Newcastle_2024-11-02 00:00:00,St. James' Park
12.0,87.86162567138672,1.4916434288024902,0.0,Light drizzle,Light drizzle,Wolves_2024-11-02 00:00:00,Molineux Stadium
12.25,84.99397277832031,2.2677080631256104,0.0,Light drizzle,Light drizzle,Liverpool_2024-11-02 00:00:00,Anfield
12.25,78.92920684814453,3.0565502643585205,0.0,Overcast,Overcast,Tottenham_2024-11-03 00:00:00,Tottenham Hotspur Stadium
8.350000381469727,73.56043243408203,1.6347782611846924,0.0,Overcast,Overcast,Crystal Palace_2024-11-09 00:00:00,Selhurst Park
7.0,73.83637237548828,0.7632168531417847,0.0,Overcast,Overcast,Wolves_2024-11-09 00:00:00,Molineux Stadium
7.599999904632568,74.99540710449219,2.9410884380340576,0.0,Overcast,Overcast,Liverpool_2024-11-09 00:00:00,Anfield
8.449999809265137,74.61788177490234,1.3152945041656494,0.0,Overcast,Overcast,Brentford_2024-11-09 00:00:00,Brentford Community Stadium
9.0,85.218017578125,2.081465721130371,0.0,Overcast,Overcast,Brighton_2024-11-09 00:00:00,Falmer Stadium
8.350000381469727,73.30245971679688,1.2020814418792725,0.0,Overcast,Overcast,West Ham_2024-11-09 00:00:00,London Stadium
10.800000190734863,90.45552825927734,2.330772399902344,0.0,Overcast,Overcast,Tottenham_2024-11-10 00:00:00,Tottenham Hotspur Stadium
11.149999618530272,90.1775360107422,2.126029253005981,0.0,Overcast,Overcast,Chelsea_2024-11-10 00:00:00,Stamford Bridge
12.550000190734863,91.48524475097656,8.966743469238281,0.2000000029802322,Dense drizzle,Dense drizzle,Leicester_2024-11-23 00:00:00,King Power Stadium
11.399999618530272,93.57310485839844,8.321659088134766,1.2000000476837158,Slight rain,Slight rain,Arsenal_2024-11-23 00:00:00,Emirates Stadium
12.649999618530272,92.7104034423828,8.235593795776367,0.3000000119209289,Slight snow fall,Slight snow fall,Aston Villa_2024-11-23 00:00:00,Villa Park
14.350500106811523,91.00233459472656,13.814214706420898,1.7999999523162842,Moderate rain,Moderate rain,Bournemouth_2024-11-23 00:00:00,Vitality Stadium
13.199999809265137,88.84627532958984,5.217278957366943,1.2000000476837158,Moderate snow fall,Moderate snow fall,Everton_2024-11-23 00:00:00,Goodison Park
7.400000095367432,68.84152221679688,7.447483062744141,0.0,Overcast,Overcast,Newcastle_2024-11-25 00:00:00,St. James' Park
9.199999809265137,71.68206024169922,6.309714794158936,0.0,Overcast,Overcast,Brighton_2024-11-29 00:00:00,Falmer Stadium
12.25,95.1762237548828,4.962357997894287,0.0,Light drizzle,Light drizzle,Wolves_2024-11-30 00:00:00,Molineux Stadium
12.550000190734863,92.3986587524414,2.9107561111450195,0.0,Overcast,Overcast,Brentford_2024-11-30 00:00:00,Brentford Community Stadium
12.149999618530272,93.92041015625,3.140063524246216,0.0,Overcast,Overcast,Crystal Palace_2024-11-30 00:00:00,Selhurst Park
12.0,93.60237121582033,2.8040149211883545,0.0,Overcast,Overcast,West Ham_2024-11-30 00:00:00,London Stadium
12.5,94.2474365234375,4.21010684967041,0.0,Slight rain,Slight rain,Tottenham_2024-12-01 00:00:00,Tottenham Hotspur Stadium
12.399999618530272,92.39005279541016,3.740654945373535,0.0,Moderate drizzle,Moderate drizzle,Chelsea_2024-12-01 00:00:00,Stamford Bridge
12.199999809265137,86.13469696044922,3.592005014419556,0.0,Moderate rain,Moderate rain,Liverpool_2024-12-01 00:00:00,Anfield
3.400000095367432,88.31031799316406,0.570087730884552,0.0,Overcast,Overcast,Leicester_2024-12-03 00:00:00,King Power Stadium
7.349999904632568,90.2033462524414,1.752854824066162,0.0,Light drizzle,Light drizzle,Arsenal_2024-12-04 00:00:00,Emirates Stadium
6.900000095367432,93.02494049072266,4.300291061401367,0.0,Moderate drizzle,Moderate drizzle,Aston Villa_2024-12-04 00:00:00,Villa Park
7.550000190734863,92.7402801513672,5.303300857543945,0.0,Slight rain,Slight rain,Everton_2024-12-04 00:00:00,Goodison Park
4.699999809265137,95.2187042236328,4.208621978759766,0.0,Dense drizzle,Dense drizzle,Newcastle_2024-12-04 00:00:00,St. James' Park
12.95050048828125,93.95726776123048,10.027586936950684,0.699999988079071,Moderate rain,Moderate rain,Bournemouth_2024-12-05 00:00:00,Vitality Stadium
6.75,78.37238311767578,6.603786945343018,0.0,Slight rain,Slight rain,Crystal Palace_2024-12-07 00:00:00,Selhurst Park
6.900000095367432,77.56993103027344,7.661102771759033,0.0,Moderate snow fall,Moderate snow fall,Brentford_2024-12-07 00:00:00,Brentford Community Stadium
5.449999809265137,86.3359146118164,11.0907621383667,0.699999988079071,Slight rain,Slight rain,Aston Villa_2024-12-07 00:00:00,Villa Park
5.599999904632568,93.27957916259766,8.01888370513916,0.800000011920929,Dense drizzle,Dense drizzle,Leicester_2024-12-08 00:00:00,King Power Stadium
6.449999809265137,90.45034790039062,8.05062198638916,0.800000011920929,Moderate drizzle,Moderate drizzle,Tottenham_2024-12-08 00:00:00,Tottenham Hotspur Stadium
7.599999904632568,80.16986846923828,5.657958507537842,0.0,Light drizzle,Light drizzle,West Ham_2024-12-09 00:00:00,London Stadium
5.699999809265137,83.3677749633789,2.992072820663452,0.0,Light drizzle,Light drizzle,Arsenal_2024-12-14 00:00:00,Emirates Stadium
5.699999809265137,85.45355987548828,4.454492092132568,0.0,Light drizzle,Light drizzle,Newcastle_2024-12-14 00:00:00,St. James' Park
6.25,79.13184356689453,3.6090164184570312,0.0,Light drizzle,Light drizzle,Wolves_2024-12-14 00:00:00,Molineux Stadium
7.900000095367432,82.47964477539062,5.598660469055176,0.1000000014901161,Light drizzle,Light drizzle,Liverpool_2024-12-14 00:00:00,Anfield
11.399999618530272,90.19590759277344,5.129571437835693,0.0,Overcast,Overcast,Brighton_2024-12-15 00:00:00,Falmer Stadium
11.399999618530272,90.19590759277344,3.716517210006714,0.0,Overcast,Overcast,Chelsea_2024-12-15 00:00:00,Stamford Bridge
10.500499725341797,85.6700439453125,4.056168079376221,0.0,Overcast,Overcast,Bournemouth_2024-12-16 00:00:00,Vitality Stadium
11.600000381469728,84.35273742675781,6.747591972351074,0.1000000014901161,Slight rain,Slight rain,Crystal Palace_2024-12-21 00:00:00,Selhurst Park
11.649999618530272,82.11166381835938,6.134533405303955,0.1000000014901161,Moderate drizzle,Moderate drizzle,Brentford_2024-12-21 00:00:00,Brentford Community Stadium
8.699999809265137,73.88204193115234,6.841235160827637,0.0,Light drizzle,Light drizzle,Aston Villa_2024-12-21 00:00:00,Villa Park
11.800000190734863,81.30279541015625,6.2018141746521,0.1000000014901161,Moderate rain,Moderate rain,West Ham_2024-12-21 00:00:00,London Stadium
5.25,73.51741790771484,8.878203392028809,0.0,Moderate snow fall,Moderate snow fall,Leicester_2024-12-22 00:00:00,King Power Stadium
4.900000095367432,68.81568908691406,6.84853982925415,0.0,Moderate snow fall,Moderate snow fall,Tottenham_2024-12-22 00:00:00,Tottenham Hotspur Stadium
7.349999904632568,63.38508605957031,11.99103832244873,0.1000000014901161,Heavy snow fall,Heavy snow fall,Everton_2024-12-22 00:00:00,Goodison Park
6.0,98.28645324707033,1.4916434288024902,0.0,Overcast,Overcast,Wolves_2024-12-26 00:00:00,Molineux Stadium
7.050000190734863,92.39244079589844,0.699999988079071,0.0,Overcast,Overcast,Chelsea_2024-12-26 00:00:00,Stamford Bridge
6.199999809265137,99.31253814697266,0.9124143123626708,0.0,Overcast,Overcast,Newcastle_2024-12-26 00:00:00,St. James' Park
7.250500202178955,88.64730834960938,1.1629703044891355,0.0,Overcast,Overcast,Bournemouth_2024-12-26 00:00:00,Vitality Stadium
6.900000095367432,95.30062103271484,2.0796635150909424,0.0,Overcast,Overcast,Liverpool_2024-12-26 00:00:00,Anfield
6.150000095367432,95.27291870117188,0.2236068099737167,0.0,Overcast,Overcast,Arsenal_2024-12-27 00:00:00,Emirates Stadium
6.199999809265137,91.06492614746094,1.0307763814926147,0.0,Overcast,Overcast,Brighton_2024-12-27 00:00:00,Falmer Stadium
6.849999904632568,90.79393005371094,4.007804870605469,0.0,Overcast,Overcast,Leicester_2024-12-29 00:00:00,King Power Stadium
5.900000095367432,93.62078857421876,2.977414846420288,0.0,Overcast,Overcast,Tottenham_2024-12-29 00:00:00,Tottenham Hotspur Stadium
6.300000190734863,91.38944244384766,2.8999998569488525,0.0,Overcast,Overcast,Crystal Palace_2024-12-29 00:00:00,Selhurst Park
8.949999809265137,84.33800506591797,5.213923931121826,0.0,Light drizzle,Light drizzle,Everton_2024-12-29 00:00:00,Goodison Park
6.150000095367432,92.33943176269533,2.7613401412963867,0.0,Overcast,Overcast,West Ham_2024-12-29 00:00:00,London Stadium
7.5,87.146240234375,5.166236400604248,0.0,Overcast,Overcast,Aston Villa_2024-12-30 00:00:00,Villa Park
5.5,91.65677642822266,3.783186435699463,1.100000023841858,Slight rain,Slight rain,Brentford_2025-01-01 00:00:00,Brentford Community Stadium
1.850000023841858,88.81143951416016,2.885307550430298,0.0,Heavy snow fall,Heavy snow fall,Tottenham_2025-01-04 00:00:00,Tottenham Hotspur Stadium
2.400000095367432,78.54434204101562,2.77353572845459,0.0,Heavy snow fall,Heavy snow fall,Crystal Palace_2025-01-04 00:00:00,Selhurst Park
4.25,69.4359130859375,6.421253681182861,0.0,Moderate snow fall,Moderate snow fall,Brighton_2025-01-04 00:00:00,Falmer Stadium
0.5,90.00109100341797,2.5164458751678467,0.0,Heavy snow fall,Heavy snow fall,Aston Villa_2025-01-04 00:00:00,Villa Park
4.150500297546387,77.4061050415039,5.640256881713867,0.1000000014901161,Moderate snow fall,Moderate snow fall,Bournemouth_2025-01-04 00:00:00,Vitality Stadium
1.399999976158142,94.0682373046875,3.1484122276306152,0.800000011920929,Heavy snow fall,Heavy snow fall,Liverpool_2025-01-05 00:00:00,Anfield
2.799999952316284,83.0067367553711,5.411330699920654,0.0,Heavy snow fall,Heavy snow fall,Wolves_2025-01-06 00:00:00,Molineux Stadium
7.800000190734863,90.54813385009766,1.3829317092895508,0.0,Overcast,Overcast,Brentford_2025-01-14 00:00:00,Brentford Community Stadium
8.25,88.12391662597656,1.697792649269104,0.0,Overcast,Overcast,Chelsea_2025-01-14 00:00:00,Stamford Bridge
8.25,89.65223693847656,1.820027470588684,0.0,Overcast,Overcast,West Ham_2025-01-14 00:00:00,London Stadium
7.650000095367432,93.38555908203124,1.844586610794068,0.0,Overcast,Overcast,Leicester_2025-01-15 00:00:00,King Power Stadium
7.099999904632568,94.32820892333984,2.015564441680908,0.0,Overcast,Overcast,Everton_2025-01-15 00:00:00,Goodison Park
8.75,82.87315368652344,2.2610838413238525,0.0,Overcast,Overcast,Newcastle_2025-01-15 00:00:00,St. James' Park
9.350000381469728,94.42618560791016,0.9656603932380676,0.0,Overcast,Overcast,Arsenal_2025-01-15 00:00:00,Emirates Stadium
1.2999999523162842,87.16283416748047,0.9124143123626708,0.0,Overcast,Overcast,Leicester_2025-01-18 00:00:00,King Power Stadium
2.8499999046325684,86.06549835205078,1.518222689628601,0.0,Overcast,Overcast,Arsenal_2025-01-18 00:00:00,Emirates Stadium
2.5999999046325684,85.72888946533203,1.2854959964752195,0.0,Overcast,Overcast,Brentford_2025-01-18 00:00:00,Brentford Community Stadium
3.900000095367432,90.2615203857422,1.1011357307434082,0.0,Overcast,Overcast,Newcastle_2025-01-18 00:00:00,St. James' Park
3.0,88.27446746826172,1.7102630138397217,0.0,Overcast,Overcast,West Ham_2025-01-18 00:00:00,London Stadium
2.3499999046325684,88.21587371826172,2.6348624229431152,0.0,Overcast,Overcast,Everton_2025-01-19 00:00:00,Goodison Park
5.599999904632568,87.26839447021484,1.0307763814926147,0.0,Light drizzle,Light drizzle,Chelsea_2025-01-20 00:00:00,Stamford Bridge
6.100500106811523,73.14810180664062,1.4142135381698608,0.0,Moderate drizzle,Moderate drizzle,Bournemouth_2025-01-25 00:00:00,Vitality Stadium
5.300000190734863,80.1236572265625,0.570087730884552,0.0,Dense drizzle,Dense drizzle,Brighton_2025-01-25 00:00:00,Falmer Stadium
5.0,70.863525390625,3.063494682312012,0.0,Overcast,Overcast,Wolves_2025-01-25 00:00:00,Molineux Stadium
5.550000190734863,66.25609588623047,2.2360680103302,0.0,Moderate snow fall,Moderate snow fall,Liverpool_2025-01-25 00:00:00,Anfield
4.849999904632568,94.89108276367188,7.760315895080566,3.200000047683716,Moderate snow fall,Moderate snow fall,Tottenham_2025-01-26 00:00:00,Tottenham Hotspur Stadium
5.849999904632568,93.61831665039062,7.8020830154418945,2.299999952316284,Moderate rain,Moderate rain,Crystal Palace_2025-01-26 00:00:00,Selhurst Park
4.849999904632568,94.89108276367188,8.4832181930542,0.800000011920929,Slight rain,Slight rain,Aston Villa_2025-01-26 00:00:00,Villa Park
6.950500011444092,83.22822570800781,3.826878547668457,0.1000000014901161,Light drizzle,Light drizzle,Bournemouth_2025-02-01 00:00:00,Vitality Stadium
6.150000095367432,77.45035552978516,4.585302352905273,0.0,Overcast,Overcast,Everton_2025-02-01 00:00:00,Goodison Park
5.349999904632568,76.7706069946289,3.450000047683716,0.0,Light drizzle,Light drizzle,Wolves_2025-02-01 00:00:00,Molineux Stadium
5.650000095367432,76.0010986328125,3.3060550689697266,0.0,Overcast,Overcast,Newcastle_2025-02-01 00:00:00,St. James' Park
6.449999809265137,76.95073699951172,1.50416100025177,0.0,Overcast,Overcast,Arsenal_2025-02-02 00:00:00,Emirates Stadium
6.75,74.5819320678711,1.507481336593628,0.0,Overcast,Overcast,Brentford_2025-02-02 00:00:00,Brentford Community Stadium
7.550000190734863,90.84300231933594,3.020761489868164,0.0,Overcast,Overcast,Chelsea_2025-02-03 00:00:00,Stamford Bridge
6.349999904632568,69.11775207519531,2.7064738273620605,0.0,Overcast,Overcast,Everton_2025-02-12 00:00:00,Goodison Park
3.75,75.40251922607422,5.3051862716674805,0.0,Overcast,Overcast,Brighton_2025-02-14 00:00:00,Falmer Stadium
3.3499999046325684,96.18516540527344,2.193171262741089,0.4000000059604645,Dense drizzle,Dense drizzle,Leicester_2025-02-15 00:00:00,King Power Stadium
5.050000190734863,78.1082992553711,2.2671568393707275,0.0,Moderate drizzle,Moderate drizzle,Crystal Palace_2025-02-15 00:00:00,Selhurst Park
3.650000095367432,97.21927642822266,2.1633307933807373,0.2000000029802322,Moderate snow fall,Moderate snow fall,Aston Villa_2025-02-15 00:00:00,Villa Park
4.550000190734863,81.46082305908203,2.31624698638916,0.0,Light drizzle,Light drizzle,West Ham_2025-02-15 00:00:00,London Stadium
3.150000095367432,70.75223541259766,4.089315414428711,0.0,Overcast,Overcast,Tottenham_2025-02-16 00:00:00,Tottenham Hotspur Stadium
4.099999904632568,74.1077651977539,4.795049667358398,0.0,Light drizzle,Light drizzle,Liverpool_2025-02-16 00:00:00,Anfield
6.550000190734863,89.20675659179688,3.212864875793457,0.0,Dense drizzle,Dense drizzle,Aston Villa_2025-02-19 00:00:00,Villa Park
13.350000381469728,81.50714874267578,9.095741271972656,0.2000000029802322,Light drizzle,Light drizzle,Leicester_2025-02-21 00:00:00,King Power Stadium
11.000499725341797,83.14972686767578,4.553295612335205,0.0,Light drizzle,Light drizzle,Bournemouth_2025-02-22 00:00:00,Vitality Stadium
12.399999618530272,66.80651092529297,3.0528674125671387,0.0,Slight rain,Slight rain,Arsenal_2025-02-22 00:00:00,Emirates Stadium
10.949999809265137,71.765625,2.9769952297210693,0.0,Overcast,Overcast,Everton_2025-02-22 00:00:00,Goodison Park
11.550000190734863,62.79958724975586,3.361547470092773,0.0,Overcast,Overcast,Aston Villa_2025-02-22 00:00:00,Villa Park
10.600000381469728,85.10123443603516,8.680582046508789,1.100000023841858,Slight rain,Slight rain,Newcastle_2025-02-23 00:00:00,St. James' Park
10.199999809265137,58.62543869018555,3.466987133026123,0.0,Moderate drizzle,Moderate drizzle,Brighton_2025-02-25 00:00:00,Falmer Stadium
8.649999618530273,60.147491455078125,4.057708740234375,0.0,Light drizzle,Light drizzle,Wolves_2025-02-25 00:00:00,Molineux Stadium
10.100000381469728,59.01848602294922,2.9732136726379395,0.0,Light drizzle,Light drizzle,Chelsea_2025-02-25 00:00:00,Stamford Bridge
9.850000381469728,60.87260818481445,3.1084561347961426,0.0,Moderate drizzle,Moderate drizzle,Crystal Palace_2025-02-25 00:00:00,Selhurst Park
7.349999904632568,81.54962158203125,2.95169448852539,0.0,Moderate rain,Moderate rain,Tottenham_2025-02-26 00:00:00,Tottenham Hotspur Stadium
7.449999809265137,81.56297302246094,4.932798385620117,0.1000000014901161,Moderate rain,Moderate rain,Brentford_2025-02-26 00:00:00,Brentford Community Stadium
6.349999904632568,82.57093048095703,5.2146430015563965,0.2000000029802322,Slight snow fall,Slight snow fall,Liverpool_2025-02-26 00:00:00,Anfield
8.899999618530273,55.03101348876953,3.290136814117432,0.0,Light drizzle,Light drizzle,West Ham_2025-02-27 00:00:00,London Stadium
15.149999618530272,62.13066864013672,3.716517210006714,0.0,Overcast,Overcast,Wolves_2025-03-08 00:00:00,Molineux Stadium
14.949999809265137,59.18588638305664,3.2760493755340576,0.0,Overcast,Overcast,Crystal Palace_2025-03-08 00:00:00,Selhurst Park
15.149999618530272,58.83092498779297,3.1180922985076904,0.0,Overcast,Overcast,Brentford_2025-03-08 00:00:00,Brentford Community Stadium
13.699999809265137,67.0825424194336,4.455333709716797,0.0,Overcast,Overcast,Brighton_2025-03-08 00:00:00,Falmer Stadium
16.600000381469727,53.62490463256836,3.769615411758423,0.0,Overcast,Overcast,Liverpool_2025-03-08 00:00:00,Anfield
14.25,61.92079925537109,3.169384956359864,0.0,Overcast,Overcast,Tottenham_2025-03-09 00:00:00,Tottenham Hotspur Stadium
15.550000190734863,61.17690658569336,2.8257741928100586,0.0,Overcast,Overcast,Chelsea_2025-03-09 00:00:00,Stamford Bridge
13.350000381469728,70.04342651367188,3.5794553756713867,0.0,Light drizzle,Light drizzle,West Ham_2025-03-10 00:00:00,London Stadium
7.400500297546387,47.66102600097656,6.240392208099365,0.0,Overcast,Overcast,Bournemouth_2025-03-15 00:00:00,Vitality Stadium
7.0,65.62593078613281,3.041381359100342,0.0,Light drizzle,Light drizzle,Everton_2025-03-15 00:00:00,Goodison Park
7.300000190734863,71.82425689697266,3.070016384124756,0.0,Light drizzle,Light drizzle,Leicester_2025-03-16 00:00:00,King Power Stadium
7.400000095367432,65.24567413330078,4.100305080413818,0.0,Light drizzle,Light drizzle,Arsenal_2025-03-16 00:00:00,Emirates Stadium
12.399999618530272,44.38900375366211,5.531726837158203,0.0,Partly cloudy,Partly cloudy,Arsenal_2025-04-01 00:00:00,Emirates Stadium
13.300000190734863,52.93517303466797,5.119814395904541,0.0,Overcast,Overcast,Wolves_2025-04-01 00:00:00,Molineux Stadium
15.55049991607666,42.806095123291016,8.068612098693848,0.0,Mainly clear,Mainly clear,Bournemouth_2025-04-02 00:00:00,Vitality Stadium
10.75,63.49796295166016,3.3143625259399414,0.0,Clear sky,Clear sky,Newcastle_2025-04-02 00:00:00,St. James' Park
13.850000381469728,61.19272613525391,7.850636959075928,0.0,Clear sky,Clear sky,Brighton_2025-04-02 00:00:00,Falmer Stadium
14.600000381469728,49.86409759521485,5.278730869293213,0.0,Clear sky,Clear sky,Liverpool_2025-04-02 00:00:00,Anfield
17.25,45.14122772216797,4.400284290313721,0.0,Overcast,Overcast,Chelsea_2025-04-03 00:00:00,Stamford Bridge
14.399999618530272,49.8090705871582,4.650269031524658,0.0,Mainly clear,Mainly clear,Everton_2025-04-05 00:00:00,Goodison Park
16.0,32.11333465576172,5.079862117767334,0.0,Clear sky,Clear sky,Crystal Palace_2025-04-05 00:00:00,Selhurst Park
14.25,39.205039978027344,5.391891956329346,0.0,Overcast,Overcast,Aston Villa_2025-04-05 00:00:00,Villa Park
15.399999618530272,36.143592834472656,5.034381866455078,0.0,Clear sky,Clear sky,West Ham_2025-04-05 00:00:00,London Stadium
12.050000190734863,44.448238372802734,4.306390762329102,0.0,Mainly clear,Mainly clear,Tottenham_2025-04-06 00:00:00,Tottenham Hotspur Stadium
14.550000190734863,28.991809844970703,4.1886749267578125,0.0,Mainly clear,Mainly clear,Brentford_2025-04-06 00:00:00,Brentford Community Stadium
13.449999809265137,41.74399948120117,1.98116135597229,0.0,Clear sky,Clear sky,Leicester_2025-04-07 00:00:00,King Power Stadium
21.799999237060547,27.8471908569336,3.493565559387207,0.0,Overcast,Overcast,Arsenal_2025-04-12 00:00:00,Emirates Stadium
16.200000762939453,65.81956481933594,2.77353572845459,0.0,Overcast,Overcast,Brighton_2025-04-12 00:00:00,Falmer Stadium
11.550000190734863,42.56439971923828,5.158003807067871,0.0,Moderate drizzle,Moderate drizzle,Newcastle_2025-04-13 00:00:00,St. James' Park
11.75,45.008907318115234,4.419558525085449,0.0,Slight rain,Slight rain,Wolves_2025-04-13 00:00:00,Molineux Stadium
15.149999618530272,51.07118606567383,3.1144821643829346,0.0,Light drizzle,Light drizzle,Chelsea_2025-04-13 00:00:00,Stamford Bridge
10.600000381469728,52.96015167236328,2.2549943923950195,0.0,Light drizzle,Light drizzle,Liverpool_2025-04-13 00:00:00,Anfield
11.55049991607666,79.6330795288086,3.846101999282837,0.1000000014901161,Moderate drizzle,Moderate drizzle,Bournemouth_2025-04-14 00:00:00,Vitality Stadium
9.949999809265137,66.0454330444336,6.151829242706299,0.0,Moderate drizzle,Moderate drizzle,Newcastle_2025-04-16 00:00:00,St. James' Park
14.550000190734863,43.28172302246094,5.570008754730225,0.0,Overcast,Overcast,Crystal Palace_2025-04-19 00:00:00,Selhurst Park
15.449999809265137,39.55615234375,5.202403545379639,0.0,Light drizzle,Light drizzle,Brentford_2025-04-19 00:00:00,Brentford Community Stadium
14.850000381469728,47.87685775756836,5.393514633178711,0.0,Moderate drizzle,Moderate drizzle,Aston Villa_2025-04-19 00:00:00,Villa Park
14.600000381469728,45.50208282470703,4.49110221862793,0.0,Light drizzle,Light drizzle,Everton_2025-04-19 00:00:00,Goodison Park
14.399999618530272,47.58283996582031,5.28251838684082,0.0,Moderate drizzle,Moderate drizzle,West Ham_2025-04-19 00:00:00,London Stadium
13.899999618530272,46.44377136230469,2.668332815170288,0.0,Overcast,Overcast,Leicester_2025-04-20 00:00:00,King Power Stadium
13.399999618530272,74.45438385009766,3.3185086250305176,0.8999999761581421,Moderate drizzle,Moderate drizzle,Tottenham_2025-04-21 00:00:00,Tottenham Hotspur Stadium
11.5,68.95894622802734,4.127045154571533,0.0,Slight rain,Slight rain,Arsenal_2025-04-23 00:00:00,Emirates Stadium
16.399999618530273,54.8713264465332,3.735304355621338,0.2000000029802322,Light drizzle,Light drizzle,Newcastle_2025-04-26 00:00:00,St. James' Park
15.600000381469728,67.02885437011719,1.9659603834152224,0.1000000014901161,Light drizzle,Light drizzle,Brighton_2025-04-26 00:00:00,Falmer Stadium
16.700000762939453,53.65111923217773,2.462722063064575,0.0,Overcast,Overcast,Chelsea_2025-04-26 00:00:00,Stamford Bridge
14.699999809265137,64.83171844482422,2.0796635150909424,0.0,Light drizzle,Light drizzle,Wolves_2025-04-26 00:00:00,Molineux Stadium
17.100500106811523,52.84680938720703,3.674914836883545,0.0,Overcast,Overcast,Bournemouth_2025-04-27 00:00:00,Vitality Stadium
17.700000762939453,55.76849365234375,3.0516388416290283,0.0,Overcast,Overcast,Liverpool_2025-04-27 00:00:00,Anfield
14.550000190734863,50.20076370239258,3.9274673461914062,0.0,Light drizzle,Light drizzle,Leicester_2025-05-03 00:00:00,King Power Stadium
17.149999618530273,47.68532180786133,5.308484077453613,0.0,Overcast,Overcast,Arsenal_2025-05-03 00:00:00,Emirates Stadium
14.850000381469728,50.10758972167969,3.2802438735961914,0.0,Light drizzle,Light drizzle,Everton_2025-05-03 00:00:00,Goodison Park
15.050000190734863,44.3586540222168,4.031128883361816,0.0,Light drizzle,Light drizzle,Aston Villa_2025-05-03 00:00:00,Villa Park
12.449999809265137,48.0531005859375,6.109418869018555,0.1000000014901161,Light drizzle,Light drizzle,Brighton_2025-05-04 00:00:00,Falmer Stadium
12.649999618530272,46.58611679077149,5.032891750335693,0.0,Light drizzle,Light drizzle,Brentford_2025-05-04 00:00:00,Brentford Community Stadium
12.800000190734863,43.08454513549805,5.076662063598633,0.0,Light drizzle,Light drizzle,West Ham_2025-05-04 00:00:00,London Stadium
12.649999618530272,44.62158203125,4.79296350479126,0.0,Overcast,Overcast,Chelsea_2025-05-04 00:00:00,Stamford Bridge
13.300000190734863,44.8087272644043,5.303300857543945,0.0,Light drizzle,Light drizzle,Crystal Palace_2025-05-05 00:00:00,Selhurst Park
19.5004997253418,36.94747161865234,5.417102336883545,0.0,Overcast,Overcast,Bournemouth_2025-05-10 00:00:00,Vitality Stadium
20.299999237060547,29.783018112182617,3.5114099979400635,0.0,Overcast,Overcast,Wolves_2025-05-10 00:00:00,Molineux Stadium
17.350000381469727,51.84039688110352,3.175295352935791,0.0,Overcast,Overcast,Newcastle_2025-05-11 00:00:00,St. James' Park
22.049999237060547,42.5902214050293,4.136725902557373,0.0,Overcast,Overcast,Tottenham_2025-05-11 00:00:00,Tottenham Hotspur Stadium
23.450000762939453,23.206418991088867,2.1224985122680664,0.0,Overcast,Overcast,Liverpool_2025-05-11 00:00:00,Anfield
18.200000762939453,45.72301864624024,3.908004522323608,0.0,Overcast,Overcast,Chelsea_2025-05-16 00:00:00,Stamford Bridge
19.950000762939453,32.90674591064453,4.396589279174805,0.0,Partly cloudy,Partly cloudy,Aston Villa_2025-05-16 00:00:00,Villa Park
17.049999237060547,43.99824142456055,2.728094577789306,0.0,Light drizzle,Light drizzle,Leicester_2025-05-18 00:00:00,King Power Stadium
17.200000762939453,42.52934646606445,2.086264610290528,0.0,Overcast,Overcast,Arsenal_2025-05-18 00:00:00,Emirates Stadium
17.200000762939453,42.380741119384766,1.882153034210205,0.0,Overcast,Overcast,Brentford_2025-05-18 00:00:00,Brentford Community Stadium
20.700000762939453,31.640056610107425,2.238861322402954,0.0,Light drizzle,Light drizzle,Everton_2025-05-18 00:00:00,Goodison Park
17.5,42.02385711669922,2.2671568393707275,0.0,Overcast,Overcast,West Ham_2025-05-18 00:00:00,London Stadium
18.0,52.90396499633789,5.056678771972656,0.0,Light drizzle,Light drizzle,Brighton_2025-05-19 00:00:00,Falmer Stadium
23.100000381469727,19.91732215881348,1.7327723503112793,0.0,Overcast,Overcast,Crystal Palace_2025-05-20 00:00:00,Selhurst Park
18.350000381469727,40.679664611816406,6.17919921875,0.0,Light drizzle,Light drizzle,Tottenham_2025-05-25 00:00:00,Tottenham Hotspur Stadium
14.949999809265137,52.82198333740234,6.815423488616943,0.1000000014901161,Light drizzle,Light drizzle,Wolves_2025-05-25 00:00:00,Molineux Stadium
13.75,60.95873260498047,8.031967163085938,0.4000000059604645,Moderate drizzle,Moderate drizzle,Newcastle_2025-05-25 00:00:00,St. James' Park
17.000499725341797,44.75785827636719,6.803308010101318,0.0,Light drizzle,Light drizzle,Bournemouth_2025-05-25 00:00:00,Vitality Stadium
14.600000381469728,61.37027359008789,6.710626125335693,0.0,Slight rain,Slight rain,Liverpool_2025-05-25 00:00:00,Anfield
20.0,64.9103775024414,3.181980609893799,0.0,Overcast,Overcast,Liverpool_2025-08-15 00:00:00,Anfield
22.0,51.17066192626953,3.5710642337799072,0.0,Light drizzle,Light drizzle,Tottenham_2025-08-16 00:00:00,Tottenham Hotspur Stadium
21.5,59.18503189086914,5.810550689697266,0.0,Overcast,Overcast,Brighton_2025-08-16 00:00:00,Falmer Stadium
22.350000381469727,47.9783821105957,4.000312328338623,0.0,Overcast,Overcast,Wolves_2025-08-16 00:00:00,Molineux Stadium
22.39999961853028,45.80474853515625,3.640054941177368,0.0,Overcast,Overcast,Aston Villa_2025-08-16 00:00:00,Villa Park
24.39999961853028,48.05759811401367,2.25887131690979,0.0,Overcast,Overcast,Chelsea_2025-08-17 00:00:00,Stamford Bridge
22.39999961853028,31.45980834960937,2.1639084815979004,0.0,Overcast,Overcast,West Ham_2025-08-22 00:00:00,London Stadium
21.95050048828125,46.76385116577149,2.7554492950439453,0.0,Overcast,Overcast,Bournemouth_2025-08-23 00:00:00,Vitality Stadium
21.549999237060547,47.12532043457031,1.5008331537246704,0.0,Overcast,Overcast,Arsenal_2025-08-23 00:00:00,Emirates Stadium
22.39999961853028,44.000450134277344,0.8062257766723633,0.0,Overcast,Overcast,Brentford_2025-08-23 00:00:00,Brentford Community Stadium
18.85400009155273,69.95061492919922,1.7269916534423828,0.0,Light drizzle,Light drizzle,Burnley_2025-08-23 00:00:00,Turf Moor
23.799999237060547,45.733734130859375,2.055480480194092,0.0,Overcast,Overcast,Everton_2025-08-24 00:00:00,Goodison Park
23.0,41.44110107421875,2.2549943923950195,0.0,Overcast,Overcast,Crystal Palace_2025-08-24 00:00:00,Selhurst Park
26.850000381469727,35.221160888671875,4.720699310302734,0.0,Overcast,Overcast,Newcastle_2025-08-25 00:00:00,St. James' Park
18.39999961853028,78.0269546508789,5.219674587249756,0.0,Slight rain,Slight rain,Tottenham_2025-08-30 00:00:00,Tottenham Hotspur Stadium
17.649999618530273,82.85556030273438,7.361046314239502,0.1000000014901161,Moderate drizzle,Moderate drizzle,Wolves_2025-08-30 00:00:00,Molineux Stadium
18.450000762939453,79.55866241455078,4.79504919052124,0.1000000014901161,Moderate drizzle,Moderate drizzle,Chelsea_2025-08-30 00:00:00,Stamford Bridge
18.5,64.15911865234375,7.62315559387207,0.1000000014901161,Moderate drizzle,Moderate drizzle,Brighton_2025-08-31 00:00:00,Falmer Stadium
18.049999237060547,65.12914276123047,6.139217853546143,0.0,Moderate drizzle,Moderate drizzle,Aston Villa_2025-08-31 00:00:00,Villa Park
18.89999961853028,51.5508041381836,5.805170059204102,0.0,Light drizzle,Light drizzle,Liverpool_2025-08-31 00:00:00,Anfield
16.149999618530273,60.69921112060547,3.1815876960754395,0.0,Moderate rain,Moderate rain,Arsenal_2025-09-13 00:00:00,Emirates Stadium
16.100000381469727,62.98453521728516,3.522783041000366,0.0,Light drizzle,Light drizzle,Crystal Palace_2025-09-13 00:00:00,Selhurst Park
16.649999618530273,55.87983703613281,3.686800718307495,0.0,Moderate rain,Moderate rain,Brentford_2025-09-13 00:00:00,Brentford Community Stadium
14.350000381469728,61.7325553894043,5.091414451599121,0.3000000119209289,Moderate rain,Moderate rain,Newcastle_2025-09-13 00:00:00,St. James' Park
16.40049934387207,53.75642395019531,5.857686996459961,0.0,Light drizzle,Light drizzle,Bournemouth_2025-09-13 00:00:00,Vitality Stadium
14.949999809265137,60.20696640014648,5.338773250579834,0.0,Slight rain,Slight rain,Everton_2025-09-13 00:00:00,Goodison Park
16.0,64.24737548828125,3.015377283096313,0.0,Slight rain,Slight rain,West Ham_2025-09-13 00:00:00,London Stadium
11.753999710083008,88.42987060546875,8.57962703704834,0.2000000029802322,Slight rain,Slight rain,Burnley_2025-09-14 00:00:00,Turf Moor
16.700000762939453,83.55046844482422,5.522680282592773,0.2000000029802322,Moderate rain,Moderate rain,Wolves_2025-09-20 00:00:00,Molineux Stadium
18.799999237060547,79.35230255126953,11.002386093139648,0.4000000059604645,Moderate drizzle,Moderate drizzle,Brighton_2025-09-20 00:00:00,Falmer Stadium
10.553999900817873,93.21797943115234,5.0916595458984375,7.199999809265137,Moderate rain,Moderate rain,Burnley_2025-09-20 00:00:00,Turf Moor
20.14999961853028,70.65380096435547,5.093378067016602,0.0,Overcast,Overcast,West Ham_2025-09-20 00:00:00,London Stadium
12.050000190734863,92.98555755615234,6.491917610168457,5.5,Moderate rain,Moderate rain,Liverpool_2025-09-20 00:00:00,Anfield
14.350500106811523,54.71642303466797,4.368351936340332,0.0,Overcast,Overcast,Bournemouth_2025-09-21 00:00:00,Vitality Stadium
15.050000190734863,42.35943222045898,3.132491111755371,0.0,Overcast,Overcast,Arsenal_2025-09-21 00:00:00,Emirates Stadium
16.600000381469727,54.17787170410156,4.490267276763916,0.0,Overcast,Overcast,Tottenham_2025-09-27 00:00:00,Tottenham Hotspur Stadium
16.25,56.73729705810547,3.9579033851623535,0.0,Light drizzle,Light drizzle,Crystal Palace_2025-09-27 00:00:00,Selhurst Park
16.600000381469727,54.73585510253906,3.90512490272522,0.0,Overcast,Overcast,Chelsea_2025-09-27 00:00:00,Stamford Bridge
16.450000762939453,54.32428741455078,4.1527099609375,0.0,Light drizzle,Light drizzle,Brentford_2025-09-27 00:00:00,Brentford Community Stadium
15.199999809265137,57.05628204345703,1.3583078384399414,0.0,Moderate rain,Moderate rain,Newcastle_2025-09-28 00:00:00,St. James' Park
15.850000381469728,51.26059341430664,2.070024013519287,0.0,Slight rain,Slight rain,Aston Villa_2025-09-28 00:00:00,Villa Park
14.649999618530272,76.68777465820312,1.4115593433380127,0.0,Overcast,Overcast,Everton_2025-09-29 00:00:00,Goodison Park
16.600500106811523,95.6380386352539,10.444616317749023,0.4000000059604645,Moderate rain,Moderate rain,Bournemouth_2025-10-03 00:00:00,Vitality Stadium
12.949999809265137,63.12347030639648,6.428063869476318,0.0,Slight rain,Slight rain,Arsenal_2025-10-04 00:00:00,Emirates Stadium
13.25,61.049930572509766,6.4517436027526855,0.0,Slight rain,Slight rain,Chelsea_2025-10-04 00:00:00,Stamford Bridge
13.25,64.28832244873047,5.561699390411377,0.0,Light drizzle,Light drizzle,Wolves_2025-10-05 00:00:00,Molineux Stadium
15.100000381469728,57.819522857666016,4.306390762329102,0.0,Overcast,Overcast,Brentford_2025-10-05 00:00:00,Brentford Community Stadium
13.550000190734863,69.37252044677734,6.532419204711914,0.0,Overcast,Overcast,Newcastle_2025-10-05 00:00:00,St. James' Park
13.199999809265137,65.3900375366211,4.99799919128418,0.0,Overcast,Overcast,Aston Villa_2025-10-05 00:00:00,Villa Park
14.0,70.64676666259766,6.710066795349121,0.0,Light drizzle,Light drizzle,Everton_2025-10-05 00:00:00,Goodison Park
13.75,65.51051330566406,4.320301055908203,0.0,Overcast,Overcast,Brighton_2025-10-18 00:00:00,Falmer Stadium
13.550000190734863,66.14156341552734,2.247220516204834,0.0,Overcast,Overcast,Crystal Palace_2025-10-18 00:00:00,Selhurst Park
11.303999900817873,82.90548706054688,4.225222110748291,0.0,Light drizzle,Light drizzle,Burnley_2025-10-18 00:00:00,Turf Moor
14.199999809265137,91.29054260253906,5.153881549835205,0.3000000119209289,Slight rain,Slight rain,Tottenham_2025-10-19 00:00:00,Tottenham Hotspur Stadium
14.449999809265137,92.50638580322266,6.161371231079102,0.8999999761581421,Moderate drizzle,Moderate drizzle,Liverpool_2025-10-19 00:00:00,Anfield
14.199999809265137,82.98107147216797,3.6878178119659424,0.1000000014901161,Light drizzle,Light drizzle,West Ham_2025-10-20 00:00:00,London Stadium
7.400000095367432,57.49469375610352,5.21943473815918,0.0,Moderate drizzle,Moderate drizzle,Newcastle_2025-10-25 00:00:00,St. James' Park
9.949999809265137,63.53691482543945,4.301743984222412,0.0,Moderate drizzle,Moderate drizzle,Chelsea_2025-10-25 00:00:00,Stamford Bridge
9.75,64.16694641113281,4.642467021942139,0.0,Light drizzle,Light drizzle,Brentford_2025-10-25 00:00:00,Brentford Community Stadium
8.800000190734863,74.41858673095703,4.477722644805908,0.1000000014901161,Light drizzle,Light drizzle,Arsenal_2025-10-26 00:00:00,Emirates Stadium
8.949999809265137,82.89800262451172,5.770615100860596,0.0,Light drizzle,Light drizzle,Wolves_2025-10-26 00:00:00,Molineux Stadium
8.149999618530273,83.95464324951172,5.411330699920654,0.1000000014901161,Light drizzle,Light drizzle,Aston Villa_2025-10-26 00:00:00,Villa Park
9.900500297546388,72.31681823730469,4.712748527526856,0.3000000119209289,Moderate drizzle,Moderate drizzle,Bournemouth_2025-10-26 00:00:00,Vitality Stadium
10.550000190734863,87.13911437988281,8.95055866241455,0.699999988079071,Dense drizzle,Dense drizzle,Everton_2025-10-26 00:00:00,Goodison Park
11.149999618530272,80.11911010742188,5.7682318687438965,0.699999988079071,Moderate rain,Moderate rain,Tottenham_2025-11-01 00:00:00,Tottenham Hotspur Stadium
11.100000381469728,84.29592895507812,3.995309591293335,0.3000000119209289,Dense drizzle,Dense drizzle,Crystal Palace_2025-11-01 00:00:00,Selhurst Park
10.350000381469728,73.15670013427734,2.6076810359954834,0.0,Moderate rain,Moderate rain,Liverpool_2025-11-01 00:00:00,Anfield
12.0,78.35961151123047,8.391960144042969,0.3000000119209289,Slight rain,Slight rain,Brighton_2025-11-01 00:00:00,Falmer Stadium
9.104000091552734,78.18679809570312,5.202163219451904,0.0,Moderate rain,Moderate rain,Burnley_2025-11-01 00:00:00,Turf Moor
11.050000190734863,65.59635925292969,2.5347583293914795,0.0,Dense drizzle,Dense drizzle,West Ham_2025-11-02 00:00:00,London Stadium
13.0,79.57196807861328,1.866815447807312,0.0,Light drizzle,Light drizzle,Tottenham_2025-11-08 00:00:00,Tottenham Hotspur Stadium
13.350000381469728,76.47944641113281,2.061552762985229,0.0,Slight rain,Slight rain,Chelsea_2025-11-08 00:00:00,Stamford Bridge
11.5,85.48612213134766,0.5656854510307312,0.0,Light drizzle,Light drizzle,Everton_2025-11-08 00:00:00,Goodison Park
13.199999809265137,78.80370330810547,1.7442764043807983,0.0,Moderate rain,Moderate rain,West Ham_2025-11-08 00:00:00,London Stadium
12.5,83.89067840576172,3.505709648132324,0.0,Light drizzle,Light drizzle,Crystal Palace_2025-11-09 00:00:00,Selhurst Park
12.649999618530272,83.34835815429688,3.3499999046325684,0.0,Light drizzle,Light drizzle,Brentford_2025-11-09 00:00:00,Brentford Community Stadium
11.949999809265137,88.1514663696289,4.438468456268311,0.0,Moderate rain,Moderate rain,Aston Villa_2025-11-09 00:00:00,Villa Park
9.30049991607666,91.58466339111328,9.46955680847168,2.5,Moderate rain,Moderate rain,Bournemouth_2025-11-22 00:00:00,Vitality Stadium
4.354000091552734,98.6088638305664,2.452039957046509,0.0,Moderate snow fall,Moderate snow fall,Burnley_2025-11-22 00:00:00,Turf Moor
6.199999809265137,90.74801635742188,1.6552945375442505,0.0,Dense drizzle,Dense drizzle,Newcastle_2025-11-22 00:00:00,St. James' Park
8.050000190734863,89.02157592773438,10.45466423034668,1.399999976158142,Moderate rain,Moderate rain,Brighton_2025-11-22 00:00:00,Falmer Stadium
7.050000190734863,97.29339599609376,1.979898929595948,0.0,Slight rain,Slight rain,Wolves_2025-11-22 00:00:00,Molineux Stadium
6.349999904632568,93.64309692382812,0.7778174877166748,0.1000000014901161,Slight rain,Slight rain,Liverpool_2025-11-22 00:00:00,Anfield
8.0,67.99301147460938,4.300290584564209,0.0,Slight rain,Slight rain,Arsenal_2025-11-23 00:00:00,Emirates Stadium
7.099999904632568,85.60431671142578,3.510697841644287,0.0,Slight rain,Slight rain,Tottenham_2025-11-29 00:00:00,Tottenham Hotspur Stadium
7.550000190734863,83.8839111328125,3.381197929382324,0.0,Slight rain,Slight rain,Brentford_2025-11-29 00:00:00,Brentford Community Stadium
5.349999904632568,95.24312591552734,2.09403920173645,0.1000000014901161,Slight snow fall,Slight snow fall,Everton_2025-11-29 00:00:00,Goodison Park
6.0,79.09439086914062,2.512468814849853,0.0,Overcast,Overcast,Crystal Palace_2025-11-30 00:00:00,Selhurst Park
6.449999809265137,77.49829864501953,2.505992889404297,0.0,Overcast,Overcast,Chelsea_2025-11-30 00:00:00,Stamford Bridge
5.25,82.13746643066406,2.871410608291626,0.0,Light drizzle,Light drizzle,Aston Villa_2025-11-30 00:00:00,Villa Park
6.099999904632568,79.67207336425781,2.405202627182007,0.0,Overcast,Overcast,West Ham_2025-11-30 00:00:00,London Stadium
9.05049991607666,79.26994323730469,4.718315124511719,0.0,Moderate drizzle,Moderate drizzle,Bournemouth_2025-12-02 00:00:00,Vitality Stadium
6.900000095367432,82.35163879394531,3.9012820720672607,0.0,Light drizzle,Light drizzle,Newcastle_2025-12-02 00:00:00,St. James' Park
7.099999904632568,87.10771179199219,2.1213202476501465,0.0,Overcast,Overcast,Arsenal_2025-12-03 00:00:00,Emirates Stadium
5.400000095367432,91.65032958984376,3.811823606491089,0.0,Overcast,Overcast,Wolves_2025-12-03 00:00:00,Molineux Stadium
6.550000190734863,87.97118377685547,4.002811431884766,0.0,Overcast,Overcast,Liverpool_2025-12-03 00:00:00,Anfield
8.600000381469727,73.34809112548828,4.081666469573975,0.0,Slight rain,Slight rain,Brighton_2025-12-03 00:00:00,Falmer Stadium
5.354000091552734,92.94082641601562,5.000249862670898,0.0,Overcast,Overcast,Burnley_2025-12-03 00:00:00,Turf Moor
10.550000190734863,79.76124572753906,5.840590476989746,0.0,Slight rain,Slight rain,Tottenham_2025-12-06 00:00:00,Tottenham Hotspur Stadium
5.849999904632568,94.6013641357422,1.5305228233337402,0.0,Slight rain,Slight rain,Newcastle_2025-12-06 00:00:00,St. James' Park
9.600000381469728,82.97837829589844,5.836308479309082,0.0,Moderate drizzle,Moderate drizzle,Aston Villa_2025-12-06 00:00:00,Villa Park
10.850500106811523,82.00904846191406,7.510825634002685,0.0,Slight rain,Slight rain,Bournemouth_2025-12-06 00:00:00,Vitality Stadium
9.75,87.65776824951172,6.21630859375,0.3000000119209289,Moderate rain,Moderate rain,Everton_2025-12-06 00:00:00,Goodison Park
13.449999809265137,90.6427993774414,12.068243026733398,0.1000000014901161,Moderate rain,Moderate rain,Brighton_2025-12-07 00:00:00,Falmer Stadium
10.75,84.8294906616211,4.727049827575684,0.1000000014901161,Light drizzle,Light drizzle,Wolves_2025-12-08 00:00:00,Molineux Stadium
8.053999900817871,84.82050323486328,6.933974266052246,0.0,Light drizzle,Light drizzle,Burnley_2025-12-13 00:00:00,Turf Moor
7.800000190734863,86.27457427978516,2.7681221961975098,0.0,Overcast,Overcast,Chelsea_2025-12-13 00:00:00,Stamford Bridge
7.400000095367432,87.74320983886719,2.482438087463379,0.0,Overcast,Overcast,Arsenal_2025-12-13 00:00:00,Emirates Stadium
9.550000190734863,77.18038177490234,4.718315124511719,0.0,Overcast,Overcast,Liverpool_2025-12-13 00:00:00,Anfield
9.149999618530272,82.92279052734375,4.890040874481201,0.0,Overcast,Overcast,Crystal Palace_2025-12-14 00:00:00,Selhurst Park
9.399999618530272,82.6691665649414,4.512482643127441,0.0,Overcast,Overcast,Brentford_2025-12-14 00:00:00,Brentford Community Stadium
9.300000190734863,81.8075942993164,4.602445125579834,0.0,Overcast,Overcast,West Ham_2025-12-14 00:00:00,London Stadium
7.050000190734863,90.80799865722656,3.130495071411133,0.0,Overcast,Overcast,Tottenham_2025-12-20 00:00:00,Tottenham Hotspur Stadium
5.800000190734863,86.98133850097656,4.236154079437256,0.0,Light drizzle,Light drizzle,Wolves_2025-12-20 00:00:00,Molineux Stadium
4.849999904632568,96.2303695678711,3.2422986030578613,0.0,Overcast,Overcast,Newcastle_2025-12-20 00:00:00,St. James' Park
8.649999618530273,84.88690948486328,4.455333709716797,0.1000000014901161,Light drizzle,Light drizzle,Brighton_2025-12-20 00:00:00,Falmer Stadium
9.250499725341797,80.68073272705078,6.312685489654541,0.0,Light drizzle,Light drizzle,Bournemouth_2025-12-20 00:00:00,Vitality Stadium
6.599999904632568,88.59137725830078,5.259514808654785,0.0,Overcast,Overcast,Everton_2025-12-20 00:00:00,Goodison Park
8.5,96.33707427978516,3.1100642681121826,0.0,Dense drizzle,Dense drizzle,Aston Villa_2025-12-21 00:00:00,Villa Park
6.949999809265137,84.99275970458984,4.708768367767334,0.0,Overcast,Overcast,Arsenal_2025-12-27 00:00:00,Emirates Stadium
7.150000095367432,83.83650207519531,4.474930286407471,0.0,Overcast,Overcast,Chelsea_2025-12-27 00:00:00,Stamford Bridge
7.050000190734863,84.41242218017578,4.724669456481934,0.0,Overcast,Overcast,Brentford_2025-12-27 00:00:00,Brentford Community Stadium
7.199999809265137,83.84244537353516,4.527692794799805,0.0,Overcast,Overcast,West Ham_2025-12-27 00:00:00,London Stadium
5.703999996185303,88.8249282836914,6.680007457733154,0.0,Overcast,Overcast,Burnley_2025-12-27 00:00:00,Turf Moor
5.300000190734863,84.50812530517578,2.665520668029785,0.0,Overcast,Overcast,Liverpool_2025-12-27 00:00:00,Anfield
6.5,79.44939422607422,3.367862701416016,0.0,Overcast,Overcast,Crystal Palace_2025-12-28 00:00:00,Selhurst Park
4.75,82.36515808105469,2.604323148727417,0.0,Overcast,Overcast,Arsenal_2025-12-30 00:00:00,Emirates Stadium
5.099999904632568,79.80947875976562,2.458149671554565,0.0,Overcast,Overcast,Chelsea_2025-12-30 00:00:00,Stamford Bridge
4.949999809265137,81.51500701904297,2.7540879249572754,0.0,Overcast,Overcast,West Ham_2025-12-30 00:00:00,London Stadium
4.203999996185303,81.706298828125,2.4520397186279297,0.1000000014901161,Light drizzle,Light drizzle,Burnley_2025-12-30 00:00:00,Turf Moor
4.75,81.19737243652344,3.7769036293029785,0.0,Overcast,Overcast,Crystal Palace_2026-01-01 00:00:00,Selhurst Park
4.900000095367432,79.21149444580078,3.530580759048462,0.0,Overcast,Overcast,Brentford_2026-01-01 00:00:00,Brentford Community Stadium
5.349999904632568,71.9641342163086,7.778335094451904,0.0,Dense drizzle,Dense drizzle,Liverpool_2026-01-01 00:00:00,Anfield
2.3505001068115234,69.03923034667969,3.982461452484131,0.0,Mainly clear,Mainly clear,Bournemouth_2026-01-03 00:00:00,Vitality Stadium
1.0,66.21623992919922,5.653538703918457,0.0,Overcast,Overcast,Brighton_2026-01-03 00:00:00,Falmer Stadium
-0.2000000029802322,78.71966552734375,4.040421009063721,0.0,Mainly clear,Mainly clear,Wolves_2026-01-03 00:00:00,Molineux Stadium
-0.1500000059604644,75.27326202392578,3.8897299766540527,0.0,Mainly clear,Mainly clear,Aston Villa_2026-01-03 00:00:00,Villa Park
0.0,79.33948516845703,2.387990713119507,0.0,Overcast,Overcast,Tottenham_2026-01-04 00:00:00,Tottenham Hotspur Stadium
-1.399999976158142,77.6476058959961,3.351492166519165,0.0,Clear sky,Clear sky,Newcastle_2026-01-04 00:00:00,St. James' Park
2.0,82.30289459228516,3.0955615043640137,0.4000000059604645,Moderate snow fall,Moderate snow fall,Everton_2026-01-04 00:00:00,Goodison Park
1.25,90.05941009521484,2.592778444290161,0.0,Moderate snow fall,Moderate snow fall,West Ham_2026-01-06 00:00:00,London Stadium
3.950000047683716,71.43185424804688,4.463742733001709,0.0,Heavy snow fall,Heavy snow fall,Crystal Palace_2026-01-07 00:00:00,Selhurst Park
4.050000190734863,70.93223571777344,4.352585315704346,0.0,Heavy snow fall,Heavy snow fall,Brentford_2026-01-07 00:00:00,Brentford Community Stadium
3.25,84.57341766357422,4.516912937164307,0.0,Moderate snow fall,Moderate snow fall,Newcastle_2026-01-07 00:00:00,St. James' Park
6.100500106811523,73.14810180664062,3.860051870346069,0.0,Moderate rain,Moderate rain,Bournemouth_2026-01-07 00:00:00,Vitality Stadium
5.400000095367432,66.94900512695312,5.973691940307617,0.0,Moderate snow fall,Moderate snow fall,Everton_2026-01-07 00:00:00,Goodison Park
2.4539999961853027,76.56678771972656,4.790876865386963,0.0,Heavy snow fall,Heavy snow fall,Burnley_2026-01-07 00:00:00,Turf Moor
3.700000047683716,98.6015167236328,3.036445379257202,1.2000000476837158,Moderate rain,Moderate rain,Arsenal_2026-01-08 00:00:00,Emirates Stadium
16.100000381469727,81.06298828125,1.523154616355896,0.4000000059604645,Moderate drizzle,Moderate drizzle,Man United_2021-08-14 00:00:00,Old Trafford
18.0,81.83739471435547,2.807133674621582,0.5,Dense drizzle,Dense drizzle,Man City_2021-08-21 00:00:00,Etihad Stadium
17.600000381469727,86.94419860839844,2.404162883758545,0.2000000029802322,Slight rain,Slight rain,Leeds_2021-08-21 00:00:00,Elland Road
21.25,61.685020446777344,3.935733795166016,0.0,Light drizzle,Light drizzle,Southampton_2021-08-22 00:00:00,St Mary's Stadium
20.100000381469727,55.815311431884766,1.8788294792175293,0.0,Overcast,Overcast,Man City_2021-08-28 00:00:00,Etihad Stadium
17.100000381469727,80.9313735961914,4.4721360206604,0.1000000014901161,Light drizzle,Light drizzle,Man United_2021-09-11 00:00:00,Old Trafford
19.5,65.87084197998047,3.634556293487549,0.0,Light drizzle,Light drizzle,Southampton_2021-09-11 00:00:00,St Mary's Stadium
17.049999237060547,61.11704254150391,0.3162277638912201,0.0,Light drizzle,Light drizzle,Leeds_2021-09-12 00:00:00,Elland Road
20.350000381469727,62.49220657348633,1.8248286247253416,0.0,Overcast,Overcast,Man City_2021-09-18 00:00:00,Etihad Stadium
19.5,80.2156753540039,2.0223748683929443,0.0,Light drizzle,Light drizzle,Man United_2021-09-25 00:00:00,Old Trafford
19.450000762939453,79.95311737060547,1.0049875974655151,0.1000000014901161,Light drizzle,Light drizzle,Leeds_2021-09-25 00:00:00,Elland Road
18.5,73.86292266845703,5.560575485229492,0.0,Overcast,Overcast,Southampton_2021-09-26 00:00:00,St Mary's Stadium
12.550000190734863,87.03652954101562,2.580697536468506,0.1000000014901161,Slight rain,Slight rain,Man United_2021-10-02 00:00:00,Old Trafford
11.199999809265137,94.82059478759766,4.104875087738037,0.4000000059604645,Slight rain,Slight rain,Leeds_2021-10-02 00:00:00,Elland Road
14.399999618530272,78.71759796142578,2.408318996429444,0.0,Light drizzle,Light drizzle,Man City_2021-10-16 00:00:00,Etihad Stadium
15.300000190734863,81.75971984863281,3.1384711265563965,0.0,Light drizzle,Light drizzle,Southampton_2021-10-16 00:00:00,St Mary's Stadium
12.550000190734863,66.38031005859375,4.51774263381958,0.0,Light drizzle,Light drizzle,Southampton_2021-10-23 00:00:00,St Mary's Stadium
12.050000190734863,70.7507553100586,5.162363529205322,0.0,Overcast,Overcast,Leeds_2021-10-23 00:00:00,Elland Road
13.449999809265137,82.61438751220703,5.830952167510986,0.0,Dense drizzle,Dense drizzle,Man United_2021-10-24 00:00:00,Old Trafford
10.5,81.40635681152344,2.302172899246216,0.1000000014901161,Moderate rain,Moderate rain,Man City_2021-10-30 00:00:00,Etihad Stadium
9.600000381469728,87.64398956298828,1.4142135381698608,0.0,Overcast,Overcast,Southampton_2021-11-05 00:00:00,St Mary's Stadium
12.050000190734863,87.57284545898438,7.71038293838501,0.5,Dense drizzle,Dense drizzle,Man United_2021-11-06 00:00:00,Old Trafford
9.899999618530272,71.0691146850586,7.227724075317383,0.0,Overcast,Overcast,Leeds_2021-11-07 00:00:00,Elland Road
4.150000095367432,77.40602111816406,2.1377556324005127,0.0,Partly cloudy,Partly cloudy,Man City_2021-11-21 00:00:00,Etihad Stadium
1.0,84.93031311035156,0.2236068099737167,0.0,Heavy snow fall,Heavy snow fall,Man City_2021-11-28 00:00:00,Etihad Stadium
9.25,92.51976776123048,6.6730804443359375,0.0,Slight rain,Slight rain,Leeds_2021-11-30 00:00:00,Elland Road
7.349999904632568,73.11881256103516,5.7801384925842285,0.0,Slight rain,Slight rain,Southampton_2021-12-01 00:00:00,St Mary's Stadium
-0.1000000014901161,80.51402282714844,2.408318996429444,0.0,Moderate snow fall,Moderate snow fall,Man United_2021-12-02 00:00:00,Old Trafford
5.599999904632568,72.27169036865234,6.5069193840026855,0.0,Slight rain,Slight rain,Southampton_2021-12-04 00:00:00,St Mary's Stadium
5.400000095367432,85.7232894897461,2.780287742614746,0.0,Slight rain,Slight rain,Man United_2021-12-05 00:00:00,Old Trafford
5.150000095367432,92.60424041748048,3.4928500652313232,0.0,Light drizzle,Light drizzle,Leeds_2021-12-05 00:00:00,Elland Road
7.550000190734863,92.10399627685548,4.501111030578613,1.5,Slight rain,Slight rain,Man City_2021-12-11 00:00:00,Etihad Stadium
8.850000381469727,95.3714828491211,1.6278821229934692,0.0,Light drizzle,Light drizzle,Man City_2021-12-14 00:00:00,Etihad Stadium
5.0,97.9304428100586,1.0,0.0,Overcast,Overcast,Leeds_2021-12-18 00:00:00,Elland Road
5.550000190734863,88.81182861328125,2.8635640144348145,0.0,Slight snow fall,Slight snow fall,Man City_2021-12-26 00:00:00,Etihad Stadium
9.899999618530272,83.29977416992188,5.63205099105835,0.0,Moderate drizzle,Moderate drizzle,Southampton_2021-12-28 00:00:00,St Mary's Stadium
13.5,90.9451904296875,6.224146366119385,0.699999988079071,Slight rain,Slight rain,Man United_2021-12-30 00:00:00,Old Trafford
9.0,83.47737884521484,6.999999523162842,0.3000000119209289,Moderate rain,Moderate rain,Leeds_2022-01-02 00:00:00,Elland Road
7.900000095367432,82.76699829101562,4.177319526672363,0.1000000014901161,Dense drizzle,Dense drizzle,Man United_2022-01-03 00:00:00,Old Trafford
10.100000381469728,99.00170135498048,0.800000011920929,0.800000011920929,Moderate drizzle,Moderate drizzle,Southampton_2022-01-11 00:00:00,St Mary's Stadium
2.150000095367432,95.12106323242188,2.0999999046325684,0.0,Light drizzle,Light drizzle,Man City_2022-01-15 00:00:00,Etihad Stadium
7.300000190734863,85.32816314697266,2.807133674621582,0.0,Light drizzle,Light drizzle,Man United_2022-01-22 00:00:00,Old Trafford
5.150000095367432,81.25218963623047,1.6643316745758057,0.0,Overcast,Overcast,Southampton_2022-01-22 00:00:00,St Mary's Stadium
6.800000190734863,84.67941284179688,3.224903106689453,0.0,Overcast,Overcast,Leeds_2022-01-22 00:00:00,Elland Road
7.300000190734863,63.37337493896485,4.310452461242676,0.0,Slight rain,Slight rain,Man City_2022-02-09 00:00:00,Etihad Stadium
7.050000190734863,83.53207397460938,9.178780555725098,1.600000023841858,Moderate snow fall,Moderate snow fall,Man United_2022-02-12 00:00:00,Old Trafford
8.0,72.46778106689453,4.903060436248779,0.0,Slight rain,Slight rain,Man United_2022-02-15 00:00:00,Old Trafford
4.099999904632568,86.19647216796875,3.841874599456787,0.0,Moderate snow fall,Moderate snow fall,Man City_2022-02-19 00:00:00,Etihad Stadium
10.0,73.34686279296875,9.024965286254885,0.0,Moderate rain,Moderate rain,Southampton_2022-02-19 00:00:00,St Mary's Stadium
8.149999618530273,83.95464324951172,10.29611587524414,2.400000095367432,Moderate rain,Moderate rain,Leeds_2022-02-20 00:00:00,Elland Road
9.800000190734863,54.87372589111328,3.220248222351074,0.0,Mainly clear,Mainly clear,Southampton_2022-02-25 00:00:00,St Mary's Stadium
9.850000381469728,59.80112838745117,6.239390850067139,0.0,Overcast,Overcast,Man United_2022-02-26 00:00:00,Old Trafford
9.550000190734863,60.36863327026367,6.029925346374512,0.0,Overcast,Overcast,Leeds_2022-02-26 00:00:00,Elland Road
8.5,51.44049453735352,3.3541018962860107,0.0,Partly cloudy,Partly cloudy,Man City_2022-03-06 00:00:00,Etihad Stadium
11.800000190734863,74.68411254882812,4.167733192443848,0.0,Light drizzle,Light drizzle,Southampton_2022-03-10 00:00:00,St Mary's Stadium
13.149999618530272,65.82908630371094,4.701063632965088,0.0,Light drizzle,Light drizzle,Leeds_2022-03-10 00:00:00,Elland Road
11.5,53.392391204833984,6.802940845489502,0.0,Slight rain,Slight rain,Man United_2022-03-12 00:00:00,Old Trafford
10.800000190734863,64.6312255859375,5.345090866088867,0.0,Slight rain,Slight rain,Southampton_2022-03-13 00:00:00,St Mary's Stadium
12.0,56.43818664550781,5.34602689743042,0.0,Moderate drizzle,Moderate drizzle,Leeds_2022-03-13 00:00:00,Elland Road
8.050000190734863,47.67120361328125,3.220248222351074,0.0,Light drizzle,Light drizzle,Man United_2022-04-02 00:00:00,Old Trafford
7.0,54.723609924316406,3.2449963092803955,0.0,Moderate drizzle,Moderate drizzle,Leeds_2022-04-02 00:00:00,Elland Road
10.0,46.67134475708008,3.92173433303833,0.0,Overcast,Overcast,Southampton_2022-04-09 00:00:00,St Mary's Stadium
10.550000190734863,47.51474380493164,2.716615676879883,0.0,Light drizzle,Light drizzle,Man City_2022-04-10 00:00:00,Etihad Stadium
19.350000381469727,52.90114212036133,5.141983985900879,0.0,Overcast,Overcast,Man United_2022-04-16 00:00:00,Old Trafford
15.800000190734863,64.85490417480469,3.2449963092803955,0.0,Overcast,Overcast,Southampton_2022-04-16 00:00:00,St Mary's Stadium
15.100000381469728,47.44483947753906,4.509988784790039,0.0,Overcast,Overcast,Man City_2022-04-20 00:00:00,Etihad Stadium
14.100000381469728,54.84136581420898,8.681589126586914,0.0,Light drizzle,Light drizzle,Man City_2022-04-23 00:00:00,Etihad Stadium
10.100000381469728,65.6161117553711,2.1540658473968506,0.1000000014901161,Light drizzle,Light drizzle,Man United_2022-04-28 00:00:00,Old Trafford
13.850000381469728,63.76493453979492,3.224903106689453,0.0,Overcast,Overcast,Southampton_2022-04-30 00:00:00,St Mary's Stadium
14.600000381469728,44.86188888549805,4.0199503898620605,0.0,Moderate drizzle,Moderate drizzle,Leeds_2022-04-30 00:00:00,Elland Road
14.600000381469728,67.7282485961914,1.726267695426941,0.0,Light drizzle,Light drizzle,Man United_2022-05-02 00:00:00,Old Trafford
16.25,64.08729553222656,3.5,0.0,Overcast,Overcast,Man City_2022-05-08 00:00:00,Etihad Stadium
13.800000190734863,59.72282791137695,7.6157732009887695,0.0,Dense drizzle,Dense drizzle,Leeds_2022-05-11 00:00:00,Elland Road
16.25,68.2951889038086,6.49384355545044,0.0,Moderate drizzle,Moderate drizzle,Leeds_2022-05-15 00:00:00,Elland Road
19.89999961853028,61.57637786865234,5.437830448150635,0.0,Light drizzle,Light drizzle,Southampton_2022-05-17 00:00:00,St Mary's Stadium
17.049999237060547,72.88851928710938,4.750789165496826,0.1000000014901161,Light drizzle,Light drizzle,Man City_2022-05-22 00:00:00,Etihad Stadium
23.049999237060547,29.204086303710938,2.745906114578247,0.0,Overcast,Overcast,Fulham_2022-08-06 00:00:00,Craven Cottage
19.0,53.70525360107422,4.3185648918151855,0.0,Overcast,Overcast,Leeds_2022-08-06 00:00:00,Elland Road
19.39999961853028,62.687721252441406,3.801315546035767,0.0,Overcast,Overcast,Man United_2022-08-07 00:00:00,Old Trafford
29.450000762939453,37.50741195678711,2.469817876815796,0.0,Overcast,Overcast,Man City_2022-08-13 00:00:00,Etihad Stadium
29.89999961853028,29.30055046081543,5.032891750335693,0.0,Overcast,Overcast,Southampton_2022-08-13 00:00:00,St Mary's Stadium
30.799999237060547,25.32821083068848,2.247220277786255,0.0,Overcast,Overcast,Nott'm Forest_2022-08-14 00:00:00,City Ground
23.350000381469727,42.81156539916992,5.385164737701416,0.0,Overcast,Overcast,Fulham_2022-08-20 00:00:00,Craven Cottage
20.100000381469727,46.88460922241211,3.832753419876098,0.0,Light drizzle,Light drizzle,Leeds_2022-08-21 00:00:00,Elland Road
19.549999237060547,81.51126098632812,0.9899494647979736,7.400000095367432,Moderate rain,Moderate rain,Man United_2022-08-22 00:00:00,Old Trafford
21.299999237060547,53.58512878417969,0.9219544529914856,0.0,Moderate drizzle,Moderate drizzle,Man City_2022-08-27 00:00:00,Etihad Stadium
22.799999237060547,53.44319915771485,3.264965534210205,0.0,Moderate drizzle,Moderate drizzle,Southampton_2022-08-27 00:00:00,St Mary's Stadium
21.549999237060547,47.92060470581055,2.0223748683929443,0.0,Light drizzle,Light drizzle,Nott'm Forest_2022-08-28 00:00:00,City Ground
18.350000381469727,52.10634231567383,4.18688440322876,0.0,Overcast,Overcast,Leeds_2022-08-30 00:00:00,Elland Road
22.700000762939453,47.59736633300781,5.381449699401856,0.0,Overcast,Overcast,Fulham_2022-08-30 00:00:00,Craven Cottage
23.450000762939453,45.03541564941406,4.770743846893311,0.0,Light drizzle,Light drizzle,Southampton_2022-08-30 00:00:00,St Mary's Stadium
20.600000381469727,47.18141555786133,5.412023544311523,0.0,Overcast,Overcast,Man City_2022-08-31 00:00:00,Etihad Stadium
21.89999961853028,56.45006561279297,3.9458839893341056,0.0,Light drizzle,Light drizzle,Nott'm Forest_2022-09-03 00:00:00,City Ground
23.39999961853028,54.65298843383789,4.976946830749512,0.0,Slight rain,Slight rain,Man United_2022-09-04 00:00:00,Old Trafford
14.5,39.27833938598633,6.552098751068115,0.0,Partly cloudy,Partly cloudy,Nott'm Forest_2022-09-16 00:00:00,City Ground
18.0,56.22223281860352,5.82494592666626,0.0,Light drizzle,Light drizzle,Fulham_2022-10-01 00:00:00,Craven Cottage
17.649999618530273,63.12496948242188,6.040695667266846,0.0,Light drizzle,Light drizzle,Southampton_2022-10-01 00:00:00,St Mary's Stadium
14.899999618530272,67.10772705078125,4.178516387939453,0.0,Light drizzle,Light drizzle,Man City_2022-10-02 00:00:00,Etihad Stadium
15.300000190734863,61.53502655029297,4.681879997253418,0.0,Light drizzle,Light drizzle,Leeds_2022-10-02 00:00:00,Elland Road
13.699999809265137,65.27616882324219,2.5019991397857666,0.0,Overcast,Overcast,Man City_2022-10-08 00:00:00,Etihad Stadium
13.050000190734863,59.954368591308594,5.3338541984558105,0.0,Slight rain,Slight rain,Nott'm Forest_2022-10-10 00:00:00,City Ground
15.149999618530272,64.71163177490234,7.424957752227783,0.0,Light drizzle,Light drizzle,Fulham_2022-10-15 00:00:00,Craven Cottage
12.199999809265137,60.5868034362793,2.640075922012329,0.0,Moderate rain,Moderate rain,Leeds_2022-10-16 00:00:00,Elland Road
12.350000381469728,64.08544921875,2.5,0.0,Moderate rain,Moderate rain,Man United_2022-10-16 00:00:00,Old Trafford
14.699999809265137,85.53768920898438,4.455333709716797,0.0,Moderate rain,Moderate rain,Southampton_2022-10-16 00:00:00,St Mary's Stadium
13.399999618530272,70.77043151855469,7.885429382324219,0.0,Heavy rain,Heavy rain,Man United_2022-10-19 00:00:00,Old Trafford
15.399999618530272,85.05256652832031,3.328663349151612,0.1000000014901161,Moderate rain,Moderate rain,Fulham_2022-10-20 00:00:00,Craven Cottage
15.5,73.82670593261719,4.404543399810791,0.0,Slight rain,Slight rain,Man City_2022-10-22 00:00:00,Etihad Stadium
15.0,74.23246002197266,3.764305830001831,0.0,Light drizzle,Light drizzle,Nott'm Forest_2022-10-22 00:00:00,City Ground
15.649999618530272,83.7010498046875,5.1923017501831055,0.2000000029802322,Heavy rain,Heavy rain,Southampton_2022-10-23 00:00:00,St Mary's Stadium
13.850000381469728,92.17008972167967,1.0630146265029907,0.1000000014901161,Slight rain,Slight rain,Leeds_2022-10-23 00:00:00,Elland Road
19.450000762939453,77.43473815917969,2.807133674621582,0.0,Slight rain,Slight rain,Fulham_2022-10-29 00:00:00,Craven Cottage
13.75,72.04524993896484,6.4031243324279785,0.0,Moderate rain,Moderate rain,Man United_2022-10-30 00:00:00,Old Trafford
12.449999809265137,91.17594909667967,5.307541847229004,0.5,Moderate drizzle,Moderate drizzle,Man City_2022-11-05 00:00:00,Etihad Stadium
12.350000381469728,87.6002426147461,6.931810855865479,0.0,Light drizzle,Light drizzle,Nott'm Forest_2022-11-05 00:00:00,City Ground
12.25,84.99397277832031,4.386342525482178,0.0,Light drizzle,Light drizzle,Leeds_2022-11-05 00:00:00,Elland Road
11.449999809265137,83.48580932617188,5.720139980316162,0.0,Moderate rain,Moderate rain,Southampton_2022-11-06 00:00:00,St Mary's Stadium
12.449999809265137,86.7371597290039,2.302172899246216,0.0,Overcast,Overcast,Man City_2022-11-12 00:00:00,Etihad Stadium
12.800000190734863,90.59737396240234,2.9410884380340576,0.0,Overcast,Overcast,Nott'm Forest_2022-11-12 00:00:00,City Ground
12.300000190734863,94.55089569091795,2.2090721130371094,0.0,Overcast,Overcast,Fulham_2022-11-13 00:00:00,Craven Cottage
6.0,80.50865936279297,3.3241541385650635,0.0,Overcast,Overcast,Southampton_2022-12-26 00:00:00,St Mary's Stadium
9.350000381469728,83.2330322265625,9.459386825561523,0.2000000029802322,Slight rain,Slight rain,Man United_2022-12-27 00:00:00,Old Trafford
10.850000381469728,85.12838745117188,7.48130989074707,0.1000000014901161,Slight rain,Slight rain,Leeds_2022-12-28 00:00:00,Elland Road
12.75,85.33245849609375,9.947864532470703,0.2000000029802322,Slight rain,Slight rain,Fulham_2022-12-31 00:00:00,Craven Cottage
10.449999809265137,87.42522430419922,5.021952152252197,0.2000000029802322,Slight rain,Slight rain,Man City_2022-12-31 00:00:00,Etihad Stadium
9.050000190734863,79.5447998046875,5.630275249481201,0.0,Light drizzle,Light drizzle,Nott'm Forest_2023-01-01 00:00:00,City Ground
10.0,87.97897338867188,8.202438354492188,0.4000000059604645,Slight rain,Slight rain,Man United_2023-01-03 00:00:00,Old Trafford
10.199999809265137,79.43805694580078,9.59009838104248,0.1000000014901161,Light drizzle,Light drizzle,Leeds_2023-01-04 00:00:00,Elland Road
12.300000190734863,79.20365142822266,6.5,0.0,Dense drizzle,Dense drizzle,Southampton_2023-01-04 00:00:00,St Mary's Stadium
11.0,89.86400604248047,7.605918884277344,0.0,Moderate drizzle,Moderate drizzle,Fulham_2023-01-12 00:00:00,Craven Cottage
5.550000190734863,73.04584503173828,7.316420078277588,0.0,Slight rain,Slight rain,Man United_2023-01-14 00:00:00,Old Trafford
5.849999904632568,72.06014251708984,7.502666473388672,0.0,Moderate rain,Moderate rain,Nott'm Forest_2023-01-14 00:00:00,City Ground
2.25,80.55512237548828,3.257299423217773,0.0,Light drizzle,Light drizzle,Man City_2023-01-19 00:00:00,Etihad Stadium
0.6000000238418579,84.57302856445312,2.6570661067962646,0.0,Overcast,Overcast,Southampton_2023-01-21 00:00:00,St Mary's Stadium
2.8499999046325684,85.44717407226562,1.7000000476837158,0.0,Overcast,Overcast,Man City_2023-01-22 00:00:00,Etihad Stadium
1.950000047683716,86.91093444824219,1.5264337062835691,0.0,Light drizzle,Light drizzle,Leeds_2023-01-22 00:00:00,Elland Road
2.25,87.2558364868164,1.5264337062835691,0.0,Overcast,Overcast,Fulham_2023-01-23 00:00:00,Craven Cottage
9.25,79.02549743652344,3.748332977294922,0.0,Moderate drizzle,Moderate drizzle,Man United_2023-02-04 00:00:00,Old Trafford
6.050000190734863,74.45787811279297,0.5830951929092407,0.0,Overcast,Overcast,Nott'm Forest_2023-02-05 00:00:00,City Ground
5.699999809265137,62.08261489868164,4.328972339630127,0.0,Overcast,Overcast,Man United_2023-02-08 00:00:00,Old Trafford
10.199999809265137,73.38311004638672,0.8246211409568787,0.0,Overcast,Overcast,Fulham_2023-02-11 00:00:00,Craven Cottage
10.100000381469728,79.69664764404297,0.7071067690849304,0.0,Overcast,Overcast,Southampton_2023-02-11 00:00:00,St Mary's Stadium
9.050000190734863,67.97386932373047,2.5317976474761963,0.0,Overcast,Overcast,Man City_2023-02-12 00:00:00,Etihad Stadium
8.300000190734863,72.26914978027344,2.816025733947754,0.0,Overcast,Overcast,Leeds_2023-02-12 00:00:00,Elland Road
12.399999618530272,74.53368377685547,5.434151649475098,0.1000000014901161,Light drizzle,Light drizzle,Nott'm Forest_2023-02-18 00:00:00,City Ground
10.649999618530272,70.23353576660156,4.788527488708496,0.0,Light drizzle,Light drizzle,Man United_2023-02-19 00:00:00,Old Trafford
9.149999618530272,70.42755889892578,3.667423963546753,0.0,Overcast,Overcast,Fulham_2023-02-24 00:00:00,Craven Cottage
5.650000095367432,67.0036392211914,6.126989364624023,0.0,Light drizzle,Light drizzle,Leeds_2023-02-25 00:00:00,Elland Road
6.550000190734863,58.119606018066406,2.10950231552124,0.0,Overcast,Overcast,Man City_2023-03-04 00:00:00,Etihad Stadium
5.599999904632568,67.48031616210938,2.844292640686035,0.0,Overcast,Overcast,Southampton_2023-03-04 00:00:00,St Mary's Stadium
5.349999904632568,57.38420867919922,3.982461452484131,0.0,Overcast,Overcast,Nott'm Forest_2023-03-05 00:00:00,City Ground
1.950000047683716,80.21819305419922,2.262741804122925,0.0,Moderate snow fall,Moderate snow fall,Leeds_2023-03-11 00:00:00,Elland Road
11.949999809265137,74.20208740234375,5.166236400604248,0.0,Slight rain,Slight rain,Man United_2023-03-12 00:00:00,Old Trafford
11.850000381469728,75.46078491210938,8.273451805114746,0.0,Moderate drizzle,Moderate drizzle,Fulham_2023-03-12 00:00:00,Craven Cottage
7.949999809265137,89.62872314453125,4.143670082092285,0.4000000059604645,Slight rain,Slight rain,Southampton_2023-03-15 00:00:00,St Mary's Stadium
13.5,68.65850067138672,4.123105525970459,0.0,Moderate drizzle,Moderate drizzle,Nott'm Forest_2023-03-17 00:00:00,City Ground
11.800000190734863,80.7548828125,4.201189994812012,1.5,Slight rain,Slight rain,Southampton_2023-03-18 00:00:00,St Mary's Stadium
9.25,67.30115509033203,3.8078866004943848,0.0,Light drizzle,Light drizzle,Man City_2023-04-01 00:00:00,Etihad Stadium
8.949999809265137,73.66890716552734,6.181423664093018,0.0,Light drizzle,Light drizzle,Nott'm Forest_2023-04-01 00:00:00,City Ground
12.449999809265137,49.09347534179688,3.452535390853882,0.0,Overcast,Overcast,Leeds_2023-04-04 00:00:00,Elland Road
9.649999618530272,91.29700469970705,3.96232271194458,0.3000000119209289,Moderate drizzle,Moderate drizzle,Man United_2023-04-05 00:00:00,Old Trafford
14.550000190734863,45.3270263671875,3.041381359100342,0.0,Overcast,Overcast,Man United_2023-04-08 00:00:00,Old Trafford
13.399999618530272,52.59135437011719,2.773084878921509,0.0,Overcast,Overcast,Fulham_2023-04-08 00:00:00,Craven Cottage
12.899999618530272,58.68080520629883,2.906888246536255,0.0,Overcast,Overcast,Southampton_2023-04-08 00:00:00,St Mary's Stadium
12.600000381469728,65.25796508789062,5.099019527435303,0.0,Light drizzle,Light drizzle,Leeds_2023-04-09 00:00:00,Elland Road
13.350000381469728,60.23527145385742,1.8788294792175293,0.0,Light drizzle,Light drizzle,Man City_2023-04-15 00:00:00,Etihad Stadium
13.149999618530272,59.15225601196289,2.0223748683929443,0.0,Light drizzle,Light drizzle,Southampton_2023-04-15 00:00:00,St Mary's Stadium
11.800000190734863,67.14073944091797,3.39705753326416,0.0,Light drizzle,Light drizzle,Nott'm Forest_2023-04-16 00:00:00,City Ground
14.100000381469728,69.7175521850586,2.900000095367432,0.0,Light drizzle,Light drizzle,Leeds_2023-04-17 00:00:00,Elland Road
13.300000190734863,56.1806640625,3.605551242828369,0.0,Moderate drizzle,Moderate drizzle,Fulham_2023-04-22 00:00:00,Craven Cottage
9.850000381469728,42.06433868408203,2.6000001430511475,0.0,Overcast,Overcast,Leeds_2023-04-25 00:00:00,Elland Road
11.550000190734863,49.54768753051758,0.7071067690849304,0.0,Light drizzle,Light drizzle,Man City_2023-04-26 00:00:00,Etihad Stadium
11.149999618530272,51.243125915527344,1.2041594982147217,0.0,Light drizzle,Light drizzle,Nott'm Forest_2023-04-26 00:00:00,City Ground
11.649999618530272,86.65921020507812,4.887739658355713,0.2000000029802322,Heavy rain,Heavy rain,Southampton_2023-04-27 00:00:00,St Mary's Stadium
14.149999618530272,79.20653533935547,4.3185648918151855,0.0,Dense drizzle,Dense drizzle,Man United_2023-04-30 00:00:00,Old Trafford
16.100000381469727,54.60625457763672,3.733630895614624,0.0,Overcast,Overcast,Fulham_2023-04-30 00:00:00,Craven Cottage
14.149999618530272,55.621726989746094,4.63249397277832,0.0,Overcast,Overcast,Man City_2023-05-03 00:00:00,Etihad Stadium
14.399999618530272,85.22525024414062,2.334523677825928,0.6000000238418579,Moderate drizzle,Moderate drizzle,Man City_2023-05-06 00:00:00,Etihad Stadium
14.300000190734863,78.1805419921875,5.571354866027832,0.0,Slight rain,Slight rain,Fulham_2023-05-08 00:00:00,Craven Cottage
16.149999618530273,76.67218780517578,6.618912220001221,0.1000000014901161,Moderate rain,Moderate rain,Nott'm Forest_2023-05-08 00:00:00,City Ground
17.899999618530273,59.499359130859375,1.0,0.0,Overcast,Overcast,Man United_2023-05-13 00:00:00,Old Trafford
15.550000190734863,68.84111022949219,1.3000000715255735,0.0,Overcast,Overcast,Leeds_2023-05-13 00:00:00,Elland Road
15.600000381469728,71.9056625366211,3.448187828063965,0.0,Overcast,Overcast,Southampton_2023-05-13 00:00:00,St Mary's Stadium
18.350000381469727,48.18172073364258,6.224146842956543,0.0,Light drizzle,Light drizzle,Fulham_2023-05-20 00:00:00,Craven Cottage
16.399999618530273,54.684078216552734,5.103919982910156,0.0,Partly cloudy,Partly cloudy,Nott'm Forest_2023-05-20 00:00:00,City Ground
19.299999237060547,43.575443267822266,2.549509763717652,0.0,Overcast,Overcast,Man City_2023-05-21 00:00:00,Etihad Stadium
17.0,69.13075256347656,2.817800521850586,0.0,Light drizzle,Light drizzle,Man United_2023-05-25 00:00:00,Old Trafford
17.399999618530273,63.70261764526367,5.412023544311523,0.0,Light drizzle,Light drizzle,Man United_2023-05-28 00:00:00,Old Trafford
21.100000381469727,40.3471908569336,5.597320556640625,0.0,Overcast,Overcast,Southampton_2023-05-28 00:00:00,St Mary's Stadium
14.5,66.79691314697266,4.792703151702881,0.0,Light drizzle,Light drizzle,Leeds_2023-05-28 00:00:00,Elland Road
19.700000762939453,81.01319885253906,4.701064109802246,0.4000000059604645,Moderate rain,Moderate rain,Man United_2023-08-14 00:00:00,Old Trafford
20.25,75.60062408447266,5.703507423400879,0.0,Dense drizzle,Dense drizzle,Nott'm Forest_2023-08-18 00:00:00,City Ground
21.799999237060547,63.43011093139648,6.999999523162842,0.0,Light drizzle,Light drizzle,Fulham_2023-08-19 00:00:00,Craven Cottage
21.350000381469727,65.2005386352539,6.560487747192383,0.4000000059604645,Moderate rain,Moderate rain,Man City_2023-08-19 00:00:00,Etihad Stadium
17.299999237060547,58.56085586547852,2.9732136726379395,0.0,Moderate rain,Moderate rain,Man United_2023-08-26 00:00:00,Old Trafford
21.100000381469727,61.25038528442383,1.216552495956421,0.0,Moderate drizzle,Moderate drizzle,Luton_2023-09-01 00:00:00,Kenilworth Road
21.850000381469727,57.18062973022461,1.7000000476837158,0.0,Overcast,Overcast,Man City_2023-09-02 00:00:00,Etihad Stadium
16.399999618530273,78.2369384765625,5.360037803649902,0.0,Overcast,Overcast,Man United_2023-09-16 00:00:00,Old Trafford
24.850000381469727,45.870548248291016,3.8078866004943848,0.0,Overcast,Overcast,Fulham_2023-09-16 00:00:00,Craven Cottage
14.850000381469728,68.00896453857422,6.600757122039795,0.0,Heavy rain,Heavy rain,Nott'm Forest_2023-09-18 00:00:00,City Ground
15.100000381469728,58.61760330200195,4.031128883361816,0.0,Light drizzle,Light drizzle,Man City_2023-09-23 00:00:00,Etihad Stadium
15.399999618530272,49.90952682495117,4.687216758728027,0.0,Overcast,Overcast,Luton_2023-09-23 00:00:00,Kenilworth Road
13.600000381469728,88.29458618164062,3.39705753326416,1.2000000476837158,Slight rain,Slight rain,Man United_2023-09-30 00:00:00,Old Trafford
18.950000762939453,89.3051528930664,3.8897299766540527,0.1000000014901161,Moderate drizzle,Moderate drizzle,Nott'm Forest_2023-10-01 00:00:00,City Ground
21.89999961853028,74.67684936523438,3.640054941177368,0.0,Moderate rain,Moderate rain,Fulham_2023-10-02 00:00:00,Craven Cottage
16.350000381469727,54.1126708984375,6.627216339111328,0.0,Dense drizzle,Dense drizzle,Luton_2023-10-03 00:00:00,Kenilworth Road
20.850000381469727,77.64620971679688,0.8602325320243835,0.0,Light drizzle,Light drizzle,Man United_2023-10-07 00:00:00,Old Trafford
22.14999961853028,58.57371520996094,4.939635276794434,0.0,Overcast,Overcast,Fulham_2023-10-07 00:00:00,Craven Cottage
20.350000381469727,59.29850006103516,5.646237373352051,0.0,Light drizzle,Light drizzle,Luton_2023-10-07 00:00:00,Kenilworth Road
11.300000190734863,76.66780853271484,3.059411764144897,0.0,Dense drizzle,Dense drizzle,Man City_2023-10-21 00:00:00,Etihad Stadium
11.399999618530272,79.88245391845703,3.046309232711792,0.0,Light drizzle,Light drizzle,Nott'm Forest_2023-10-21 00:00:00,City Ground
12.0,76.78044128417969,2.2360680103302,0.0,Slight rain,Slight rain,Man United_2023-10-29 00:00:00,Old Trafford
10.699999809265137,83.39617919921875,6.003332138061523,0.0,Slight rain,Slight rain,Fulham_2023-11-04 00:00:00,Craven Cottage
8.199999809265137,88.72821807861328,5.742821216583252,0.4000000059604645,Light drizzle,Light drizzle,Man City_2023-11-04 00:00:00,Etihad Stadium
9.699999809265137,78.82000732421875,3.54400897026062,0.0,Moderate drizzle,Moderate drizzle,Nott'm Forest_2023-11-05 00:00:00,City Ground
9.800000190734863,76.42385864257812,4.833218574523926,0.0,Overcast,Overcast,Luton_2023-11-05 00:00:00,Kenilworth Road
5.550000190734863,89.43790435791016,1.6124515533447266,0.0,Overcast,Overcast,Man United_2023-11-11 00:00:00,Old Trafford
-0.1500000059604644,85.74369049072266,1.4142135381698608,0.0,Overcast,Overcast,Man City_2023-11-25 00:00:00,Etihad Stadium
2.400000095367432,84.16899871826172,1.9416487216949463,0.0,Overcast,Overcast,Nott'm Forest_2023-11-25 00:00:00,City Ground
1.75,83.17630767822266,2.340939998626709,0.0,Overcast,Overcast,Luton_2023-11-25 00:00:00,Kenilworth Road
5.25,89.72887420654297,5.099019527435303,0.2000000029802322,Slight rain,Slight rain,Fulham_2023-11-27 00:00:00,Craven Cottage
-2.200000047683716,90.79864501953124,2.594224452972412,0.0,Overcast,Overcast,Nott'm Forest_2023-12-02 00:00:00,City Ground
2.25,92.10328674316406,2.594224452972412,0.4000000059604645,Moderate snow fall,Moderate snow fall,Man City_2023-12-03 00:00:00,Etihad Stadium
4.699999809265137,95.2187042236328,4.257933616638184,0.2000000029802322,Moderate drizzle,Moderate drizzle,Luton_2023-12-05 00:00:00,Kenilworth Road
1.649999976158142,81.06111907958984,3.1384711265563965,0.0,Light drizzle,Light drizzle,Man United_2023-12-06 00:00:00,Old Trafford
1.0,96.11271667480467,2.5,0.0,Overcast,Overcast,Fulham_2023-12-06 00:00:00,Craven Cottage
8.899999618530273,84.332275390625,10.316007614135742,0.8999999761581421,Slight rain,Slight rain,Man United_2023-12-09 00:00:00,Old Trafford
11.0,84.2845458984375,7.060453414916992,0.0,Slight rain,Slight rain,Fulham_2023-12-10 00:00:00,Craven Cottage
10.0,88.57828521728516,7.653757572174072,0.0,Moderate rain,Moderate rain,Luton_2023-12-10 00:00:00,Kenilworth Road
5.849999904632568,85.16937255859375,3.8897299766540527,0.0,Overcast,Overcast,Nott'm Forest_2023-12-15 00:00:00,City Ground
10.649999618530272,86.56082916259766,3.499999761581421,0.0,Light drizzle,Light drizzle,Man City_2023-12-16 00:00:00,Etihad Stadium
9.800000190734863,76.9539566040039,7.021395683288574,0.0,Overcast,Overcast,Fulham_2023-12-23 00:00:00,Craven Cottage
9.050000190734863,80.65299224853516,8.062257766723633,0.0,Dense drizzle,Dense drizzle,Nott'm Forest_2023-12-23 00:00:00,City Ground
8.300000190734863,82.81706237792969,6.844705581665039,0.0,Overcast,Overcast,Luton_2023-12-23 00:00:00,Kenilworth Road
4.849999904632568,90.9716339111328,2.302172899246216,0.0,Light drizzle,Light drizzle,Man United_2023-12-26 00:00:00,Old Trafford
9.800000190734863,87.36451721191406,7.877182483673096,0.3000000119209289,Dense drizzle,Dense drizzle,Man City_2023-12-30 00:00:00,Etihad Stadium
9.949999809265137,85.61206817626953,8.935882568359375,0.1000000014901161,Slight rain,Slight rain,Nott'm Forest_2023-12-30 00:00:00,City Ground
10.0,88.2781753540039,8.47171688079834,0.0,Moderate drizzle,Moderate drizzle,Luton_2023-12-30 00:00:00,Kenilworth Road
8.149999618530273,74.56523895263672,7.060452938079834,0.0,Slight rain,Slight rain,Fulham_2023-12-31 00:00:00,Craven Cottage
3.25,83.06349182128906,2.969848155975342,0.0,Light drizzle,Light drizzle,Man United_2024-01-14 00:00:00,Old Trafford
7.849999904632568,75.03877258300781,3.0528674125671387,0.0,Overcast,Overcast,Fulham_2024-01-30 00:00:00,Craven Cottage
6.699999809265137,71.9651870727539,3.140063524246216,0.0,Light drizzle,Light drizzle,Nott'm Forest_2024-01-30 00:00:00,City Ground
6.900000095367432,78.11942291259766,3.4655447006225586,0.0,Light drizzle,Light drizzle,Luton_2024-01-30 00:00:00,Kenilworth Road
9.800000190734863,78.02388763427734,8.949860572814941,0.1000000014901161,Moderate rain,Moderate rain,Man City_2024-01-31 00:00:00,Etihad Stadium
12.0,76.51998901367188,9.633794784545898,0.1000000014901161,Moderate drizzle,Moderate drizzle,Man United_2024-02-04 00:00:00,Old Trafford
10.149999618530272,81.9184341430664,1.7088007926940918,0.0,Moderate drizzle,Moderate drizzle,Fulham_2024-02-10 00:00:00,Craven Cottage
8.75,84.60609436035156,2.1377556324005127,0.0,Light drizzle,Light drizzle,Man City_2024-02-10 00:00:00,Etihad Stadium
8.649999618530273,92.80139923095705,1.0816653966903689,0.0,Moderate drizzle,Moderate drizzle,Nott'm Forest_2024-02-10 00:00:00,City Ground
9.399999618530272,85.84710693359375,2.0024983882904053,0.0,Moderate drizzle,Moderate drizzle,Luton_2024-02-10 00:00:00,Kenilworth Road
12.649999618530272,87.62754821777344,5.532630443572998,0.699999988079071,Moderate rain,Moderate rain,Man City_2024-02-17 00:00:00,Etihad Stadium
11.600000381469728,87.23828887939453,5.81377649307251,0.0,Dense drizzle,Dense drizzle,Fulham_2024-02-17 00:00:00,Craven Cottage
12.75,85.90343475341797,6.280127048492432,0.0,Slight rain,Slight rain,Nott'm Forest_2024-02-17 00:00:00,City Ground
12.75,72.84292602539062,4.8373541831970215,0.0,Moderate rain,Moderate rain,Luton_2024-02-18 00:00:00,Kenilworth Road
11.449999809265137,83.20419311523438,6.481512069702148,0.699999988079071,Dense drizzle,Dense drizzle,Man City_2024-02-20 00:00:00,Etihad Stadium
7.199999809265137,68.5546646118164,2.507987260818481,0.0,Light drizzle,Light drizzle,Man United_2024-02-24 00:00:00,Old Trafford
7.800000190734863,62.81008529663086,5.442425727844238,0.1000000014901161,Moderate drizzle,Moderate drizzle,Fulham_2024-03-02 00:00:00,Craven Cottage
6.199999809265137,69.08668518066406,4.492215633392334,0.1000000014901161,Slight snow fall,Slight snow fall,Nott'm Forest_2024-03-02 00:00:00,City Ground
6.150000095367432,75.54544067382812,5.510898590087891,0.1000000014901161,Moderate snow fall,Moderate snow fall,Luton_2024-03-02 00:00:00,Kenilworth Road
7.699999809265137,63.01253128051758,1.1704699993133545,0.0,Light drizzle,Light drizzle,Man City_2024-03-03 00:00:00,Etihad Stadium
10.149999618530272,71.61359405517578,7.559100151062012,0.0,Light drizzle,Light drizzle,Man United_2024-03-09 00:00:00,Old Trafford
11.149999618530272,62.05081558227539,4.36806583404541,0.0,Moderate drizzle,Moderate drizzle,Fulham_2024-03-16 00:00:00,Craven Cottage
11.050000190734863,63.3449592590332,4.638965606689453,0.0,Moderate drizzle,Moderate drizzle,Luton_2024-03-16 00:00:00,Kenilworth Road
13.050000190734863,52.4972038269043,3.501428365707397,0.0,Light drizzle,Light drizzle,Nott'm Forest_2024-03-30 00:00:00,City Ground
11.350000381469728,64.08132934570312,7.368175029754639,0.0,Overcast,Overcast,Man City_2024-03-31 00:00:00,Etihad Stadium
13.100000381469728,56.72026062011719,4.123105525970459,0.0,Moderate drizzle,Moderate drizzle,Nott'm Forest_2024-04-02 00:00:00,City Ground
10.0,75.93035888671875,8.868483543395996,0.1000000014901161,Moderate rain,Moderate rain,Man City_2024-04-03 00:00:00,Etihad Stadium
15.949999809265137,65.32550048828125,8.268011093139648,0.0,Light drizzle,Light drizzle,Fulham_2024-04-06 00:00:00,Craven Cottage
15.25,67.40760040283203,8.766412734985352,0.0,Light drizzle,Light drizzle,Luton_2024-04-06 00:00:00,Kenilworth Road
12.350000381469728,77.88390350341797,8.386298179626465,1.0,Slight rain,Slight rain,Man United_2024-04-07 00:00:00,Old Trafford
13.800000190734863,64.63219451904297,7.94795560836792,0.2000000029802322,Slight rain,Slight rain,Man City_2024-04-13 00:00:00,Etihad Stadium
14.399999618530272,72.89625549316406,8.052949905395508,0.0,Light drizzle,Light drizzle,Nott'm Forest_2024-04-13 00:00:00,City Ground
8.649999618530273,58.65435028076172,5.208646297454834,0.0,Light drizzle,Light drizzle,Luton_2024-04-20 00:00:00,Kenilworth Road
10.350000381469728,52.51372146606445,6.146543502807617,0.0,Overcast,Overcast,Fulham_2024-04-21 00:00:00,Craven Cottage
9.899999618530272,48.02461242675781,2.1400933265686035,0.0,Overcast,Overcast,Man United_2024-04-24 00:00:00,Old Trafford
10.449999809265137,61.23352813720703,4.215447902679443,0.0,Light drizzle,Light drizzle,Man United_2024-04-27 00:00:00,Old Trafford
12.149999618530272,68.61763763427734,4.326661586761475,0.0,Slight rain,Slight rain,Fulham_2024-04-27 00:00:00,Craven Cottage
10.5,51.2482795715332,6.70298433303833,0.0,Moderate rain,Moderate rain,Nott'm Forest_2024-04-28 00:00:00,City Ground
10.449999809265137,85.95596313476562,5.353503704071045,0.3000000119209289,Moderate rain,Moderate rain,Luton_2024-05-03 00:00:00,Kenilworth Road
13.050000190734863,75.40632629394531,2.9732136726379395,0.0,Dense drizzle,Dense drizzle,Man City_2024-05-04 00:00:00,Etihad Stadium
19.89999961853028,57.45534133911133,5.408327102661133,0.0,Overcast,Overcast,Fulham_2024-05-11 00:00:00,Craven Cottage
20.25,57.54141998291016,4.280186653137207,0.0,Overcast,Overcast,Nott'm Forest_2024-05-11 00:00:00,City Ground
22.950000762939453,53.13323974609375,4.3046488761901855,0.0,Moderate drizzle,Moderate drizzle,Man United_2024-05-12 00:00:00,Old Trafford
16.549999237060547,73.76592254638672,3.7576589584350586,1.600000023841858,Slight rain,Slight rain,Man United_2024-05-15 00:00:00,Old Trafford
20.549999237060547,52.16117477416992,3.2802438735961914,0.0,Mainly clear,Mainly clear,Man City_2024-05-19 00:00:00,Etihad Stadium
18.64999961853028,53.61427688598633,4.920365810394287,0.0,Overcast,Overcast,Luton_2024-05-19 00:00:00,Kenilworth Road
18.200000762939453,59.17467880249024,3.5114099979400635,0.0,Light drizzle,Light drizzle,Man United_2024-08-16 00:00:00,Old Trafford
23.0,41.44110107421875,1.334166407585144,0.0,Overcast,Overcast,Ipswich_2024-08-17 00:00:00,Portman Road
18.950000762939453,52.618690490722656,4.561797618865967,0.0,Light drizzle,Light drizzle,Nott'm Forest_2024-08-17 00:00:00,City Ground
16.850000381469727,75.28760528564453,5.508175849914551,0.0,Moderate rain,Moderate rain,Fulham_2024-08-24 00:00:00,Craven Cottage
15.550000190734863,62.64647674560547,5.941380500793457,0.0,Dense drizzle,Dense drizzle,Man City_2024-08-24 00:00:00,Etihad Stadium
17.850000381469727,56.75519180297852,5.885575771331787,0.0,Moderate rain,Moderate rain,Southampton_2024-08-24 00:00:00,St Mary's Stadium
19.049999237060547,63.8586311340332,7.184010028839111,0.1000000014901161,Light drizzle,Light drizzle,Ipswich_2024-08-31 00:00:00,Portman Road
18.350000381469727,55.00035858154297,6.628725051879883,0.0,Light drizzle,Light drizzle,Nott'm Forest_2024-08-31 00:00:00,City Ground
19.0,86.79865264892578,4.18688440322876,1.7000000476837158,Heavy rain,Heavy rain,Man United_2024-09-01 00:00:00,Old Trafford
17.649999618530273,52.99168395996094,4.393176555633545,0.0,Overcast,Overcast,Fulham_2024-09-14 00:00:00,Craven Cottage
18.14999961853028,61.57889938354492,5.091168880462647,0.0,Overcast,Overcast,Man City_2024-09-14 00:00:00,Etihad Stadium
15.949999809265137,60.85755920410156,3.8897299766540527,0.0,Overcast,Overcast,Southampton_2024-09-14 00:00:00,St Mary's Stadium
22.200000762939453,60.32118225097656,4.3046488761901855,0.3000000119209289,Light drizzle,Light drizzle,Fulham_2024-09-21 00:00:00,Craven Cottage
21.25,65.17915344238281,3.700000047683716,0.0,Light drizzle,Light drizzle,Southampton_2024-09-21 00:00:00,St Mary's Stadium
15.899999618530272,86.50184631347656,6.920259952545166,0.0,Slight rain,Slight rain,Man City_2024-09-22 00:00:00,Etihad Stadium
12.550000190734863,64.35254669189453,4.251176357269287,0.0,Overcast,Overcast,Nott'm Forest_2024-09-28 00:00:00,City Ground
13.699999809265137,62.64711380004883,6.828067302703857,0.0,Light drizzle,Light drizzle,Man United_2024-09-29 00:00:00,Old Trafford
13.149999618530272,64.48715209960938,6.611542701721191,0.2000000029802322,Light drizzle,Light drizzle,Ipswich_2024-09-29 00:00:00,Portman Road
15.600000381469728,61.396705627441406,4.5188493728637695,0.0,Overcast,Overcast,Man City_2024-10-05 00:00:00,Etihad Stadium
14.550000190734863,79.26425170898438,3.010398626327514,0.0,Moderate drizzle,Moderate drizzle,Ipswich_2024-10-19 00:00:00,Portman Road
15.399999618530272,70.91526794433594,2.1691012382507324,0.0,Slight rain,Slight rain,Fulham_2024-10-19 00:00:00,Craven Cottage
13.649999618530272,76.52776336669922,1.3729530572891235,0.0,Moderate rain,Moderate rain,Man United_2024-10-19 00:00:00,Old Trafford
15.300000190734863,70.4234848022461,1.8607794046401973,0.0,Moderate rain,Moderate rain,Southampton_2024-10-19 00:00:00,St Mary's Stadium
12.699999809265137,77.67507934570312,3.9274673461914062,0.0,Light drizzle,Light drizzle,Nott'm Forest_2024-10-21 00:00:00,City Ground
12.449999809265137,78.42737579345703,2.710165977478028,0.0,Light drizzle,Light drizzle,Man City_2024-10-26 00:00:00,Etihad Stadium
12.649999618530272,82.51498413085938,3.125699758529663,0.0,Light drizzle,Light drizzle,Ipswich_2024-11-02 00:00:00,Portman Road
12.5,88.49352264404297,2.11482834815979,0.0,Overcast,Overcast,Nott'm Forest_2024-11-02 00:00:00,City Ground
13.600000381469728,81.8118896484375,3.0536863803863525,0.0,Light drizzle,Light drizzle,Southampton_2024-11-02 00:00:00,St Mary's Stadium
11.649999618530272,79.64734649658203,1.0700466632843018,0.0,Light drizzle,Light drizzle,Man United_2024-11-03 00:00:00,Old Trafford
11.800000190734863,82.9662857055664,1.7867568731307983,0.0,Overcast,Overcast,Fulham_2024-11-04 00:00:00,Craven Cottage
12.199999809265137,93.30235290527344,2.839894294738769,0.0,Light drizzle,Light drizzle,Man United_2024-11-10 00:00:00,Old Trafford
11.800000190734863,90.22518920898438,2.9732136726379395,0.0,Overcast,Overcast,Nott'm Forest_2024-11-10 00:00:00,City Ground
11.5,92.9562530517578,8.432823181152344,1.0,Slight rain,Slight rain,Fulham_2024-11-23 00:00:00,Craven Cottage
13.050000190734863,90.31587982177734,5.708983898162842,0.3000000119209289,Moderate rain,Moderate rain,Man City_2024-11-23 00:00:00,Etihad Stadium
16.100000381469727,67.13356018066406,10.451912879943848,0.0,Slight rain,Slight rain,Ipswich_2024-11-24 00:00:00,Portman Road
16.299999237060547,75.1961441040039,10.200613021850586,0.2000000029802322,Slight rain,Slight rain,Southampton_2024-11-24 00:00:00,St Mary's Stadium
12.0,92.67453002929688,3.559845447540283,0.0,Overcast,Overcast,Nott'm Forest_2024-11-30 00:00:00,City Ground
11.649999618530272,91.42748260498048,3.290136814117432,0.8999999761581421,Moderate rain,Moderate rain,Man United_2024-12-01 00:00:00,Old Trafford
4.5,88.40806579589844,1.9137659072875977,0.0,Moderate drizzle,Moderate drizzle,Ipswich_2024-12-03 00:00:00,Portman Road
8.149999618530273,87.5097427368164,4.047839164733887,0.0,Moderate drizzle,Moderate drizzle,Man City_2024-12-04 00:00:00,Etihad Stadium
10.25,81.6518325805664,4.002811431884766,0.0,Moderate drizzle,Moderate drizzle,Southampton_2024-12-04 00:00:00,St Mary's Stadium
13.100000381469728,88.83804321289062,4.600271701812744,0.3000000119209289,Slight rain,Slight rain,Fulham_2024-12-05 00:00:00,Craven Cottage
6.5,77.50627136230469,8.371528625488281,0.5,Moderate drizzle,Moderate drizzle,Man United_2024-12-07 00:00:00,Old Trafford
7.349999904632568,86.82980346679688,6.625896453857422,0.0,Moderate drizzle,Moderate drizzle,Ipswich_2024-12-08 00:00:00,Portman Road
6.599999904632568,86.7557373046875,6.75166654586792,0.699999988079071,Moderate rain,Moderate rain,Fulham_2024-12-08 00:00:00,Craven Cottage
5.650000095367432,84.54833221435547,3.920459270477295,0.0,Light drizzle,Light drizzle,Nott'm Forest_2024-12-14 00:00:00,City Ground
11.300000190734863,86.33361053466797,3.6840875148773193,0.0,Light drizzle,Light drizzle,Man City_2024-12-15 00:00:00,Etihad Stadium
11.850000381469728,86.3885498046875,4.107614994049072,0.0,Overcast,Overcast,Southampton_2024-12-15 00:00:00,St Mary's Stadium
11.300000190734863,88.0943603515625,7.5041656494140625,0.3000000119209289,Moderate drizzle,Moderate drizzle,Ipswich_2024-12-21 00:00:00,Portman Road
6.5,64.34031677246094,7.684074401855469,0.0,Heavy snow fall,Heavy snow fall,Man United_2024-12-22 00:00:00,Old Trafford
5.150000095367432,68.61853790283203,5.700877189636231,0.0,Slight snow fall,Slight snow fall,Fulham_2024-12-22 00:00:00,Craven Cottage
6.400000095367432,98.97201538085938,0.4123105704784393,0.0,Overcast,Overcast,Man City_2024-12-26 00:00:00,Etihad Stadium
6.550000190734863,98.29393005371094,1.0920164585113523,0.0,Light drizzle,Light drizzle,Nott'm Forest_2024-12-26 00:00:00,City Ground
7.449999809265137,88.9717788696289,0.75,0.0,Light drizzle,Light drizzle,Southampton_2024-12-26 00:00:00,St Mary's Stadium
6.349999904632568,91.39275360107422,2.829310894012451,0.0,Overcast,Overcast,Fulham_2024-12-29 00:00:00,Craven Cottage
6.75,85.26821899414062,4.813003540039063,0.0,Overcast,Overcast,Ipswich_2024-12-30 00:00:00,Portman Road
8.850000381469727,83.17202758789062,3.8668463230133057,0.0,Overcast,Overcast,Man United_2024-12-30 00:00:00,Old Trafford
1.100000023841858,88.42367553710938,1.7734147310256958,0.0,Moderate snow fall,Moderate snow fall,Man City_2025-01-04 00:00:00,Etihad Stadium
3.200000047683716,71.54608154296875,4.080440998077393,0.0,Heavy snow fall,Heavy snow fall,Southampton_2025-01-04 00:00:00,St Mary's Stadium
12.0,92.67453002929688,5.936328887939453,0.1000000014901161,Heavy snow fall,Heavy snow fall,Fulham_2025-01-05 00:00:00,Craven Cottage
9.300000190734863,95.38761138916016,2.692582130432129,0.0,Overcast,Overcast,Nott'm Forest_2025-01-14 00:00:00,City Ground
7.150000095367432,91.76207733154295,2.482438325881958,0.0,Overcast,Overcast,Ipswich_2025-01-16 00:00:00,Portman Road
3.849999904632568,70.11891174316406,0.7280109524726868,0.0,Overcast,Overcast,Man United_2025-01-16 00:00:00,Old Trafford
2.0,84.12138366699219,1.453444242477417,0.0,Overcast,Overcast,Man United_2025-01-19 00:00:00,Old Trafford
2.450000047683716,81.17261505126953,1.7240939140319824,0.0,Overcast,Overcast,Nott'm Forest_2025-01-19 00:00:00,City Ground
2.650000095367432,81.495849609375,1.5443445444107056,0.0,Overcast,Overcast,Ipswich_2025-01-19 00:00:00,Portman Road
5.150000095367432,68.61853790283203,2.191460609436035,0.0,Overcast,Overcast,Man City_2025-01-25 00:00:00,Etihad Stadium
5.900000095367432,72.58866882324219,0.6324555277824402,0.0,Moderate drizzle,Moderate drizzle,Southampton_2025-01-25 00:00:00,St Mary's Stadium
5.699999809265137,93.2848129272461,7.241891860961914,1.2999999523162842,Moderate rain,Moderate rain,Fulham_2025-01-26 00:00:00,Craven Cottage
5.25,74.5826187133789,2.8217902183532715,0.0,Overcast,Overcast,Ipswich_2025-02-01 00:00:00,Portman Road
5.449999809265137,77.61470794677734,3.0,0.0,Overcast,Overcast,Nott'm Forest_2025-02-01 00:00:00,City Ground
6.900000095367432,75.67353820800781,1.6007810831069946,0.0,Overcast,Overcast,Man United_2025-02-02 00:00:00,Old Trafford
5.150000095367432,78.68466186523438,2.0,0.0,Light drizzle,Light drizzle,Fulham_2025-02-15 00:00:00,Craven Cottage
4.699999809265137,85.95299530029297,1.4713939428329468,0.0,Light drizzle,Light drizzle,Man City_2025-02-15 00:00:00,Etihad Stadium
5.849999904632568,80.48748779296875,2.657536506652832,0.0,Light drizzle,Light drizzle,Southampton_2025-02-15 00:00:00,St Mary's Stadium
12.149999618530272,72.23806762695312,3.1662280559539795,0.0,Dense drizzle,Dense drizzle,Ipswich_2025-02-22 00:00:00,Portman Road
12.649999618530272,65.26898956298828,2.9529645442962646,0.0,Slight rain,Slight rain,Fulham_2025-02-22 00:00:00,Craven Cottage
11.75,73.91393280029297,3.6211185455322266,0.0,Moderate drizzle,Moderate drizzle,Southampton_2025-02-22 00:00:00,St Mary's Stadium
10.5,88.32171630859375,8.521150588989258,2.0,Slight rain,Slight rain,Man City_2025-02-23 00:00:00,Etihad Stadium
6.25,82.26771545410156,2.773084878921509,2.0,Heavy snow fall,Heavy snow fall,Man United_2025-02-26 00:00:00,Old Trafford
6.599999904632568,79.1841049194336,3.3320415019989014,0.1000000014901161,Slight snow fall,Slight snow fall,Nott'm Forest_2025-02-26 00:00:00,City Ground
15.649999618530272,58.1546630859375,3.731621742248535,0.0,Light drizzle,Light drizzle,Nott'm Forest_2025-03-08 00:00:00,City Ground
15.199999809265137,60.88648223876953,3.3109664916992188,0.0,Overcast,Overcast,Man United_2025-03-09 00:00:00,Old Trafford
6.0,54.85856628417969,5.860033988952637,0.0,Overcast,Overcast,Ipswich_2025-03-15 00:00:00,Portman Road
8.350000381469727,57.94795989990234,2.375394582748413,0.0,Light drizzle,Light drizzle,Man City_2025-03-15 00:00:00,Etihad Stadium
7.449999809265137,46.62289810180664,5.977039337158203,0.0,Overcast,Overcast,Southampton_2025-03-15 00:00:00,St Mary's Stadium
7.650000095367432,63.22760391235352,3.8810436725616455,0.0,Overcast,Overcast,Fulham_2025-03-16 00:00:00,Craven Cottage
13.0,56.6947135925293,5.05593729019165,0.0,Overcast,Overcast,Nott'm Forest_2025-04-01 00:00:00,City Ground
13.850000381469728,50.36165618896485,5.144171714782715,0.0,Clear sky,Clear sky,Man City_2025-04-02 00:00:00,Etihad Stadium
15.050000190734863,49.46677017211914,7.168855667114258,0.0,Clear sky,Clear sky,Southampton_2025-04-02 00:00:00,St Mary's Stadium
10.850000381469728,54.95494079589844,5.409482479095459,0.0,Mainly clear,Mainly clear,Ipswich_2025-04-05 00:00:00,Portman Road
14.550000190734863,42.5171012878418,2.885307550430298,0.0,Mainly clear,Mainly clear,Man United_2025-04-06 00:00:00,Old Trafford
13.899999618530272,30.23748016357422,4.150300979614258,0.0,Clear sky,Clear sky,Fulham_2025-04-06 00:00:00,Craven Cottage
19.75,35.621768951416016,2.4129858016967773,0.0,Overcast,Overcast,Man City_2025-04-12 00:00:00,Etihad Stadium
20.299999237060547,37.96048355102539,3.275667905807495,0.0,Overcast,Overcast,Nott'm Forest_2025-04-12 00:00:00,City Ground
16.149999618530273,45.62129592895508,2.462214469909668,0.0,Overcast,Overcast,Southampton_2025-04-12 00:00:00,St Mary's Stadium
15.850000381469728,38.97160720825195,2.2209231853485107,0.0,Overcast,Overcast,Man United_2025-04-20 00:00:00,Old Trafford
13.899999618530272,50.55280685424805,3.125699758529663,0.0,Overcast,Overcast,Fulham_2025-04-20 00:00:00,Craven Cottage
10.25,70.89008331298828,3.436568021774292,0.0,Light drizzle,Light drizzle,Ipswich_2025-04-20 00:00:00,Portman Road
15.149999618530272,44.8602409362793,3.194526672363281,0.0,Moderate drizzle,Moderate drizzle,Man City_2025-04-22 00:00:00,Etihad Stadium
16.850000381469727,53.5073471069336,1.4807093143463137,0.0,Light drizzle,Light drizzle,Southampton_2025-04-26 00:00:00,St Mary's Stadium
25.600000381469727,27.1600341796875,2.083866596221924,0.0,Overcast,Overcast,Nott'm Forest_2025-05-01 00:00:00,City Ground
18.549999237060547,38.52234649658203,2.400520801544189,0.0,Overcast,Overcast,Man City_2025-05-02 00:00:00,Etihad Stadium
19.200000762939453,31.32208633422852,4.490267276763916,0.0,Mainly clear,Mainly clear,Ipswich_2025-05-10 00:00:00,Portman Road
22.39999961853028,22.352628707885746,3.975550174713135,0.0,Partly cloudy,Partly cloudy,Fulham_2025-05-10 00:00:00,Craven Cottage
20.5,30.48322105407715,4.673595905303955,0.0,Overcast,Overcast,Southampton_2025-05-10 00:00:00,St Mary's Stadium
23.64999961853028,25.06922912597656,3.1144821643829346,0.0,Overcast,Overcast,Man United_2025-05-11 00:00:00,Old Trafford
23.350000381469727,26.635780334472656,3.430014371871948,0.0,Overcast,Overcast,Nott'm Forest_2025-05-11 00:00:00,City Ground
18.25,41.07861328125,3.069608926773072,0.1000000014901161,Slight rain,Slight rain,Man City_2025-05-20 00:00:00,Etihad Stadium
17.850000381469727,45.154052734375,6.699999809265137,0.0,Light drizzle,Light drizzle,Ipswich_2025-05-25 00:00:00,Portman Road
14.5,55.51948547363281,6.415995597839356,0.2000000029802322,Slight rain,Slight rain,Man United_2025-05-25 00:00:00,Old Trafford
17.950000762939453,42.447509765625,6.896557331085205,0.0,Moderate drizzle,Moderate drizzle,Southampton_2025-05-25 00:00:00,St Mary's Stadium
19.0,37.323055267333984,5.63759708404541,0.0,Light drizzle,Light drizzle,Fulham_2025-05-25 00:00:00,Craven Cottage
16.0,46.22134780883789,7.278049468994141,0.0,Light drizzle,Light drizzle,Nott'm Forest_2025-05-25 00:00:00,City Ground
17.200000762939453,74.60911560058594,2.25887131690979,0.0,Overcast,Overcast,Sunderland_2025-08-16 00:00:00,Stadium of Light
22.89999961853028,57.06623077392578,3.535533905029297,0.0,Overcast,Overcast,Man United_2025-08-17 00:00:00,Old Trafford
21.049999237060547,60.44499969482422,3.853894233703613,0.0,Overcast,Overcast,Nott'm Forest_2025-08-17 00:00:00,City Ground
19.700000762939453,62.96181869506836,3.645888090133667,0.0,Light drizzle,Light drizzle,Leeds_2025-08-18 00:00:00,Elland Road
21.39999961853028,53.25776290893555,0.6082762479782104,0.0,Overcast,Overcast,Man City_2025-08-23 00:00:00,Etihad Stadium
23.350000381469727,39.62743377685547,2.055480480194092,0.0,Overcast,Overcast,Fulham_2025-08-24 00:00:00,Craven Cottage
18.75,73.66679382324219,5.234739780426025,0.699999988079071,Moderate drizzle,Moderate drizzle,Man United_2025-08-30 00:00:00,Old Trafford
20.299999237060547,48.551395416259766,6.116576194763184,0.0,Moderate rain,Moderate rain,Sunderland_2025-08-30 00:00:00,Stadium of Light
18.89999961853028,66.17625427246094,4.800260066986084,0.1000000014901161,Slight rain,Slight rain,Leeds_2025-08-30 00:00:00,Elland Road
17.0,72.87955474853516,3.7312867641448975,0.2000000029802322,Dense drizzle,Dense drizzle,Nott'm Forest_2025-08-31 00:00:00,City Ground
16.399999618530273,59.74020767211914,3.113278150558472,0.0,Slight rain,Slight rain,Fulham_2025-09-13 00:00:00,Craven Cottage
13.050000190734863,85.08062744140625,5.875797748565674,0.6000000238418579,Moderate rain,Moderate rain,Man City_2025-09-14 00:00:00,Etihad Stadium
12.399999618530272,89.37301635742188,6.158328056335449,3.299999952316284,Moderate rain,Moderate rain,Man United_2025-09-20 00:00:00,Old Trafford
19.950000762939453,71.3033447265625,6.119232177734375,0.0,Overcast,Overcast,Fulham_2025-09-20 00:00:00,Craven Cottage
11.5,64.7883529663086,4.405110836029053,0.3000000119209289,Moderate rain,Moderate rain,Sunderland_2025-09-21 00:00:00,Stadium of Light
14.300000190734863,70.46665954589844,3.4132096767425537,0.0,Slight rain,Slight rain,Man City_2025-09-27 00:00:00,Etihad Stadium
15.100000381469728,64.26385498046875,3.4677083492279053,0.0,Light drizzle,Light drizzle,Nott'm Forest_2025-09-27 00:00:00,City Ground
14.300000190734863,68.58842468261719,3.407711744308472,0.0,Dense drizzle,Dense drizzle,Leeds_2025-09-27 00:00:00,Elland Road
11.600000381469728,79.10133361816406,6.407027721405029,0.4000000059604645,Moderate rain,Moderate rain,Man United_2025-10-04 00:00:00,Old Trafford
11.899999618530272,72.43911743164062,7.200173377990723,0.0,Slight rain,Slight rain,Leeds_2025-10-04 00:00:00,Elland Road
13.850000381469728,65.08649444580078,2.1633307933807373,0.0,Overcast,Overcast,Fulham_2025-10-18 00:00:00,Craven Cottage
12.899999618530272,75.63640594482422,3.2526912689208984,0.0,Light drizzle,Light drizzle,Man City_2025-10-18 00:00:00,Etihad Stadium
11.550000190734863,74.13187408447266,2.816025733947754,0.0,Overcast,Overcast,Sunderland_2025-10-18 00:00:00,Stadium of Light
13.300000190734863,69.32249450683594,3.1120734214782715,0.0,Overcast,Overcast,Nott'm Forest_2025-10-18 00:00:00,City Ground
9.75,78.55622100830078,3.468789339065552,0.0,Moderate drizzle,Moderate drizzle,Leeds_2025-10-24 00:00:00,Elland Road
8.600000381469727,59.49103164672852,3.535533905029297,0.0,Overcast,Overcast,Man United_2025-10-25 00:00:00,Old Trafford
11.449999809265137,81.53199768066406,4.210997104644775,0.4000000059604645,Dense drizzle,Dense drizzle,Fulham_2025-11-01 00:00:00,Craven Cottage
11.600000381469728,68.74163818359375,3.78714919090271,0.0,Moderate drizzle,Moderate drizzle,Nott'm Forest_2025-11-01 00:00:00,City Ground
10.050000190734863,69.6273422241211,2.740894079208374,0.0,Moderate drizzle,Moderate drizzle,Man City_2025-11-02 00:00:00,Etihad Stadium
15.199999809265137,80.6772689819336,7.247068881988525,0.0,Slight rain,Slight rain,Sunderland_2025-11-03 00:00:00,Stadium of Light
12.75,81.70198059082031,2.250555515289306,0.0,Light drizzle,Light drizzle,Sunderland_2025-11-08 00:00:00,Stadium of Light
11.949999809265137,88.44664764404297,4.0660176277160645,0.5,Dense drizzle,Dense drizzle,Man City_2025-11-09 00:00:00,Etihad Stadium
12.050000190734863,84.40361022949219,4.087175369262695,0.0,Moderate drizzle,Moderate drizzle,Nott'm Forest_2025-11-09 00:00:00,City Ground
7.199999809265137,89.88043975830078,5.173248291015625,1.2000000476837158,Moderate rain,Moderate rain,Fulham_2025-11-22 00:00:00,Craven Cottage
5.949999809265137,83.69307708740234,5.442655563354492,0.0,Slight rain,Slight rain,Leeds_2025-11-23 00:00:00,Elland Road
6.949999809265137,77.85210418701172,3.03191351890564,0.0,Moderate drizzle,Moderate drizzle,Man United_2025-11-24 00:00:00,Old Trafford
4.349999904632568,94.87091827392578,1.012422800064087,0.1000000014901161,Moderate snow fall,Moderate snow fall,Man City_2025-11-29 00:00:00,Etihad Stadium
6.25,92.3453369140625,4.246469020843506,1.600000023841858,Moderate rain,Moderate rain,Sunderland_2025-11-29 00:00:00,Stadium of Light
5.25,82.13746643066406,3.2015621662139893,0.0,Light drizzle,Light drizzle,Nott'm Forest_2025-11-30 00:00:00,City Ground
8.699999809265137,84.01908874511719,2.7073974609375,0.0,Moderate drizzle,Moderate drizzle,Fulham_2025-12-02 00:00:00,Craven Cottage
5.25,88.7862777709961,2.482438325881958,0.0,Overcast,Overcast,Leeds_2025-12-03 00:00:00,Elland Road
6.199999809265137,92.66421508789062,2.049999952316284,0.800000011920929,Slight rain,Slight rain,Man United_2025-12-04 00:00:00,Old Trafford
9.350000381469728,90.35071563720705,3.990614175796509,0.8999999761581421,Slight rain,Slight rain,Man City_2025-12-06 00:00:00,Etihad Stadium
9.550000190734863,87.63939666748047,3.900320529937744,0.2000000029802322,Slight rain,Slight rain,Leeds_2025-12-06 00:00:00,Elland Road
13.949999809265137,91.57398986816406,6.935416221618652,0.0,Slight rain,Slight rain,Fulham_2025-12-07 00:00:00,Craven Cottage
11.25,78.2459716796875,9.212627410888672,0.0,Heavy rain,Heavy rain,Sunderland_2025-12-14 00:00:00,Stadium of Light
10.0,74.88746643066406,6.314467430114746,0.0,Overcast,Overcast,Nott'm Forest_2025-12-14 00:00:00,City Ground
8.850000381469727,98.6577606201172,1.691892385482788,0.6000000238418579,Moderate rain,Moderate rain,Man United_2025-12-15 00:00:00,Old Trafford
6.800000190734863,84.97608184814453,3.689512014389038,0.0,Overcast,Overcast,Man City_2025-12-20 00:00:00,Etihad Stadium
6.0,94.27938842773438,3.1531729698181152,0.0,Overcast,Overcast,Leeds_2025-12-20 00:00:00,Elland Road
9.899999618530272,93.81500244140624,2.059732913970948,0.0,Moderate drizzle,Moderate drizzle,Fulham_2025-12-22 00:00:00,Craven Cottage
5.449999809265137,81.29315185546875,3.940812110900879,0.0,Partly cloudy,Partly cloudy,Man United_2025-12-26 00:00:00,Old Trafford
6.300000190734863,87.64143371582031,4.430857658386231,0.0,Overcast,Overcast,Nott'm Forest_2025-12-27 00:00:00,City Ground
6.050000190734863,84.29684448242188,1.9780040979385376,0.0,Light drizzle,Light drizzle,Sunderland_2025-12-28 00:00:00,Stadium of Light
4.449999809265137,82.62104034423828,1.0198038816452026,0.0,Overcast,Overcast,Man United_2025-12-30 00:00:00,Old Trafford
3.849999904632568,86.17042541503906,2.600480556488037,0.0,Overcast,Overcast,Nott'm Forest_2025-12-30 00:00:00,City Ground
3.150000095367432,67.94232940673828,6.770893573760986,0.0,Overcast,Overcast,Sunderland_2026-01-01 00:00:00,Stadium of Light
0.5,77.95568084716797,2.4829418659210205,0.0,Overcast,Overcast,Fulham_2026-01-04 00:00:00,Craven Cottage
0.4000000059604645,79.69522094726562,1.7734147310256958,0.0,Heavy snow fall,Heavy snow fall,Man City_2026-01-04 00:00:00,Etihad Stadium
0.25,70.69190216064453,2.716615676879883,0.0,Overcast,Overcast,Leeds_2026-01-04 00:00:00,Elland Road
4.25,69.4359130859375,4.201189994812012,0.0,Heavy snow fall,Heavy snow fall,Fulham_2026-01-07 00:00:00,Craven Cottage
4.150000095367432,70.17993927001953,3.0186917781829834,0.0,Overcast,Overcast,Man City_2026-01-07 00:00:00,Etihad Stadium
8.399999618530273,89.05049133300781,2.1470909118652344,0.0,Light drizzle,Light drizzle,Tottenham_2026-01-17 00:00:00,Tottenham Hotspur Stadium
6.849999904632568,93.99195861816406,2.061552762985229,0.0,Moderate drizzle,Moderate drizzle,Sunderland_2026-01-17 00:00:00,Stadium of Light
6.25,95.27662658691406,1.4560219049453735,0.0,Moderate drizzle,Moderate drizzle,Leeds_2026-01-17 00:00:00,Elland Road
6.5,91.40265655517578,1.3200379610061646,0.0,Dense drizzle,Dense drizzle,Nott'm Forest_2026-01-17 00:00:00,City Ground
8.899999618530273,86.38610076904297,1.998124122619629,0.0,Moderate drizzle,Moderate drizzle,Chelsea_2026-01-17 00:00:00,Stamford Bridge
7.349999904632568,87.43474578857422,2.581181764602661,0.0,Overcast,Overcast,Liverpool_2026-01-17 00:00:00,Anfield
7.400000095367432,84.45257568359375,1.3829317092895508,0.0,Slight rain,Slight rain,Man United_2026-01-17 00:00:00,Old Trafford
6.349999904632568,97.27838134765624,2.0892581939697266,0.2000000029802322,Dense drizzle,Dense drizzle,Aston Villa_2026-01-18 00:00:00,Villa Park
6.099999904632568,98.62815856933594,1.7464250326156616,0.6000000238418579,Dense drizzle,Dense drizzle,Wolves_2026-01-18 00:00:00,Molineux Stadium
9.300000190734863,91.58464813232422,4.95807409286499,0.0,Light drizzle,Light drizzle,Brighton_2026-01-19 00:00:00,Falmer Stadium
7.750500202178955,79.91151428222656,8.622354507446289,0.1000000014901161,Moderate rain,Moderate rain,Bournemouth_2026-01-24 00:00:00,Vitality Stadium
7.900000095367432,71.17990112304688,5.49408769607544,0.0,Dense drizzle,Dense drizzle,Man City_2026-01-24 00:00:00,Etihad Stadium
6.254000186920166,80.82949829101562,7.36562967300415,0.0,Slight snow fall,Slight snow fall,Burnley_2026-01-24 00:00:00,Turf Moor
7.650000095367432,79.89705657958984,4.482186794281006,0.0,Moderate drizzle,Moderate drizzle,West Ham_2026-01-24 00:00:00,London Stadium
7.849999904632568,79.09226989746094,4.600271701812744,0.0,Slight rain,Slight rain,Fulham_2026-01-24 00:00:00,Craven Cottage
5.400000095367432,86.33078002929688,4.760514736175537,0.1000000014901161,Light drizzle,Light drizzle,Newcastle_2026-01-25 00:00:00,St. James' Park
6.5,85.53998565673828,2.912043809890747,0.0,Slight rain,Slight rain,Arsenal_2026-01-25 00:00:00,Emirates Stadium
7.0,82.94347381591797,2.9732136726379395,0.0,Moderate drizzle,Moderate drizzle,Brentford_2026-01-25 00:00:00,Brentford Community Stadium
6.900000095367432,82.06330871582031,2.8622543811798096,0.0,Moderate drizzle,Moderate drizzle,Crystal Palace_2026-01-25 00:00:00,Selhurst Park
4.099999904632568,81.9859848022461,5.570682525634766,0.0,Light drizzle,Light drizzle,Everton_2026-01-26 00:00:00,Goodison Park
7.25,87.12217712402344,4.250294208526611,0.0,Slight rain,Slight rain,Wolves_2026-01-31 00:00:00,Molineux Stadium
7.5,87.146240234375,4.681079387664795,0.1000000014901161,Slight rain,Slight rain,Liverpool_2026-01-31 00:00:00,Anfield
8.0,83.64630126953125,5.0,0.0,Slight rain,Slight rain,Brighton_2026-01-31 00:00:00,Falmer Stadium
8.699999809265137,80.32552337646484,2.8284270763397217,0.0,Moderate drizzle,Moderate drizzle,Chelsea_2026-01-31 00:00:00,Stamford Bridge
8.100000381469727,76.67845916748047,3.75,0.0,Dense drizzle,Dense drizzle,Leeds_2026-01-31 00:00:00,Elland Road
8.300000190734863,86.32543182373047,1.167261838912964,0.3000000119209289,Moderate drizzle,Moderate drizzle,Man United_2026-02-01 00:00:00,Old Trafford
7.25,91.45197296142578,0.9219544529914856,0.2000000029802322,Moderate drizzle,Moderate drizzle,Aston Villa_2026-02-01 00:00:00,Villa Park
8.149999618530273,89.02985382080078,1.5041608810424805,0.2000000029802322,Light drizzle,Light drizzle,Nott'm Forest_2026-02-01 00:00:00,City Ground
7.75,92.11611938476562,1.9912307262420648,0.3000000119209289,Moderate drizzle,Moderate drizzle,Tottenham_2026-02-01 00:00:00,Tottenham Hotspur Stadium
5.449999809265137,86.6409912109375,6.792827129364014,0.2000000029802322,Moderate drizzle,Moderate drizzle,Sunderland_2026-02-02 00:00:00,Stadium of Light
4.300000190734863,96.5527572631836,3.7161808013916016,0.4000000059604645,Moderate snow fall,Moderate snow fall,Leeds_2026-02-06 00:00:00,Elland Road
10.149999618530272,83.04597473144531,3.6667425632476807,0.0,Dense drizzle,Dense drizzle,Fulham_2026-02-07 00:00:00,Craven Cottage
9.0,86.10028839111328,3.265348434448242,0.1000000014901161,Heavy rain,Heavy rain,Man United_2026-02-07 00:00:00,Old Trafford
10.050000190734863,83.60297393798828,3.658551692962648,0.0,Dense drizzle,Dense drizzle,Arsenal_2026-02-07 00:00:00,Emirates Stadium
8.899999618530273,85.79483795166016,5.121035099029541,0.1000000014901161,Moderate rain,Moderate rain,Wolves_2026-02-07 00:00:00,Molineux Stadium
7.25,91.13651275634766,3.736308097839356,0.0,Light drizzle,Light drizzle,Newcastle_2026-02-07 00:00:00,St. James' Park
7.404000282287598,95.9757080078125,4.952019691467285,0.0,Slight rain,Slight rain,Burnley_2026-02-07 00:00:00,Turf Moor
10.350500106811523,83.35416412353516,7.256031990051269,0.0,Slight rain,Slight rain,Bournemouth_2026-02-07 00:00:00,Vitality Stadium
8.899999618530273,89.702880859375,4.341659069061279,0.1000000014901161,Moderate drizzle,Moderate drizzle,Brighton_2026-02-08 00:00:00,Falmer Stadium
9.5,80.43762969970703,3.265348434448242,0.699999988079071,Moderate drizzle,Moderate drizzle,Liverpool_2026-02-08 00:00:00,Anfield
10.199999809265137,92.26223754882812,2.750454425811768,1.2000000476837158,Slight rain,Slight rain,Chelsea_2026-02-10 00:00:00,Stamford Bridge
10.350000381469728,89.2094955444336,2.8017852306365967,0.3000000119209289,Slight rain,Slight rain,Tottenham_2026-02-10 00:00:00,Tottenham Hotspur Stadium
10.399999618530272,89.5154800415039,2.8040149211883545,0.4000000059604645,Slight rain,Slight rain,West Ham_2026-02-10 00:00:00,London Stadium
8.399999618530273,84.8591079711914,3.922371864318848,0.0,Slight rain,Slight rain,Everton_2026-02-10 00:00:00,Goodison Park
10.0,87.08670806884766,1.2854959964752195,0.4000000059604645,Slight rain,Slight rain,Man City_2026-02-11 00:00:00,Etihad Stadium
10.699999809265137,77.09794616699219,3.662307977676392,0.1000000014901161,Slight rain,Slight rain,Crystal Palace_2026-02-11 00:00:00,Selhurst Park
6.050000190734863,95.26921081542967,6.5654401779174805,1.600000023841858,Slight rain,Slight rain,Sunderland_2026-02-11 00:00:00,Stadium of Light
9.699999809265137,81.85987854003906,2.977414846420288,0.2000000029802322,Slight rain,Slight rain,Aston Villa_2026-02-11 00:00:00,Villa Park
9.600000381469728,90.36891174316406,4.035467624664307,0.1000000014901161,Moderate rain,Moderate rain,Nott'm Forest_2026-02-11 00:00:00,City Ground
8.550000190734863,93.11311340332033,3.496068954467773,0.699999988079071,Slight rain,Slight rain,Brentford_2026-02-12 00:00:00,Brentford Community Stadium
4.199999809265137,68.16773986816406,7.1317949295043945,0.0,Moderate snow fall,Moderate snow fall,Wolves_2026-02-18 00:00:00,Molineux Stadium
12.850000381469728,87.35491943359375,4.1620306968688965,0.0,Dense drizzle,Dense drizzle,West Ham_2026-02-21 00:00:00,London Stadium
13.0,87.65929412841797,3.975550174713135,0.0,Dense drizzle,Dense drizzle,Chelsea_2026-02-21 00:00:00,Stamford Bridge
12.050000190734863,88.16020965576172,4.8088459968566895,0.3000000119209289,Moderate drizzle,Moderate drizzle,Aston Villa_2026-02-21 00:00:00,Villa Park
13.149999618530272,87.38268280029297,4.078296184539795,0.0,Dense drizzle,Dense drizzle,Brentford_2026-02-21 00:00:00,Brentford Community Stadium
11.350000381469728,86.33861541748047,3.514612436294556,1.5,Slight rain,Slight rain,Man City_2026-02-21 00:00:00,Etihad Stadium
12.699999809265137,73.0818099975586,4.753945827484131,0.0,Moderate drizzle,Moderate drizzle,Tottenham_2026-02-22 00:00:00,Tottenham Hotspur Stadium
10.899999618530272,64.65372467041016,4.6824140548706055,0.0,Light drizzle,Light drizzle,Sunderland_2026-02-22 00:00:00,Stadium of Light
13.050000190734863,71.42781829833984,4.11400032043457,0.0,Moderate drizzle,Moderate drizzle,Crystal Palace_2026-02-22 00:00:00,Selhurst Park
12.0,66.26154327392578,6.092618465423584,0.0,Light drizzle,Light drizzle,Nott'm Forest_2026-02-22 00:00:00,City Ground
9.949999809265137,90.08863830566406,3.845126867294312,0.5,Moderate drizzle,Moderate drizzle,Everton_2026-02-23 00:00:00,Goodison Park
9.199999809265137,87.30809783935547,2.550490140914917,0.1000000014901161,Moderate rain,Moderate rain,Wolves_2026-02-27 00:00:00,Molineux Stadium
7.199999809265137,59.35528945922852,2.109502077102661,0.0,Moderate snow fall,Moderate snow fall,Liverpool_2026-02-28 00:00:00,Anfield
7.0,74.09877014160156,1.7507141828536987,0.2000000029802322,Moderate drizzle,Moderate drizzle,Newcastle_2026-02-28 00:00:00,St. James' Park
9.500499725341797,60.78775024414063,5.099019527435303,0.0,Moderate rain,Moderate rain,Bournemouth_2026-02-28 00:00:00,Vitality Stadium
6.154000282287598,65.91133880615234,4.43001127243042,0.0,Slight snow fall,Slight snow fall,Burnley_2026-02-28 00:00:00,Turf Moor
7.099999904632568,70.7709732055664,2.853944540023804,0.0,Light drizzle,Light drizzle,Leeds_2026-02-28 00:00:00,Elland Road
10.600000381469728,89.22962951660156,7.256031990051269,0.0,Moderate drizzle,Moderate drizzle,Brighton_2026-03-01 00:00:00,Falmer Stadium
12.149999618530272,80.2590560913086,4.85231876373291,0.0,Light drizzle,Light drizzle,Arsenal_2026-03-01 00:00:00,Emirates Stadium
12.300000190734863,74.77020263671875,4.143670082092285,0.4000000059604645,Moderate drizzle,Moderate drizzle,Man United_2026-03-01 00:00:00,Old Trafford
12.050000190734863,81.6107406616211,4.540099143981934,0.0,Light drizzle,Light drizzle,Fulham_2026-03-01 00:00:00,Craven Cottage
10.649999618530272,66.6622543334961,2.7060117721557617,0.0,Light drizzle,Light drizzle,Wolves_2026-03-03 00:00:00,Molineux Stadium
13.100500106811523,72.90666961669922,2.95042371749878,0.0,Overcast,Overcast,Bournemouth_2026-03-03 00:00:00,Vitality Stadium
9.699999809265137,59.33993148803711,1.9137659072875977,0.0,Overcast,Overcast,Leeds_2026-03-03 00:00:00,Elland Road
11.100000381469728,57.820613861083984,2.3436083793640137,0.0,Overcast,Overcast,Everton_2026-03-03 00:00:00,Goodison Park
11.850000381469728,72.18220520019531,3.386000633239746,0.0,Mainly clear,Mainly clear,Newcastle_2026-03-04 00:00:00,St. James' Park
13.25,77.75989532470703,2.438236951828003,0.0,Overcast,Overcast,Fulham_2026-03-04 00:00:00,Craven Cottage
13.399999618530272,69.57872009277344,2.944910764694214,0.0,Overcast,Overcast,Man City_2026-03-04 00:00:00,Etihad Stadium
12.949999809265137,71.652099609375,3.8832974433898926,0.0,Overcast,Overcast,Brighton_2026-03-04 00:00:00,Falmer Stadium
12.5,77.64411926269531,2.9410884380340576,0.0,Overcast,Overcast,Aston Villa_2026-03-04 00:00:00,Villa Park
15.699999809265137,65.71180725097656,2.865746021270752,0.0,Overcast,Overcast,Tottenham_2026-03-05 00:00:00,Tottenham Hotspur Stadium
8.949999809265137,52.32088088989258,3.9458839893341056,0.0,Light drizzle,Light drizzle,Sunderland_2026-03-14 00:00:00,Stadium of Light
9.949999809265137,43.3553466796875,3.370830535888672,0.0,Slight snow fall,Slight snow fall,Arsenal_2026-03-14 00:00:00,Emirates Stadium
6.953999996185303,63.98151397705078,4.9307708740234375,0.0,Light drizzle,Light drizzle,Burnley_2026-03-14 00:00:00,Turf Moor
10.149999618530272,41.22851943969727,3.162672996520996,0.0,Slight snow fall,Slight snow fall,Chelsea_2026-03-14 00:00:00,Stamford Bridge
10.100000381469728,42.92253112792969,3.439840078353882,0.0,Moderate snow fall,Moderate snow fall,West Ham_2026-03-14 00:00:00,London Stadium
8.350000381469727,89.0463638305664,5.934011936187744,1.2999999523162842,Slight rain,Slight rain,Nott'm Forest_2026-03-15 00:00:00,City Ground
8.149999618530273,79.41334533691406,4.92544412612915,0.2000000029802322,Slight snow fall,Slight snow fall,Man United_2026-03-15 00:00:00,Old Trafford
7.949999809265137,76.38555145263672,6.776614189147949,0.0,Moderate snow fall,Moderate snow fall,Liverpool_2026-03-15 00:00:00,Anfield
9.800000190734863,80.47943115234375,6.596400737762451,0.1000000014901161,Moderate drizzle,Moderate drizzle,Crystal Palace_2026-03-15 00:00:00,Selhurst Park
11.100000381469728,70.32231903076172,3.92173433303833,0.0,Light drizzle,Light drizzle,Brentford_2026-03-16 00:00:00,Brentford Community Stadium
13.20050048828125,71.21414947509766,1.9499999284744263,0.0,Overcast,Overcast,Bournemouth_2026-03-20 00:00:00,Vitality Stadium
12.25,48.51469039916992,1.8179658651351929,0.0,Overcast,Overcast,Fulham_2026-03-21 00:00:00,Craven Cottage
13.600000381469727,65.25418090820312,0.9300537705421448,0.0,Overcast,Overcast,Leeds_2026-03-21 00:00:00,Elland Road
13.5,70.550048828125,0.8746427893638611,0.0,Overcast,Overcast,Everton_2026-03-21 00:00:00,Goodison Park
11.75,58.59947204589844,2.9364094734191895,0.0,Overcast,Overcast,Brighton_2026-03-21 00:00:00,Falmer Stadium
11.550000190734863,75.66829681396484,3.4033069610595703,0.0,Overcast,Overcast,Newcastle_2026-03-22 00:00:00,St. James' Park
11.25,66.32882690429688,1.5033296346664429,0.0,Overcast,Overcast,Tottenham_2026-03-22 00:00:00,Tottenham Hotspur Stadium
12.199999809265137,69.33867645263672,2.1708292961120605,0.0,Overcast,Overcast,Aston Villa_2026-03-22 00:00:00,Villa Park
